-- --------------------------------------------------------
-- Host:                         127.0.0.1
-- Server version:               8.0.30 - MySQL Community Server - GPL
-- Server OS:                    Win64
-- HeidiSQL Version:             12.1.0.6537
-- --------------------------------------------------------

/*!40101 SET @OLD_CHARACTER_SET_CLIENT=@@CHARACTER_SET_CLIENT */;
/*!40101 SET NAMES utf8 */;
/*!50503 SET NAMES utf8mb4 */;
/*!40103 SET @OLD_TIME_ZONE=@@TIME_ZONE */;
/*!40103 SET TIME_ZONE='+00:00' */;
/*!40014 SET @OLD_FOREIGN_KEY_CHECKS=@@FOREIGN_KEY_CHECKS, FOREIGN_KEY_CHECKS=0 */;
/*!40101 SET @OLD_SQL_MODE=@@SQL_MODE, SQL_MODE='NO_AUTO_VALUE_ON_ZERO' */;
/*!40111 SET @OLD_SQL_NOTES=@@SQL_NOTES, SQL_NOTES=0 */;

-- Dumping structure for table noval.akun_belanja
CREATE TABLE IF NOT EXISTS `akun_belanja` (
  `idakun_belanja` int NOT NULL AUTO_INCREMENT,
  `no_rekening_akunbelanja` varchar(50) DEFAULT NULL,
  `nama_akun_belanja` varchar(200) DEFAULT NULL,
  `is_active` int DEFAULT '1',
  `created` datetime DEFAULT NULL,
  `createdby` varchar(50) DEFAULT NULL,
  `updated` datetime DEFAULT NULL,
  `updatedby` varchar(50) DEFAULT NULL,
  `status` int DEFAULT '1',
  PRIMARY KEY (`idakun_belanja`) USING BTREE,
  KEY `is_active` (`is_active`) USING BTREE,
  KEY `status` (`status`) USING BTREE,
  KEY `no_rekening_urusan` (`no_rekening_akunbelanja`) USING BTREE,
  KEY `nama_urusan` (`nama_akun_belanja`) USING BTREE
) ENGINE=InnoDB AUTO_INCREMENT=11 DEFAULT CHARSET=utf8mb4 COLLATE=utf8mb4_0900_ai_ci ROW_FORMAT=DYNAMIC;

-- Dumping data for table noval.akun_belanja: ~10 rows (approximately)
INSERT INTO `akun_belanja` (`idakun_belanja`, `no_rekening_akunbelanja`, `nama_akun_belanja`, `is_active`, `created`, `createdby`, `updated`, `updatedby`, `status`) VALUES
	(1, '5.1.02.01.01.0024', 'Belanja Alat/Bahan untuk Kegiatan Kantor-Alat Tulis Kantor', 1, '2025-08-25 09:08:14', 'superadmin', '2025-08-25 09:08:14', 'superadmin', 1),
	(2, '5.2.02.07.01.0001', 'Belanja Modal Alat Kedokteran Umum', 1, '2025-08-25 09:08:50', 'superadmin', '2025-08-25 09:08:50', 'superadmin', 1),
	(3, '5.1.02.99.99.9999', 'Belanja Barang dan Jasa BLUD', 1, '2025-08-25 09:50:56', 'superadmin', '2025-08-25 09:50:56', 'superadmin', 1),
	(4, '5.2.02.99.99.9999', 'Belanja Modal Peralatan dan Mesin BLUD', 1, '2025-08-26 08:16:04', 'superadmin', '2025-08-26 08:16:04', 'superadmin', 1),
	(5, '5.2.03.99.99.9999', 'Belanja Modal Gedung dan Bangunan BLUD', 1, '2025-08-26 08:17:21', 'superadmin', '2025-08-26 08:17:21', 'superadmin', 1),
	(6, '5.2.04.99.99.9999', 'Belanja Modal Jalan, Jaringan, dan Irigasi BLUD', 1, '2025-08-26 08:18:08', 'superadmin', '2025-08-26 08:18:08', 'superadmin', 1),
	(7, '5.2.02.07.01.0010', 'Belanja Modal Alat Kedokteran Anak', 1, '2025-08-26 08:19:32', 'superadmin', '2025-08-26 08:19:32', 'superadmin', 1),
	(8, '5.2.02.07.01.0014', 'Belanja Modal Alat Kedokteran Jantung', 1, '2025-08-26 08:20:24', 'superadmin', '2025-08-26 08:20:24', 'superadmin', 1),
	(9, '5.2.02.07.01.0015', 'Belanja Modal Alat Kedokteran Radiodiagnostic', 1, '2025-08-26 08:21:43', 'superadmin', '2025-08-26 08:21:43', 'superadmin', 1),
	(10, '5.2.02.07.01.0024', 'Belanja Modal Alat Kedokteran ICU', 1, '2025-08-26 08:22:34', 'superadmin', '2025-08-26 08:22:34', 'superadmin', 1);

-- Dumping structure for table noval.bidang_urusan
CREATE TABLE IF NOT EXISTS `bidang_urusan` (
  `idbidang_urusan` int NOT NULL AUTO_INCREMENT,
  `no_rekening_bidang_urusan` varchar(50) DEFAULT NULL,
  `nama_bidang_urusan` varchar(200) DEFAULT NULL,
  `idurusan_pemerintah` int DEFAULT NULL,
  `is_active` int DEFAULT '1',
  `created` datetime DEFAULT NULL,
  `createdby` varchar(50) DEFAULT NULL,
  `updated` datetime DEFAULT NULL,
  `updatedby` varchar(50) DEFAULT NULL,
  `status` int DEFAULT '1',
  PRIMARY KEY (`idbidang_urusan`) USING BTREE,
  KEY `is_active` (`is_active`) USING BTREE,
  KEY `status` (`status`) USING BTREE,
  KEY `no_rekening_urusan` (`no_rekening_bidang_urusan`) USING BTREE,
  KEY `nama_urusan` (`nama_bidang_urusan`) USING BTREE,
  KEY `tahun_anggaran_urusan` (`idurusan_pemerintah`) USING BTREE
) ENGINE=InnoDB AUTO_INCREMENT=2 DEFAULT CHARSET=utf8mb4 COLLATE=utf8mb4_0900_ai_ci ROW_FORMAT=DYNAMIC;

-- Dumping data for table noval.bidang_urusan: ~1 rows (approximately)
INSERT INTO `bidang_urusan` (`idbidang_urusan`, `no_rekening_bidang_urusan`, `nama_bidang_urusan`, `idurusan_pemerintah`, `is_active`, `created`, `createdby`, `updated`, `updatedby`, `status`) VALUES
	(1, '02', 'URUSAN PEMERINTAHAN BIDANG KESEHATAN', 1, 1, '2025-08-25 08:14:14', 'superadmin', '2025-12-16 15:22:27', 'ppa', 1);

-- Dumping structure for table noval.budget_realization
CREATE TABLE IF NOT EXISTS `budget_realization` (
  `idbudget_realization` int NOT NULL AUTO_INCREMENT,
  `realization_date` datetime DEFAULT NULL,
  `realization_code` varchar(50) CHARACTER SET utf8mb4 COLLATE utf8mb4_unicode_ci DEFAULT NULL,
  `realization_status` varchar(50) CHARACTER SET utf8mb4 COLLATE utf8mb4_unicode_ci DEFAULT NULL,
  `updated_status` datetime DEFAULT NULL,
  `realization_description` text CHARACTER SET utf8mb4 COLLATE utf8mb4_unicode_ci,
  `log_date_description` datetime DEFAULT NULL COMMENT 'untuk catat perubahan pengisian keterangan verifikasi',
  `total_realization` double DEFAULT NULL,
  `iduser_created` bigint DEFAULT NULL,
  `created` datetime DEFAULT NULL,
  `createdby` varchar(50) CHARACTER SET utf8mb4 COLLATE utf8mb4_unicode_ci DEFAULT NULL,
  `updated` datetime DEFAULT NULL,
  `updatedby` varchar(50) CHARACTER SET utf8mb4 COLLATE utf8mb4_unicode_ci DEFAULT NULL,
  `status` int DEFAULT '1',
  PRIMARY KEY (`idbudget_realization`),
  KEY `realization_date` (`realization_date`),
  KEY `realization_code` (`realization_code`),
  KEY `realization_status` (`realization_status`),
  KEY `updated_status` (`updated_status`),
  KEY `total_realization` (`total_realization`),
  KEY `iduser_created` (`iduser_created`),
  KEY `status` (`status`)
) ENGINE=InnoDB AUTO_INCREMENT=16 DEFAULT CHARSET=utf8mb4 COLLATE=utf8mb4_unicode_ci;

-- Dumping data for table noval.budget_realization: ~9 rows (approximately)
INSERT INTO `budget_realization` (`idbudget_realization`, `realization_date`, `realization_code`, `realization_status`, `updated_status`, `realization_description`, `log_date_description`, `total_realization`, `iduser_created`, `created`, `createdby`, `updated`, `updatedby`, `status`) VALUES
	(7, '2025-12-31 17:41:18', 'AP202512310001', 'SUDAH DIVERIFIKASI', '2025-12-31 18:09:17', NULL, NULL, 500000, 11, '2025-12-31 17:43:14', 'realisasi', '2025-12-31 18:09:18', 'verifikator', 1),
	(8, '2025-12-31 17:44:37', 'AP202512310002', 'MENUNGGU VERIFIKASI', NULL, NULL, NULL, 3500000, 11, '2025-12-31 17:45:33', 'realisasi', '2025-12-31 17:47:41', 'realisasi', 0),
	(9, '2025-12-31 17:47:42', 'AP202512310003', 'DITOLAK VERIFIKATOR', '2025-12-31 18:15:22', 'dokumen belum ada', NULL, 3500000, 11, '2025-12-31 17:48:10', 'realisasi', '2025-12-31 18:15:22', 'verifikator', 1),
	(10, '2025-12-31 17:48:17', 'AP202512310004', 'INPUT NPD', '2025-12-31 18:13:48', 'dokumen belum diterima', '2025-12-31 18:13:05', 47000000, 11, '2025-12-31 17:48:35', 'realisasi', '2025-12-31 18:13:48', 'verifikator', 1),
	(11, '2025-12-31 17:50:36', 'AP202512310005', 'MENUNGGU VERIFIKASI', NULL, NULL, NULL, 5000000, 11, '2025-12-31 17:51:06', 'realisasi', '2025-12-31 17:51:07', 'realisasi', 1),
	(12, '2025-12-31 18:30:51', 'AP202512310006', 'INPUT NPD', '2025-12-31 18:31:38', NULL, NULL, 100000000, 2, '2025-12-31 18:31:22', 'superadmin', '2025-12-31 18:31:39', 'superadmin', 1),
	(13, '2025-12-31 18:33:55', 'AP202512310007', 'MENUNGGU PEMBAYARAN', '2025-12-31 18:35:50', NULL, NULL, 72000000, 2, '2025-12-31 18:34:13', 'superadmin', '2025-12-31 18:35:51', 'superadmin', 1),
	(14, '2025-12-31 18:34:32', 'AP202512310008', 'SUDAH DIBAYAR BENDAHARA', '2025-12-31 18:35:57', NULL, NULL, 108000000, 2, '2025-12-31 18:35:10', 'superadmin', '2025-12-31 18:35:58', 'superadmin', 1),
	(15, '2025-12-31 18:35:16', 'AP202512310009', 'SUDAH DIBAYAR BENDAHARA', '2025-12-31 18:36:02', NULL, NULL, 86400000, 2, '2025-12-31 18:35:35', 'superadmin', '2025-12-31 18:36:03', 'superadmin', 1);

-- Dumping structure for table noval.budget_realization_detail
CREATE TABLE IF NOT EXISTS `budget_realization_detail` (
  `idbudget_realization_detail` bigint NOT NULL AUTO_INCREMENT,
  `idbudget_realization` int DEFAULT NULL,
  `idcontract_detail` int DEFAULT NULL,
  `idpurchase_plan_detail` int DEFAULT NULL,
  `provider` varchar(50) CHARACTER SET utf8mb4 COLLATE utf8mb4_unicode_ci DEFAULT NULL COMMENT 'penyedia',
  `idsub_kategori` int DEFAULT NULL COMMENT 'uraian',
  `idruang` int DEFAULT NULL COMMENT 'id ruang',
  `training_name` varchar(50) CHARACTER SET utf8mb4 COLLATE utf8mb4_unicode_ci DEFAULT NULL COMMENT 'nama pelatihan',
  `volume` double DEFAULT NULL,
  `male` double DEFAULT NULL,
  `female` double DEFAULT NULL,
  `unit_price` double DEFAULT NULL COMMENT 'harga satuan',
  `ppn` double DEFAULT NULL,
  `pph` double DEFAULT NULL,
  `total_realization_detail` double DEFAULT NULL COMMENT 'total per detail',
  `realization_detail_description` text CHARACTER SET utf8mb4 COLLATE utf8mb4_unicode_ci,
  `created` datetime DEFAULT NULL,
  `createdby` varchar(50) CHARACTER SET utf8mb4 COLLATE utf8mb4_unicode_ci DEFAULT NULL,
  `updated` datetime DEFAULT NULL,
  `updatedby` varchar(50) CHARACTER SET utf8mb4 COLLATE utf8mb4_unicode_ci DEFAULT NULL,
  `status` int DEFAULT '1',
  PRIMARY KEY (`idbudget_realization_detail`),
  KEY `idbudget_realization` (`idbudget_realization`),
  KEY `provider` (`provider`),
  KEY `idsub_kategori` (`idsub_kategori`),
  KEY `idruang` (`idruang`),
  KEY `training_name` (`training_name`),
  KEY `volume` (`volume`),
  KEY `male` (`male`),
  KEY `female` (`female`),
  KEY `unit_price` (`unit_price`),
  KEY `ppn` (`ppn`),
  KEY `pph` (`pph`),
  KEY `total_realization_detail` (`total_realization_detail`),
  KEY `status` (`status`),
  KEY `idcontract_detail` (`idcontract_detail`),
  KEY `idpurchase_plan_detail` (`idpurchase_plan_detail`),
  CONSTRAINT `FK_budget_realization_detail_budget_realization` FOREIGN KEY (`idbudget_realization`) REFERENCES `budget_realization` (`idbudget_realization`) ON DELETE CASCADE ON UPDATE CASCADE
) ENGINE=InnoDB AUTO_INCREMENT=19 DEFAULT CHARSET=utf8mb4 COLLATE=utf8mb4_unicode_ci;

-- Dumping data for table noval.budget_realization_detail: ~12 rows (approximately)
INSERT INTO `budget_realization_detail` (`idbudget_realization_detail`, `idbudget_realization`, `idcontract_detail`, `idpurchase_plan_detail`, `provider`, `idsub_kategori`, `idruang`, `training_name`, `volume`, `male`, `female`, `unit_price`, `ppn`, `pph`, `total_realization_detail`, `realization_detail_description`, `created`, `createdby`, `updated`, `updatedby`, `status`) VALUES
	(7, 7, 13, 26, 'edsel', 311, NULL, NULL, 10, 5, 5, 15000, NULL, NULL, 150000, 'kue kotak untuk kegiatan RS Pendidikan', '2025-12-31 17:43:14', 'realisasi', '2025-12-31 17:43:15', 'realisasi', 1),
	(8, 7, 13, 27, 'edsel', 313, NULL, NULL, 10, 5, 5, 35000, NULL, NULL, 350000, 'nasi kotak untuk kegiatan RS Pendidikan', '2025-12-31 17:44:03', 'realisasi', '2025-12-31 17:44:04', 'realisasi', 1),
	(9, 8, 14, 31, '-', 317, NULL, NULL, 1, NULL, NULL, 3500000, NULL, NULL, 3500000, 'lemari kaca untuk arsipp', '2025-12-31 17:45:33', 'realisasi', '2025-12-31 17:47:00', 'realisasi', 0),
	(10, 8, 14, 31, '-', 317, NULL, NULL, 1, NULL, NULL, 3500000, NULL, NULL, 3500000, 'lemari kaca untuk arsip', '2025-12-31 17:47:26', 'realisasi', '2025-12-31 17:47:27', 'realisasi', 1),
	(11, 9, 14, 31, '-', 317, NULL, NULL, 1, NULL, NULL, 3500000, NULL, NULL, 3500000, 'lemari kaca untuk arsip', '2025-12-31 17:48:10', 'realisasi', '2025-12-31 17:48:11', 'realisasi', 1),
	(12, 10, 12, 24, '-', 317, NULL, NULL, 2, NULL, NULL, 3500000, NULL, NULL, 7000000, 'lemari', '2025-12-31 17:48:35', 'realisasi', '2025-12-31 17:48:36', 'realisasi', 1),
	(13, 10, 12, 25, '-', 318, NULL, NULL, 1, NULL, NULL, 40000000, NULL, NULL, 40000000, NULL, '2025-12-31 17:48:47', 'realisasi', '2025-12-31 17:48:47', 'realisasi', 1),
	(14, 11, 6, 37, '-', 1079, NULL, 'Diklat evaluasi blud', 5, 2, 3, 1000000, NULL, NULL, 5000000, NULL, '2025-12-31 17:51:06', 'realisasi', '2025-12-31 17:51:06', 'realisasi', 1),
	(15, 12, 15, 38, '-', 1078, NULL, NULL, 1, NULL, NULL, 100000000, NULL, NULL, 100000000, 'penyusunan dokumen studi kelayakan', '2025-12-31 18:31:22', 'superadmin', '2025-12-31 18:31:23', 'superadmin', 1),
	(16, 13, 16, 39, '-', 1059, NULL, NULL, 100, 40, 60, 720000, NULL, NULL, 72000000, 'Seragam Pelayanan lk. 40, pr. 60', '2025-12-31 18:34:13', 'superadmin', '2025-12-31 18:34:28', 'superadmin', 1),
	(17, 14, 17, 40, '-', 1059, NULL, NULL, 150, 80, 70, 720000, NULL, NULL, 108000000, 'Seragam Pelayanan lk.80, pr.70', '2025-12-31 18:35:10', 'superadmin', '2025-12-31 18:35:11', 'superadmin', 1),
	(18, 15, 18, 41, '-', 1059, NULL, NULL, 120, 60, 60, 720000, NULL, NULL, 86400000, 'Seragam Pelayanan lk.60, pr.60', '2025-12-31 18:35:35', 'superadmin', '2025-12-31 18:35:35', 'superadmin', 1);

-- Dumping structure for table noval.config
CREATE TABLE IF NOT EXISTS `config` (
  `idconfig` int NOT NULL AUTO_INCREMENT,
  `key` varchar(200) DEFAULT NULL,
  `value` text,
  `type` varchar(50) DEFAULT 'text',
  `created` datetime DEFAULT NULL,
  `createdby` varchar(50) DEFAULT NULL,
  `updated` datetime DEFAULT NULL,
  `updatedby` varchar(50) DEFAULT NULL,
  `status` int DEFAULT '1',
  PRIMARY KEY (`idconfig`)
) ENGINE=InnoDB AUTO_INCREMENT=6 DEFAULT CHARSET=latin1;

-- Dumping data for table noval.config: ~5 rows (approximately)
INSERT INTO `config` (`idconfig`, `key`, `value`, `type`, `created`, `createdby`, `updated`, `updatedby`, `status`) VALUES
	(1, 'app_name', 'NoVaL', 'text', '2022-04-04 02:02:19', NULL, '2022-04-04 02:02:19', NULL, 1),
	(2, 'PPTK', 'dr. LUCKY MURNIASIH FITRI IKA MUHERI', 'text', NULL, NULL, NULL, NULL, 1),
	(3, 'nomor_DPA', 'DPA/A.1/1.02.0.00.0.00.01.0000/001/2025', 'text', NULL, NULL, NULL, NULL, 1),
	(4, 'tahun_anggaran', '2025', 'text', NULL, NULL, NULL, NULL, 1),
	(5, 'kode_surat_NPD', '900', 'text', NULL, NULL, NULL, NULL, 1);

-- Dumping structure for table noval.config_app
CREATE TABLE IF NOT EXISTS `config_app` (
  `idconfig_app` int NOT NULL AUTO_INCREMENT,
  `key` varchar(200) DEFAULT NULL,
  `value` varchar(400) DEFAULT NULL,
  `created` datetime DEFAULT NULL,
  `createdby` varchar(50) DEFAULT NULL,
  `updated` datetime DEFAULT NULL,
  `updatedby` varchar(50) DEFAULT NULL,
  `status` int DEFAULT '1',
  PRIMARY KEY (`idconfig_app`)
) ENGINE=InnoDB AUTO_INCREMENT=2 DEFAULT CHARSET=latin1;

-- Dumping data for table noval.config_app: ~1 rows (approximately)
INSERT INTO `config_app` (`idconfig_app`, `key`, `value`, `created`, `createdby`, `updated`, `updatedby`, `status`) VALUES
	(1, 'disk_space', '20000', '2018-08-29 09:51:31', NULL, '2018-08-29 09:51:31', NULL, 1);

-- Dumping structure for table noval.contract
CREATE TABLE IF NOT EXISTS `contract` (
  `idcontract` int NOT NULL AUTO_INCREMENT,
  `contract_date` datetime DEFAULT NULL,
  `contract_code` varchar(50) CHARACTER SET utf8mb4 COLLATE utf8mb4_unicode_ci DEFAULT NULL,
  `contract_status` varchar(50) CHARACTER SET utf8mb4 COLLATE utf8mb4_unicode_ci DEFAULT NULL,
  `updated_status` datetime DEFAULT NULL,
  `iduser_created` bigint DEFAULT NULL,
  `contract_spt` varchar(200) CHARACTER SET utf8mb4 COLLATE utf8mb4_unicode_ci DEFAULT NULL,
  `contract_invitation_number` varchar(200) CHARACTER SET utf8mb4 COLLATE utf8mb4_unicode_ci DEFAULT NULL,
  `contract_sp` varchar(200) CHARACTER SET utf8mb4 COLLATE utf8mb4_unicode_ci DEFAULT NULL,
  `contract_spk` varchar(200) CHARACTER SET utf8mb4 COLLATE utf8mb4_unicode_ci DEFAULT NULL,
  `contract_honor` varchar(200) CHARACTER SET utf8mb4 COLLATE utf8mb4_unicode_ci DEFAULT NULL,
  `created` datetime DEFAULT NULL,
  `createdby` varchar(50) CHARACTER SET utf8mb4 COLLATE utf8mb4_unicode_ci DEFAULT NULL,
  `updated` datetime DEFAULT NULL,
  `updatedby` varchar(50) CHARACTER SET utf8mb4 COLLATE utf8mb4_unicode_ci DEFAULT NULL,
  `status` int DEFAULT '1',
  PRIMARY KEY (`idcontract`),
  KEY `contract_date` (`contract_date`),
  KEY `contract_code` (`contract_code`),
  KEY `contract_status` (`contract_status`),
  KEY `updated_status` (`updated_status`),
  KEY `contract_spt` (`contract_spt`),
  KEY `contract_invitation_number` (`contract_invitation_number`),
  KEY `contract_sp` (`contract_sp`),
  KEY `contract_spk` (`contract_spk`),
  KEY `contract_honor` (`contract_honor`),
  KEY `status` (`status`),
  KEY `iduser_created` (`iduser_created`)
) ENGINE=InnoDB AUTO_INCREMENT=17 DEFAULT CHARSET=utf8mb4 COLLATE=utf8mb4_unicode_ci;

-- Dumping data for table noval.contract: ~12 rows (approximately)
INSERT INTO `contract` (`idcontract`, `contract_date`, `contract_code`, `contract_status`, `updated_status`, `iduser_created`, `contract_spt`, `contract_invitation_number`, `contract_sp`, `contract_spk`, `contract_honor`, `created`, `createdby`, `updated`, `updatedby`, `status`) VALUES
	(5, '2025-12-31 17:26:39', 'PC202512310001', 'MENUNGGU VERIFIKASI', NULL, 10, NULL, NULL, '123465', NULL, 'TIDAK', '2025-12-31 17:27:05', 'kontrak', '2025-12-31 17:27:27', 'kontrak', 1),
	(6, '2025-12-31 17:28:58', 'PC202512310002', 'KONTRAK PENGADAAN', NULL, 10, NULL, NULL, NULL, '4567812', 'TIDAK', '2025-12-31 17:29:07', 'kontrak', '2025-12-31 17:30:11', 'kontrak', 0),
	(7, '2025-12-31 17:30:50', 'PC202512310003', 'KONTRAK PENGADAAN', NULL, 10, NULL, NULL, '12346', NULL, 'TIDAK', '2025-12-31 17:30:45', 'kontrak', '2025-12-31 17:34:51', 'kontrak', 1),
	(8, '2025-12-31 17:31:01', 'PC202512310004', 'DRAFT', NULL, 10, NULL, NULL, NULL, NULL, NULL, '2025-12-31 17:31:01', 'kontrak', '2025-12-31 17:31:01', 'kontrak', 1),
	(9, '2025-12-31 17:31:31', 'PC202512310005', 'DRAFT', NULL, 10, NULL, NULL, NULL, NULL, NULL, '2025-12-31 17:31:31', 'kontrak', '2025-12-31 17:31:31', 'kontrak', 1),
	(10, '2025-12-31 17:35:06', 'PC202512310006', 'INPUT NPD', NULL, 10, '12346', NULL, NULL, NULL, 'TIDAK', '2025-12-31 17:35:17', 'kontrak', '2025-12-31 17:35:19', 'kontrak', 1),
	(11, '2025-12-31 17:35:54', 'PC202512310007', 'SUDAH DIVERIFIKASI', NULL, 10, NULL, NULL, NULL, '123123123', 'TIDAK', '2025-12-31 17:35:47', 'kontrak', '2025-12-31 17:35:56', 'kontrak', 1),
	(12, '2025-12-31 17:37:37', 'PC202512310008', 'DITOLAK VERIFIKATOR', NULL, 10, NULL, '12000', NULL, NULL, 'TIDAK', '2025-12-31 17:37:47', 'kontrak', '2025-12-31 17:37:49', 'kontrak', 1),
	(13, '2025-12-31 18:30:39', 'PC202512310009', 'INPUT NPD', NULL, 2, NULL, NULL, NULL, '123123123', 'TIDAK', '2025-12-31 18:30:46', 'superadmin', '2025-12-31 18:30:48', 'superadmin', 1),
	(14, '2025-12-31 18:33:21', 'PC202512310010', 'MENUNGGU PEMBAYARAN', NULL, 2, '345345', NULL, NULL, NULL, 'TIDAK', '2025-12-31 18:33:31', 'superadmin', '2025-12-31 18:33:32', 'superadmin', 1),
	(15, '2025-12-31 18:33:34', 'PC202512310011', 'SUDAH DIBAYAR BENDAHARA', NULL, 2, '25344', NULL, NULL, NULL, 'TIDAK', '2025-12-31 18:33:39', 'superadmin', '2025-12-31 18:33:41', 'superadmin', 1),
	(16, '2025-12-31 18:33:43', 'PC202512310012', 'SUDAH DIBAYAR BENDAHARA', NULL, 2, NULL, '458983', NULL, NULL, 'TIDAK', '2025-12-31 18:33:49', 'superadmin', '2025-12-31 18:33:51', 'superadmin', 1);

-- Dumping structure for table noval.contract_detail
CREATE TABLE IF NOT EXISTS `contract_detail` (
  `idcontract_detail` int NOT NULL AUTO_INCREMENT,
  `idcontract` int DEFAULT NULL,
  `idpurchase_plan` int DEFAULT NULL,
  `created` datetime DEFAULT NULL,
  `createdby` varchar(50) CHARACTER SET utf8mb4 COLLATE utf8mb4_unicode_ci DEFAULT NULL,
  `updated` datetime DEFAULT NULL,
  `updatedby` varchar(50) CHARACTER SET utf8mb4 COLLATE utf8mb4_unicode_ci DEFAULT NULL,
  `status` int DEFAULT '1',
  PRIMARY KEY (`idcontract_detail`),
  KEY `idcontract` (`idcontract`),
  KEY `idpurchase_plan` (`idpurchase_plan`),
  KEY `status` (`status`),
  CONSTRAINT `FK_contract_detail_contract` FOREIGN KEY (`idcontract`) REFERENCES `contract` (`idcontract`) ON DELETE CASCADE ON UPDATE CASCADE
) ENGINE=InnoDB AUTO_INCREMENT=19 DEFAULT CHARSET=utf8mb4 COLLATE=utf8mb4_unicode_ci;

-- Dumping data for table noval.contract_detail: ~13 rows (approximately)
INSERT INTO `contract_detail` (`idcontract_detail`, `idcontract`, `idpurchase_plan`, `created`, `createdby`, `updated`, `updatedby`, `status`) VALUES
	(6, 5, 22, '2025-12-31 17:27:05', 'kontrak', '2025-12-31 17:27:06', 'kontrak', 1),
	(7, 6, 21, '2025-12-31 17:29:07', 'kontrak', '2025-12-31 17:29:32', 'kontrak', 0),
	(8, 6, 21, '2025-12-31 17:29:37', 'kontrak', '2025-12-31 17:29:38', 'kontrak', 1),
	(9, 7, 21, '2025-12-31 17:30:45', 'kontrak', '2025-12-31 17:34:50', 'kontrak', 1),
	(10, 8, 20, '2025-12-31 17:31:01', 'kontrak', '2025-12-31 17:31:01', 'kontrak', 1),
	(11, 9, 20, '2025-12-31 17:31:31', 'kontrak', '2025-12-31 17:31:31', 'kontrak', 1),
	(12, 10, 14, '2025-12-31 17:35:17', 'kontrak', '2025-12-31 17:35:17', 'kontrak', 1),
	(13, 11, 15, '2025-12-31 17:35:47', 'kontrak', '2025-12-31 17:35:48', 'kontrak', 1),
	(14, 12, 19, '2025-12-31 17:37:47', 'kontrak', '2025-12-31 17:37:47', 'kontrak', 1),
	(15, 13, 23, '2025-12-31 18:30:46', 'superadmin', '2025-12-31 18:30:46', 'superadmin', 1),
	(16, 14, 24, '2025-12-31 18:33:31', 'superadmin', '2025-12-31 18:33:32', 'superadmin', 1),
	(17, 15, 25, '2025-12-31 18:33:39', 'superadmin', '2025-12-31 18:33:40', 'superadmin', 1),
	(18, 16, 26, '2025-12-31 18:33:49', 'superadmin', '2025-12-31 18:33:50', 'superadmin', 1);

-- Dumping structure for table noval.kategori
CREATE TABLE IF NOT EXISTS `kategori` (
  `idkategori` int NOT NULL AUTO_INCREMENT,
  `nama_kategori` varchar(200) DEFAULT NULL,
  `is_active` int DEFAULT '1',
  `created` datetime DEFAULT NULL,
  `createdby` varchar(50) DEFAULT NULL,
  `updated` datetime DEFAULT NULL,
  `updatedby` varchar(50) DEFAULT NULL,
  `status` int DEFAULT '1',
  PRIMARY KEY (`idkategori`) USING BTREE,
  KEY `is_active` (`is_active`) USING BTREE,
  KEY `status` (`status`) USING BTREE,
  KEY `nama_urusan` (`nama_kategori`) USING BTREE
) ENGINE=InnoDB AUTO_INCREMENT=58 DEFAULT CHARSET=utf8mb4 COLLATE=utf8mb4_0900_ai_ci ROW_FORMAT=DYNAMIC;

-- Dumping data for table noval.kategori: ~57 rows (approximately)
INSERT INTO `kategori` (`idkategori`, `nama_kategori`, `is_active`, `created`, `createdby`, `updated`, `updatedby`, `status`) VALUES
	(1, 'Alat Kedokteran Umum', 1, '2025-08-25 09:14:31', 'superadmin', '2025-08-25 09:14:31', 'superadmin', 1),
	(2, 'Alat kedokteran bedah', 1, '2025-08-25 13:12:15', 'superadmin', '2025-08-25 13:12:15', 'superadmin', 1),
	(3, 'Alat kedokteran nicu', 1, '2025-08-25 13:12:58', 'superadmin', '2025-08-25 13:12:58', 'superadmin', 1),
	(4, 'Alat kedokteran jantung', 1, '2025-08-25 13:13:22', 'superadmin', '2025-08-25 13:13:22', 'superadmin', 1),
	(5, 'Alat kedokteran radiodiagnostik', 1, '2025-08-25 13:13:39', 'superadmin', '2025-08-25 13:13:39', 'superadmin', 1),
	(6, 'Alat kedokteran ICU', 1, '2025-08-25 13:14:07', 'superadmin', '2025-08-25 13:14:07', 'superadmin', 1),
	(7, 'Honorarium Dewan Pengawas BLUD :', 1, '2025-08-25 13:53:07', 'superadmin', '2025-08-25 13:53:07', 'superadmin', 1),
	(8, 'Honor Pegawai BLUD (Tenaga Kesehatan) :', 1, '2025-08-25 13:55:47', 'superadmin', '2025-08-25 13:55:47', 'superadmin', 1),
	(9, 'Honor tambahan bagi Pegawai BLUD (Tenaga Kesehatan) : ', 1, '2025-08-25 13:56:45', 'superadmin', '2025-08-25 13:56:45', 'superadmin', 1),
	(10, 'Honor tambahan (Tenaga Kesehatan) :', 1, '2025-08-25 13:57:48', 'superadmin', '2025-08-25 13:57:48', 'superadmin', 1),
	(11, 'Honor Pegawai BLUD (Tenaga Administrasi) :', 1, '2025-08-25 13:58:24', 'superadmin', '2025-08-25 13:58:24', 'superadmin', 1),
	(12, 'Honor tambahan bagi Pegawai BLUD (Tenaga Administrasi) :', 1, '2025-08-25 13:59:27', 'superadmin', '2025-08-25 13:59:27', 'superadmin', 1),
	(13, 'Honor tambahan (Tenaga Administrasi) :', 1, '2025-08-25 14:00:06', 'superadmin', '2025-08-25 14:00:06', 'superadmin', 1),
	(14, 'RAPAT EVALUASI DAN LAYANAN :', 1, '2025-08-25 14:01:34', 'superadmin', '2025-08-25 14:01:34', 'superadmin', 1),
	(15, 'RAPAT SPI :', 1, '2025-08-25 14:01:46', 'superadmin', '2025-08-25 14:01:46', 'superadmin', 1),
	(16, 'AUDIT INTERNAL SPI :', 1, '2025-08-25 14:02:17', 'superadmin', '2025-08-25 14:02:17', 'superadmin', 1),
	(17, 'RAPAT INOVASI PELAYANAN RS :', 1, '2025-08-25 14:02:42', 'superadmin', '2025-08-25 14:02:42', 'superadmin', 1),
	(18, 'RAPAT INTERNAL UKM :', 1, '2025-08-25 14:03:06', 'superadmin', '2025-08-25 14:03:06', 'superadmin', 1),
	(19, 'RAPAT KOMITE MEDIS :', 1, '2025-08-25 14:03:25', 'superadmin', '2025-08-25 14:03:25', 'superadmin', 1),
	(20, 'RAPAT KOMITE KEPERAWATAN :', 1, '2025-08-25 14:06:32', 'superadmin', '2025-08-25 14:06:32', 'superadmin', 1),
	(21, 'RAPAT KOMITE FARMASI DAN TERAPI :', 1, '2025-08-25 14:07:13', 'superadmin', '2025-08-25 14:07:13', 'superadmin', 1),
	(22, 'RAPAT KOMITE PPI :', 1, '2025-08-25 14:07:38', 'superadmin', '2025-08-25 14:07:38', 'superadmin', 1),
	(23, 'RAPAT EVALUASI PENUNJANG NON MEDIK :', 1, '2025-08-25 14:07:59', 'superadmin', '2025-08-25 14:07:59', 'superadmin', 1),
	(24, 'RAPAT-RAPAT PERENCANAAN, PENGANGGARAN DAN EVALUASI KINERJA PD :', 1, '2025-08-25 14:09:44', 'superadmin', '2025-08-25 14:09:44', 'superadmin', 1),
	(25, 'KONSUMSI KEBUGARAN PEGAWAI :', 1, '2025-08-25 14:09:56', 'superadmin', '2025-08-25 14:09:56', 'superadmin', 1),
	(26, 'RAPAT KOMITE KOMITE NAKES LAIN :', 1, '2025-08-25 14:10:17', 'superadmin', '2025-08-25 14:10:17', 'superadmin', 1),
	(27, 'Hari Besar Kesehatan', 1, '2025-08-25 14:12:17', 'superadmin', '2025-08-25 14:12:17', 'superadmin', 1),
	(28, 'Hari Ulang Tahun RS (Tsyakuran HUT RSUD Sumberglagah)', 1, '2025-08-25 14:12:52', 'superadmin', '2025-08-25 14:12:52', 'superadmin', 1),
	(29, 'Persiapan Hari Ulang Tahun RS (Tsyakuran HUT RSUD Sumberglagah)', 1, '2025-08-25 14:13:26', 'superadmin', '2025-08-25 14:13:26', 'superadmin', 1),
	(30, 'Pelaksanaan Hari Ulang Tahun RS (Tsyakuran HUT RSUD Sumberglagah)', 1, '2025-08-25 14:13:44', 'superadmin', '2025-08-25 14:13:44', 'superadmin', 1),
	(31, 'Pelaksanaan Upacara 17 Agustus', 1, '2025-08-25 14:14:08', 'superadmin', '2025-08-25 14:14:08', 'superadmin', 1),
	(32, 'DIKLAT FUNGSIONAL Pelatihan/Bimtek/Seminar/Workshop Pegawai (Dalam Daerah) :', 1, '2025-08-25 14:15:19', 'superadmin', '2025-08-25 14:15:19', 'superadmin', 1),
	(33, 'DIKLAT FUNGSIONAL Pelatihan/Bimtek/Seminar/Workshop Pegawai (Luar Daerah) :', 1, '2025-08-25 14:15:58', 'superadmin', '2025-08-25 14:15:58', 'superadmin', 1),
	(34, 'DIKLAT FUNGSIONAL Pelatihan/Bimtek/Seminar/Workshop Pegawai (Dalam Daerah) :', 1, '2025-08-25 14:17:19', 'superadmin', '2025-08-25 14:18:07', 'superadmin', 0),
	(35, 'DIKLAT MANAJEMEN Pelatihan/Bimtek/Seminar/Workshop Pegawai (Luar Daerah) :', 1, '2025-08-25 14:18:36', 'superadmin', '2025-08-25 14:19:12', 'superadmin', 1),
	(36, 'DIKLAT MANAJEMEN Pelatihan/Bimtek/Seminar/Workshop Pegawai (Dalam Daerah) :', 1, '2025-08-25 14:19:47', 'superadmin', '2025-08-25 14:20:07', 'superadmin', 1),
	(37, 'KALIBRASI :', 1, '2025-08-25 14:21:47', 'superadmin', '2025-08-25 14:21:47', 'superadmin', 1),
	(38, 'STNK KENDARAAN RODA 4 (empat) AMBULANCE : ', 1, '2025-08-25 14:23:40', 'superadmin', '2025-08-25 14:23:40', 'superadmin', 1),
	(39, 'STNK KENDARAAN RODA 4 (empat) Mobil dinas :', 1, '2025-08-25 14:24:21', 'superadmin', '2025-08-25 14:24:21', 'superadmin', 1),
	(40, 'STNK KENDARAAN RODA 3 (tiga) :', 1, '2025-08-25 14:24:37', 'superadmin', '2025-08-25 14:24:37', 'superadmin', 1),
	(41, 'BIAYA ASURANSI KENDARAAN AMBULANCE :', 1, '2025-08-25 14:24:52', 'superadmin', '2025-08-25 14:24:52', 'superadmin', 1),
	(42, 'BIAYA ASURANSI MOBIL DINAS :', 1, '2025-08-25 14:25:24', 'superadmin', '2025-08-25 14:25:24', 'superadmin', 1),
	(43, 'Service Kendaran roda 3 (tiga) 3 unit :', 1, '2025-08-25 14:26:35', 'superadmin', '2025-08-25 14:26:35', 'superadmin', 1),
	(44, 'OPERASIONAL GENSET DAN NON KENDARAAN : ', 1, '2025-08-25 14:27:25', 'superadmin', '2025-08-25 14:27:25', 'superadmin', 1),
	(45, 'Belanja Perjalanan Dinas Biasa (Dalam Provinsi) :', 1, '2025-08-25 14:27:54', 'superadmin', '2025-08-25 14:27:54', 'superadmin', 1),
	(46, 'Belanja Perjalanan Dinas Biasa (Luar Provinsi) :', 1, '2025-08-25 14:28:07', 'superadmin', '2025-08-25 14:28:07', 'superadmin', 1),
	(47, 'Rehab Ruang Rapat Poli Lantai II Menjadi Ruang Komite :', 1, '2025-08-25 14:29:48', 'superadmin', '2025-08-25 14:29:48', 'superadmin', 1),
	(48, 'Pembuatan Pondasi Penahan Tanah Depan Gedung UKM :', 1, '2025-08-25 14:30:13', 'superadmin', '2025-08-25 14:30:13', 'superadmin', 1),
	(49, 'Biaya Pengelolaan Makan minum rapat Tim PTP PU, Tim Pengadaan dan Penyedia Rehap Gedung Rawat Inap Anggrek Tahap II :', 1, '2025-08-25 14:31:00', 'superadmin', '2025-08-25 14:31:53', 'superadmin', 1),
	(50, 'Biaya Pengelolaan Belanja Perjalanan Dinas Biasa Tim RS Rehap Gedung Rawat Inap Anggrek Tahap II :', 1, '2025-08-25 14:33:44', 'superadmin', '2025-08-25 14:34:14', 'superadmin', 1),
	(51, 'Biaya Pengelolaan Belanja Perjalanan Dinas Biasa Tim PTP PU Rehap Gedung Rawat Inap Anggrek Tahap II :', 1, '2025-08-25 14:34:26', 'superadmin', '2025-08-25 14:34:58', 'superadmin', 1),
	(52, 'Rehap Gedung Rawat Inap Anggrek Tahap II :', 1, '2025-08-25 15:54:32', 'superadmin', '2025-08-25 15:54:32', 'superadmin', 1),
	(53, 'Pemeliharaan Sipil, Arsitektur Gedung dan Bangunan Pelayanan :', 1, '2025-08-25 15:54:59', 'superadmin', '2025-08-25 15:54:59', 'superadmin', 1),
	(54, 'Pemeliharaan arsitektur gedung dan bangunan pelayanan :', 1, '2025-08-25 15:55:52', 'superadmin', '2025-08-25 15:55:52', 'superadmin', 1),
	(55, 'Honor tambahan :', 1, '2025-08-28 15:45:59', 'superadmin', '2025-08-28 15:45:59', 'superadmin', 1),
	(56, 'DIKLAT ADMINISTRATIF Pelatihan/Bimtek/Seminar/Workshop Pegawai (Dalam Daerah) :', 1, '2025-09-01 11:08:23', 'superadmin', '2025-09-01 11:08:23', 'superadmin', 1),
	(57, 'DIKLAT ADMINISTRATIF Pelatihan/Bimtek/Seminar/Workshop Pegawai (Luar Daerah) :', 1, '2025-09-01 11:09:00', 'superadmin', '2025-09-01 11:09:00', 'superadmin', 1);

-- Dumping structure for table noval.kegiatan
CREATE TABLE IF NOT EXISTS `kegiatan` (
  `idkegiatan` int NOT NULL AUTO_INCREMENT,
  `no_rekening_kegiatan` varchar(50) DEFAULT NULL,
  `nama_kegiatan` varchar(200) DEFAULT NULL,
  `idprogram` int DEFAULT NULL,
  `is_active` int DEFAULT '1',
  `created` datetime DEFAULT NULL,
  `createdby` varchar(50) DEFAULT NULL,
  `updated` datetime DEFAULT NULL,
  `updatedby` varchar(50) DEFAULT NULL,
  `status` int DEFAULT '1',
  PRIMARY KEY (`idkegiatan`) USING BTREE,
  KEY `is_active` (`is_active`) USING BTREE,
  KEY `status` (`status`) USING BTREE,
  KEY `no_rekening_urusan` (`no_rekening_kegiatan`) USING BTREE,
  KEY `nama_urusan` (`nama_kegiatan`) USING BTREE,
  KEY `tahun_anggaran_urusan` (`idprogram`) USING BTREE
) ENGINE=InnoDB AUTO_INCREMENT=3 DEFAULT CHARSET=utf8mb4 COLLATE=utf8mb4_0900_ai_ci ROW_FORMAT=DYNAMIC;

-- Dumping data for table noval.kegiatan: ~2 rows (approximately)
INSERT INTO `kegiatan` (`idkegiatan`, `no_rekening_kegiatan`, `nama_kegiatan`, `idprogram`, `is_active`, `created`, `createdby`, `updated`, `updatedby`, `status`) VALUES
	(1, '1.10', 'PENINGKATAN PELAYANAN BLUD', 1, 1, '2025-08-25 08:17:32', 'superadmin', '2025-08-25 08:17:32', 'superadmin', 1),
	(2, '1.01', 'PENYEDIAAN FASILITAS PELAYANAN, SARANA, PRASARANA DAN ALAT KESEHATAN UNTUK UKP RUJUKAN, UKM DAN UKM RUJUKAN TINGKAT DAERAH PROVINSI', 2, 1, '2025-08-25 08:18:33', 'superadmin', '2025-12-16 15:22:57', 'ppa', 1);

-- Dumping structure for table noval.kendaraan
CREATE TABLE IF NOT EXISTS `kendaraan` (
  `idkendaraan` int NOT NULL AUTO_INCREMENT,
  `nama_kendaraan` varchar(200) DEFAULT NULL,
  `is_active` int DEFAULT '1',
  `created` datetime DEFAULT NULL,
  `createdby` varchar(50) DEFAULT NULL,
  `updated` datetime DEFAULT NULL,
  `updatedby` varchar(50) DEFAULT NULL,
  `status` int DEFAULT '1',
  PRIMARY KEY (`idkendaraan`) USING BTREE,
  KEY `is_active` (`is_active`) USING BTREE,
  KEY `status` (`status`) USING BTREE,
  KEY `nama_urusan` (`nama_kendaraan`) USING BTREE
) ENGINE=InnoDB AUTO_INCREMENT=13 DEFAULT CHARSET=utf8mb4 COLLATE=utf8mb4_0900_ai_ci ROW_FORMAT=DYNAMIC;

-- Dumping data for table noval.kendaraan: ~12 rows (approximately)
INSERT INTO `kendaraan` (`idkendaraan`, `nama_kendaraan`, `is_active`, `created`, `createdby`, `updated`, `updatedby`, `status`) VALUES
	(1, '   MAZDA (TH 2002) Pajak Tahunan  ', 1, '2025-08-25 14:30:27', 'superadmin', '2025-08-25 14:30:27', 'superadmin', 1),
	(2, '   HYUNDAI / STAREX 2.5 DS MT (TH 2012) Pajak Tahunan  ', 1, '2025-08-25 14:33:22', 'superadmin', '2025-08-25 14:33:22', 'superadmin', 1),
	(3, '   MITSUBHISI STRADA CR 2.8 AM SC GLX (TH 2013) Pajak Tahunan  ', 1, '2025-08-25 14:34:26', 'superadmin', '2025-08-25 14:34:26', 'superadmin', 1),
	(4, '   SUZUKI APV (TH 2014) Ganti TNKB ', 1, '2025-08-25 14:34:50', 'superadmin', '2025-08-25 14:34:50', 'superadmin', 1),
	(5, '   TOYOTA INNOVA (TH 2017) Pajak Tahunan ', 1, '2025-08-25 14:40:42', 'superadmin', '2025-08-25 14:40:42', 'superadmin', 1),
	(6, '   HYUNDAI / STAREX 2.5 DS MT (TH 2020) Ganti TNKB  ', 1, '2025-08-25 14:45:12', 'superadmin', '2025-08-25 14:45:12', 'superadmin', 1),
	(7, 'TOYOTA INNOVA (TH 2005) Ganti TNKB ', 1, '2025-08-25 14:45:47', 'superadmin', '2025-08-25 14:45:47', 'superadmin', 1),
	(8, '   TOYOTA HIACE (TH 2017) Pajak Tahunan  ', 1, '2025-08-25 14:46:14', 'superadmin', '2025-08-25 14:46:14', 'superadmin', 1),
	(9, '   TOYOTA LSX (TH 2003) Pajak Tahunan ', 1, '2025-08-25 14:46:33', 'superadmin', '2025-08-25 14:46:33', 'superadmin', 1),
	(10, '   ISUZU ELF (TH 2005) Ganti TNKB ', 1, '2025-08-25 14:46:56', 'superadmin', '2025-08-25 14:46:56', 'superadmin', 1),
	(11, '   ISUZU PANTHER (TH 2013) Pajak Tahunan ', 1, '2025-08-25 14:47:14', 'superadmin', '2025-08-25 14:47:14', 'superadmin', 1),
	(12, '   VIAR (Pajak Tahunan) ', 1, '2025-08-25 14:47:44', 'superadmin', '2025-08-25 14:47:44', 'superadmin', 1);

-- Dumping structure for table noval.kode_rekening
CREATE TABLE IF NOT EXISTS `kode_rekening` (
  `idkode_rekening` int NOT NULL AUTO_INCREMENT,
  `kode_rekening` varchar(200) DEFAULT NULL,
  `is_active` int DEFAULT '1',
  `created` datetime DEFAULT NULL,
  `createdby` varchar(50) DEFAULT NULL,
  `updated` datetime DEFAULT NULL,
  `updatedby` varchar(50) DEFAULT NULL,
  `status` int DEFAULT '1',
  PRIMARY KEY (`idkode_rekening`) USING BTREE,
  KEY `is_active` (`is_active`) USING BTREE,
  KEY `status` (`status`) USING BTREE,
  KEY `nama_sumber_dana` (`kode_rekening`) USING BTREE
) ENGINE=InnoDB AUTO_INCREMENT=112 DEFAULT CHARSET=utf8mb4 COLLATE=utf8mb4_0900_ai_ci ROW_FORMAT=DYNAMIC;

-- Dumping data for table noval.kode_rekening: ~111 rows (approximately)
INSERT INTO `kode_rekening` (`idkode_rekening`, `kode_rekening`, `is_active`, `created`, `createdby`, `updated`, `updatedby`, `status`) VALUES
	(1, '520301010004-Belanja Modal Bangunan Gedung Instalasi', 1, '2025-09-04 10:44:27', 'superadmin', '2025-09-04 15:44:32', 'superadmin', 1),
	(2, '510203030001-Belanja Pemeliharaan Bangunan Gedung-Bangunan Gedung Tempat Kerja-Bangunan Gedung Kantor', 1, '2025-09-04 10:45:18', 'superadmin', '2025-09-04 15:45:58', 'superadmin', 1),
	(3, '520207010001-Belanja Modal Alat Kedokteran Umum', 1, '2025-09-04 11:44:40', 'superadmin', '2025-09-04 15:43:29', 'superadmin', 1),
	(4, '520207010010-Belanja Modal Alat Kedokteran Anak', 1, '2025-09-04 11:45:30', 'superadmin', '2025-09-04 15:43:01', 'superadmin', 1),
	(5, '520207010014-Belanja Modal Alat Kedokteran Jantung', 1, '2025-09-04 11:46:01', 'superadmin', '2025-09-04 15:42:30', 'superadmin', 1),
	(6, '520207010015-Belanja Modal Alat Kedokteran Radiodiagnostic', 1, '2025-09-04 11:46:39', 'superadmin', '2025-09-04 15:42:07', 'superadmin', 1),
	(7, '520207010024-Belanja Modal Alat Kedokteran ICU', 1, '2025-09-04 11:47:22', 'superadmin', '2025-09-04 15:41:48', 'superadmin', 1),
	(8, '510201010024-Belanja Alat/Bahan untuk Kegiatan Kantor-Alat Tulis Kantor', 1, '2025-09-10 08:24:22', 'superadmin', '2025-09-10 08:24:22', 'superadmin', 1),
	(9, '510103070001-Belanja Honorarium Penanggungjawaban Pengelola Keuangan', 1, '2025-09-10 10:24:44', 'superadmin', '2025-09-10 10:24:44', 'superadmin', 1),
	(10, '510103070002-Belanja Honorarium Pengadaan Barang/Jasa', 1, '2025-09-10 10:25:06', 'superadmin', '2025-09-10 10:25:06', 'superadmin', 1),
	(11, '510201010001-Belanja Bahan-Bahan Bangunan dan Konstruksi', 1, '2025-09-10 10:26:07', 'superadmin', '2025-09-10 10:26:07', 'superadmin', 1),
	(12, '510201010002-Belanja bahan-bahan kimia', 1, '2025-09-10 10:27:36', 'superadmin', '2025-09-10 10:27:36', 'superadmin', 1),
	(13, '510201010004-Belanja Bahan-Bahan Bakar dan Pelumas', 1, '2025-09-10 10:28:01', 'superadmin', '2025-09-10 10:28:01', 'superadmin', 1),
	(14, '510201010005-Belanja Bahan-Bahan Baku', 1, '2025-09-10 10:28:16', 'superadmin', '2025-09-10 10:28:16', 'superadmin', 1),
	(15, '510201010009-Belanja Bahan-Isi Tabung Pemadam Kebakaran', 1, '2025-09-10 10:28:29', 'superadmin', '2025-09-10 10:28:29', 'superadmin', 1),
	(16, '510201010010-Belanja Bahan-Isi Tabung Gas', 1, '2025-09-10 10:28:55', 'superadmin', '2025-09-10 10:28:55', 'superadmin', 1),
	(17, '510201010015-Belanja Suku Cadang-Suku Cadang Alat Kedokteran', 1, '2025-09-10 10:29:08', 'superadmin', '2025-09-10 10:29:08', 'superadmin', 1),
	(18, '510201010025-Belanja Alat/Bahan untuk Kegiatan Kantor- Kertas dan Cover', 1, '2025-09-10 10:29:22', 'superadmin', '2025-09-10 10:29:22', 'superadmin', 1),
	(19, '510201010026-Belanja Alat/Bahan untuk Kegiatan Kantor- Bahan Cetak', 1, '2025-09-10 10:30:44', 'superadmin', '2025-09-10 10:30:44', 'superadmin', 1),
	(20, '510201010030-Belanja Alat/Bahan untuk Kegiatan Kantor-Perabot Kantor', 1, '2025-09-10 10:31:31', 'superadmin', '2025-09-10 10:31:31', 'superadmin', 1),
	(21, '510201010031-Belanja Alat/Bahan untuk Kegiatan Kantor-Alat Listrik', 1, '2025-09-10 10:31:43', 'superadmin', '2025-09-10 10:31:43', 'superadmin', 1),
	(22, '510201010035-Belanja Alat/Bahan untuk Kegiatan Kantor- Suvenir/Cendera Mata', 1, '2025-09-10 10:31:57', 'superadmin', '2025-09-10 10:31:57', 'superadmin', 1),
	(23, '510201010036-Belanja Alat/Bahan untuk Kegiatan Kantor-Alat/Bahan untuk Kegiatan Kantor Lainnya', 1, '2025-09-10 10:32:14', 'superadmin', '2025-09-10 10:32:14', 'superadmin', 1),
	(24, '510201010037-Belanja Obat-Obatan-Obat', 1, '2025-09-10 10:32:41', 'superadmin', '2025-09-10 10:32:41', 'superadmin', 1),
	(25, '510201010052-Belanja Makanan dan Minuman Rapat', 1, '2025-09-10 10:33:11', 'superadmin', '2025-09-10 10:33:11', 'superadmin', 1),
	(26, '510201010053-Belanja Makanan dan Minuman Jamuan Tamu', 1, '2025-09-10 10:33:26', 'superadmin', '2025-09-10 10:33:26', 'superadmin', 1),
	(27, '510201010056-Belanja Makanan dan Minuman pada Fasilitas Pelayanan Urusan Kesehatan', 1, '2025-09-10 10:33:42', 'superadmin', '2025-09-10 10:33:42', 'superadmin', 1),
	(28, '510201010063-Belanja Pakaian Dinas Harian (PDH)', 1, '2025-09-10 10:34:51', 'superadmin', '2025-09-10 10:34:51', 'superadmin', 1),
	(29, '510201010064-Belanja Pakaian Dinas Lapangan (PDL)', 1, '2025-09-10 10:35:04', 'superadmin', '2025-09-10 10:35:04', 'superadmin', 1),
	(30, '510202010003-Honorarium Narasumber atau Pembahas, Moderator, Pembawa Acara, dan Panitia', 1, '2025-09-10 10:35:22', 'superadmin', '2025-09-10 10:35:22', 'superadmin', 1),
	(31, '510202010006-Honorarium Penyuluhan atau Pendampingan', 1, '2025-09-10 10:35:56', 'superadmin', '2025-09-10 10:35:56', 'superadmin', 1),
	(32, '510202010014-Belanja Jasa Tenaga Kesehatan', 1, '2025-09-10 10:36:11', 'superadmin', '2025-09-10 10:36:11', 'superadmin', 1),
	(33, '510202010015-Belanja Jasa Tenaga Laboratorium', 1, '2025-09-10 10:36:25', 'superadmin', '2025-09-10 10:36:25', 'superadmin', 1),
	(34, '510202010016-Belanja Jasa Tenaga Penanganan Prasarana dan Sarana Umum', 1, '2025-09-10 10:36:47', 'superadmin', '2025-09-10 10:36:47', 'superadmin', 1),
	(35, '510202010026-Belanja Jasa Tenaga Administrasi', 1, '2025-09-10 10:37:00', 'superadmin', '2025-09-10 10:37:00', 'superadmin', 1),
	(36, '510202010028-Belanja Jasa Tenaga Pelayanan Umum', 1, '2025-09-10 10:37:45', 'superadmin', '2025-09-10 10:37:45', 'superadmin', 1),
	(37, '510202010029-Belanja Jasa Tenaga Ahli', 1, '2025-09-10 10:38:25', 'superadmin', '2025-09-10 10:38:25', 'superadmin', 1),
	(38, '510202010030-Belanja Jasa Tenaga Kebersihan', 1, '2025-09-10 10:38:42', 'superadmin', '2025-09-10 10:38:42', 'superadmin', 1),
	(39, '510202010030-Belanja Jasa Tenaga Kebersihan', 1, '2025-09-10 10:38:48', 'superadmin', '2025-09-10 10:38:58', 'superadmin', 0),
	(40, '510202010031-Belanja Jasa Tenaga Keamanan', 1, '2025-09-10 10:39:16', 'superadmin', '2025-09-10 10:39:16', 'superadmin', 1),
	(41, '510202010033-Belanja Jasa Tenaga Supir', 1, '2025-09-10 10:39:36', 'superadmin', '2025-09-10 10:39:36', 'superadmin', 1),
	(42, '510202010042-Belanja Jasa Pelaksanaan Transaksi Keuangan', 1, '2025-09-10 10:39:53', 'superadmin', '2025-09-10 10:39:53', 'superadmin', 1),
	(43, '510202010050-Belanja Jasa Kalibrasi', 1, '2025-09-10 10:40:20', 'superadmin', '2025-09-10 10:40:20', 'superadmin', 1),
	(44, '510202010051-Belanja Jasa Pengolahan Sampah', 1, '2025-09-10 10:40:33', 'superadmin', '2025-09-10 10:40:33', 'superadmin', 1),
	(45, '510202010055-Belanja Jasa Iklan/Reklame, Film, dan Pemotretan', 1, '2025-09-10 10:40:45', 'superadmin', '2025-09-10 10:40:45', 'superadmin', 1),
	(46, '510202010059-Belanja Tagihan Telepon', 1, '2025-09-10 10:40:57', 'superadmin', '2025-09-10 10:40:57', 'superadmin', 1),
	(47, '510202010060-Belanja Tagihan Air', 1, '2025-09-10 10:41:09', 'superadmin', '2025-09-10 10:41:09', 'superadmin', 1),
	(48, '510202010061-Belanja Tagihan Listrik', 1, '2025-09-10 10:41:22', 'superadmin', '2025-09-10 10:41:22', 'superadmin', 1),
	(49, '510202010063-Belanja Kawat/Faksimili/Internet/TV Berlangganan', 1, '2025-09-10 10:41:36', 'superadmin', '2025-09-10 10:41:36', 'superadmin', 1),
	(50, '510202010064-Belanja Paket/Pengiriman', 1, '2025-09-10 10:41:52', 'superadmin', '2025-09-10 10:41:52', 'superadmin', 1),
	(51, '510202010066-Belanja Registrasi/Keanggotaan', 1, '2025-09-10 10:42:09', 'superadmin', '2025-09-10 10:42:09', 'superadmin', 1),
	(52, '510202010067-Belanja Pembayaran Pajak, Bea, dan Perizinan', 1, '2025-09-10 10:42:21', 'superadmin', '2025-09-10 10:42:21', 'superadmin', 1),
	(53, '510202010069-Belanja Pengolahan Air Limbah', 1, '2025-09-10 10:42:41', 'superadmin', '2025-09-10 10:42:41', 'superadmin', 1),
	(54, '510202020005-Belanja Iuran Jaminan Kesehatan bagi Non ASN', 1, '2025-09-10 10:42:58', 'superadmin', '2025-09-10 10:42:58', 'superadmin', 1),
	(55, '510202020006-Belanja Iuran Jaminan Kecelakaan Kerja bagi Non ASN', 1, '2025-09-10 10:43:15', 'superadmin', '2025-09-10 10:43:15', 'superadmin', 1),
	(56, '510202020007-Belanja Iuran Jaminan Kematian bagi Non ASN', 1, '2025-09-10 10:43:36', 'superadmin', '2025-09-10 10:43:36', 'superadmin', 1),
	(57, '510202020008-Belanja Asuransi Barang Milik Daerah', 1, '2025-09-10 10:43:53', 'superadmin', '2025-09-10 10:43:53', 'superadmin', 1),
	(58, '510202020010-Belanja Iuran Jaminan Hari Tua bagi Non ASN', 1, '2025-09-10 10:44:05', 'superadmin', '2025-09-10 10:44:05', 'superadmin', 1),
	(59, '510202020011-Belanja Iuran Jaminan Pensiun bagi Non ASN', 1, '2025-09-10 10:44:19', 'superadmin', '2025-09-10 10:44:19', 'superadmin', 1),
	(60, '510202040120-Belanja Sewa Alat Pembersih', 1, '2025-09-10 10:44:34', 'superadmin', '2025-09-10 10:44:34', 'superadmin', 1),
	(61, '510202040132-Belanja Sewa Peralatan Studio Audio', 1, '2025-09-10 10:44:49', 'superadmin', '2025-09-10 10:44:49', 'superadmin', 1),
	(62, '510202040210-Belanja Sewa Alat Kedokteran Mata', 1, '2025-09-10 10:45:04', 'superadmin', '2025-09-10 10:45:04', 'superadmin', 1),
	(63, '510202040355-Belanja Sewa Peralatan Umum', 1, '2025-09-10 10:45:16', 'superadmin', '2025-09-10 10:45:16', 'superadmin', 1),
	(64, '510202070030-Belanja Sewa Alat Peraga Kesenian', 1, '2025-09-10 10:45:37', 'superadmin', '2025-09-10 10:45:37', 'superadmin', 1),
	(65, '510202090013-Belanja Jasa Konsultasi Berorientasi layanan-Jasa Konsultansi Manajemen', 1, '2025-09-10 10:45:51', 'superadmin', '2025-09-10 10:45:51', 'superadmin', 1),
	(66, '510202120001-Belanja Kursus Singkat/Pelatihan Teknis', 1, '2025-09-10 10:46:58', 'superadmin', '2025-09-10 10:46:58', 'superadmin', 1),
	(67, '510203020036-Belanja Pemeliharaan Alat Angkutan-Alat Angkutan Darat Bermotor-Kendaraan Bermotor Penumpang', 1, '2025-09-10 10:47:09', 'superadmin', '2025-09-10 10:47:09', 'superadmin', 1),
	(68, '510203020120-Belanja Pemeliharaan Alat Kantor dan Rumah Tangga-Alat Rumah Tangga-Alat Pembersih', 1, '2025-09-10 11:16:56', 'superadmin', '2025-09-10 11:16:56', 'superadmin', 1),
	(69, '510203020121-Belanja Pemeliharaan Alat Kantor dan Rumah Tangga-Alat Rumah Tangga-Alat Pendingin', 1, '2025-09-10 11:19:06', 'superadmin', '2025-09-10 11:58:45', 'superadmin', 1),
	(70, '510203020123-Belanja Pemeliharaan Alat Kantor dan Rumah Tangga-Alat Rumah Tangga-Alat Rumah Tangga Lainnya (Home Use)', 1, '2025-09-10 11:59:01', 'superadmin', '2025-09-10 11:59:01', 'superadmin', 1),
	(71, '510203020195-Belanja Pemeliharaan Alat Studio, Komunikasi, dan Pemancar-Peralatan Pemancar-Sumber Tenaga', 1, '2025-09-10 11:59:16', 'superadmin', '2025-09-10 11:59:16', 'superadmin', 1),
	(72, '510203020204-Belanja Pemeliharaan Alat Kedokteran dan Kesehatan-Alat Kedokteran-Alat Kedokteran Umum', 1, '2025-09-10 11:59:57', 'superadmin', '2025-09-10 11:59:57', 'superadmin', 1),
	(73, '510203020207-Belanja Pemeliharaan Alat Kedokteran dan Kesehatan-Alat Kedokteran-Alat Kedokteran Bedah', 1, '2025-09-10 12:01:47', 'superadmin', '2025-09-10 12:01:47', 'superadmin', 1),
	(74, '510203020208-Belanja Pemeliharaan Alat Kedokteran dan Kesehatan-Alat Kedokteran-Alat Kesehatan Kebidanan dan Penyakit Kandungan', 1, '2025-09-10 12:08:45', 'superadmin', '2025-09-10 12:08:45', 'superadmin', 1),
	(75, '510203020210-Belanja Pemeliharaan Alat Kedokteran dan Kesehatan-Alat Kedokteran-Alat Kedokteran Mata', 1, '2025-09-10 12:09:12', 'superadmin', '2025-09-10 12:09:12', 'superadmin', 1),
	(76, '510203020213-Belanja Pemeliharaan Alat Kedokteran dan Kesehatan-Alat Kedokteran-Alat Kedokteran Anak', 1, '2025-09-10 12:09:26', 'superadmin', '2025-09-10 12:09:26', 'superadmin', 1),
	(77, '510203020217-Belanja Pemeliharaan Alat Kedokteran dan Kesehatan-Alat Kedokteran-Alat Kedokteran Jantung', 1, '2025-09-10 12:09:40', 'superadmin', '2025-09-10 12:09:40', 'superadmin', 1),
	(78, '510203020218-Belanja Pemeliharaan Alat Kedokteran dan Kesehatan-Alat Kedokteran-Alat Kedokteran Radiodiagnostic', 1, '2025-09-10 12:10:03', 'superadmin', '2025-09-10 12:10:03', 'superadmin', 1),
	(79, '510203020227-Belanja Pemeliharaan Alat Kedokteran dan Kesehatan-Alat Kedokteran-Alat Kedokteran ICU', 1, '2025-09-10 12:10:16', 'superadmin', '2025-09-10 12:10:16', 'superadmin', 1),
	(80, '510203020231-Belanja Pemeliharaan Alat Kedokteran dan Kesehatan-Alat Kedokteran-Alat Kedokteran Anestesi', 1, '2025-09-10 12:10:29', 'superadmin', '2025-09-10 12:10:29', 'superadmin', 1),
	(81, '510203020409- Belanja Pemeliharaan Komputer-Peralatan Komputer-PeralatanPersonal Computer', 1, '2025-09-10 12:10:40', 'superadmin', '2025-09-10 12:10:40', 'superadmin', 1),
	(82, '510203030025-Belanja Pemeliharaan Bangunan Gedung-Bangunan Gedung Tempat Kerja-Bangunan Terbuka', 1, '2025-09-10 12:10:52', 'superadmin', '2025-09-10 12:10:52', 'superadmin', 1),
	(83, '510203030032-Belanja Pemeliharaan Bangunan Gedung-Bangunan Gedung Tempat Kerja-Bangunan Fasilitas Umum', 1, '2025-09-10 12:11:03', 'superadmin', '2025-09-10 12:11:03', 'superadmin', 1),
	(84, '510204010001-Belanja Perjalanan Dinas Biasa', 1, '2025-09-10 12:11:15', 'superadmin', '2025-09-10 12:11:15', 'superadmin', 1),
	(85, '510204010003-Belanja Perjalanan Dinas Dalam Kota', 1, '2025-09-10 12:11:27', 'superadmin', '2025-09-10 12:11:27', 'superadmin', 1),
	(86, '510204010004-Belanja Perjalanan Dinas Paket Meeting Dalam Kota', 1, '2025-09-10 12:11:49', 'superadmin', '2025-09-10 12:11:49', 'superadmin', 1),
	(87, '510204010005-Belanja Perjalanan Dinas Paket Meeting Luar Kota', 1, '2025-09-10 12:12:02', 'superadmin', '2025-09-10 12:12:02', 'superadmin', 1),
	(88, '520202020001-Belanja Modal Kendaraan Tak Bermotor Angkutan Barang', 1, '2025-09-10 12:12:14', 'superadmin', '2025-09-10 12:12:14', 'superadmin', 1),
	(89, '520203010004-Belanja Modal Perkakas Bengkel Service', 1, '2025-09-10 12:12:57', 'superadmin', '2025-09-10 12:12:57', 'superadmin', 1),
	(90, '520203020002-Belanja Modal Perkakas Bengkel Listrik', 1, '2025-09-10 12:13:08', 'superadmin', '2025-09-10 12:13:08', 'superadmin', 1),
	(91, '520205010005-Belanja Modal Alat Kantor Lainnya', 1, '2025-09-10 12:13:19', 'superadmin', '2025-09-10 12:13:19', 'superadmin', 1),
	(92, '520205020001-Belanja Modal Mebel', 1, '2025-09-10 12:13:50', 'superadmin', '2025-09-10 12:13:50', 'superadmin', 1),
	(93, '520205020003-Belanja Modal Alat Pembersih', 1, '2025-09-10 12:14:01', 'superadmin', '2025-09-10 12:14:01', 'superadmin', 1),
	(94, '520205020004-Belanja Modal Alat Pendingin', 1, '2025-09-10 12:14:12', 'superadmin', '2025-09-10 12:14:12', 'superadmin', 1),
	(95, '520205020005-Belanja Modal Alat Dapur', 1, '2025-09-10 12:14:23', 'superadmin', '2025-09-10 12:14:23', 'superadmin', 1),
	(96, '520205020006-Belanja Modal Alat Rumah Tangga Lainnya (Home Use)', 1, '2025-09-10 12:14:34', 'superadmin', '2025-09-10 12:14:34', 'superadmin', 1),
	(97, '520205020007-Belanja Modal Alat Pemadam Kebakaran', 1, '2025-09-10 12:14:45', 'superadmin', '2025-09-10 12:14:45', 'superadmin', 1),
	(98, '520206010001-Belanja Modal Peralatan Studio Audio', 1, '2025-09-10 12:14:55', 'superadmin', '2025-09-10 12:14:55', 'superadmin', 1),
	(99, '520206010002-Belanja Modal Peralatan Studio Video dan Film', 1, '2025-09-10 12:15:08', 'superadmin', '2025-09-10 12:15:08', 'superadmin', 1),
	(100, '520207010002-Belanja Modal Alat Kedokteran Gigi', 1, '2025-09-10 12:15:22', 'superadmin', '2025-09-10 12:15:22', 'superadmin', 1),
	(101, '520207010004-Belanja Modal Alat Kedokteran Bedah', 1, '2025-09-10 12:15:31', 'superadmin', '2025-09-10 12:15:31', 'superadmin', 1),
	(102, '520207010005-Belanja Modal Alat Kesehatan Kebidanan dan Penyakit Kandungan', 1, '2025-09-10 12:15:41', 'superadmin', '2025-09-10 12:15:41', 'superadmin', 1),
	(103, '520207010006-Belanja Modal Alat Kedokteran THT', 1, '2025-09-10 12:16:03', 'superadmin', '2025-09-10 12:16:03', 'superadmin', 1),
	(104, '520207010012-Belanja Modal Alat Kesehatan Rehabilitasi Medis', 1, '2025-09-10 12:16:14', 'superadmin', '2025-09-10 12:16:14', 'superadmin', 1),
	(105, '520207010028-Belanja Modal Alat Kedokteran Anestesi', 1, '2025-09-10 12:16:24', 'superadmin', '2025-09-10 12:16:24', 'superadmin', 1),
	(106, '520210010001-Belanja Modal Komputer Jaringan', 1, '2025-09-10 12:16:36', 'superadmin', '2025-09-10 12:16:36', 'superadmin', 1),
	(107, '520210010003-Belanja Modal Peralatan Personal Computer', 1, '2025-09-10 12:16:47', 'superadmin', '2025-09-10 12:16:47', 'superadmin', 1),
	(108, '520210020004-Belanja Modal Peralatan Jaringan', 1, '2025-09-10 12:16:59', 'superadmin', '2025-09-10 12:16:59', 'superadmin', 1),
	(109, '520216010001-Belanja Modal Alat Peraga Pelatihan', 1, '2025-09-10 12:17:11', 'superadmin', '2025-09-10 12:17:11', 'superadmin', 1),
	(110, '520401010003-Belanja Modal Jalan Kabupaten', 1, '2025-09-10 12:17:21', 'superadmin', '2025-09-10 12:17:21', 'superadmin', 1),
	(111, '520402010005-Belanja Modal Bangunan Pengaman Irigasi', 1, '2025-09-10 12:17:31', 'superadmin', '2025-09-10 12:17:31', 'superadmin', 1);

-- Dumping structure for table noval.npd
CREATE TABLE IF NOT EXISTS `npd` (
  `idnpd` int NOT NULL AUTO_INCREMENT,
  `npd_date_created` datetime DEFAULT NULL COMMENT 'tanggal input npd',
  `confirm_payment_date` datetime DEFAULT NULL COMMENT 'tanggal pembayaran',
  `npd_code` varchar(50) DEFAULT NULL COMMENT 'nomor dokumen',
  `no_urut` varchar(50) DEFAULT NULL COMMENT 'no urut data',
  `npd_status` varchar(50) DEFAULT 'DRAFT' COMMENT 'INPUT DATA 		-> data diinputkan dimenu realisasi anggaran (oleh user realisasi); \r\nMENUNGGU VERIFIKASI 	-> data diinputkan di menu verifikasi dokumen (oleh user realisasi); \r\nSUDAH DIVERIFIKASI 	-> data sudah diverifikasi (oleh user verifikator); \r\nINPUT NPD		-> data diinputkan di menu npd (oleh user npd);\r\nMENUNGGU PEMBAYARAN	-> data sudah dikirim ke bendahara (oleh user npd);\r\nSUDAH DIBAYAR BENDAHARA -> data sudah dibayar bendahara (oleh user bendahara);',
  `is_print` int DEFAULT '0' COMMENT 'untuk menandakan sudah pernah print atau belum',
  `iduser_created` bigint DEFAULT NULL COMMENT 'user yang membuat dokumen',
  `iduser_payment` bigint DEFAULT NULL COMMENT 'user yang membayar anggaran',
  `payment_description` text,
  `total_anggaran` double DEFAULT NULL,
  `total_cash` double DEFAULT NULL,
  `total_debet` double DEFAULT NULL,
  `total_credit` double DEFAULT NULL,
  `total_transfer` double DEFAULT NULL,
  `debet_number` double DEFAULT NULL,
  `credit_number` double DEFAULT NULL,
  `transfer_number` double DEFAULT NULL,
  `total_pay` double DEFAULT NULL,
  `total_debt` double DEFAULT NULL,
  `created` datetime DEFAULT NULL,
  `createdby` varchar(50) DEFAULT NULL,
  `updated` datetime DEFAULT NULL,
  `updatedby` varchar(50) DEFAULT NULL,
  `status` int DEFAULT '1',
  PRIMARY KEY (`idnpd`),
  KEY `npd_date_created` (`npd_date_created`),
  KEY `confirm_payment_date` (`confirm_payment_date`),
  KEY `npd_code` (`npd_code`),
  KEY `npd_status` (`npd_status`),
  KEY `iduser_created` (`iduser_created`),
  KEY `iduser_payment` (`iduser_payment`),
  KEY `total_anggaran` (`total_anggaran`),
  KEY `total_cash` (`total_cash`),
  KEY `total_debet` (`total_debet`),
  KEY `total_credit` (`total_credit`),
  KEY `total_transfer` (`total_transfer`),
  KEY `debet_number` (`debet_number`),
  KEY `credit_number` (`credit_number`),
  KEY `transfer_number` (`transfer_number`),
  KEY `total_pay` (`total_pay`),
  KEY `total_debt` (`total_debt`),
  KEY `status` (`status`),
  KEY `no_urut` (`no_urut`),
  KEY `is_print` (`is_print`)
) ENGINE=InnoDB AUTO_INCREMENT=16 DEFAULT CHARSET=utf8mb4 COLLATE=utf8mb4_0900_ai_ci ROW_FORMAT=DYNAMIC;

-- Dumping data for table noval.npd: ~11 rows (approximately)
INSERT INTO `npd` (`idnpd`, `npd_date_created`, `confirm_payment_date`, `npd_code`, `no_urut`, `npd_status`, `is_print`, `iduser_created`, `iduser_payment`, `payment_description`, `total_anggaran`, `total_cash`, `total_debet`, `total_credit`, `total_transfer`, `debet_number`, `credit_number`, `transfer_number`, `total_pay`, `total_debt`, `created`, `createdby`, `updated`, `updatedby`, `status`) VALUES
	(5, '2025-12-31 18:19:48', NULL, '900/12.01/PPTK/2025', '1', 'INPUT NPD', 0, 13, NULL, NULL, 47000000, NULL, NULL, NULL, NULL, NULL, NULL, NULL, NULL, NULL, '2025-12-31 18:20:34', 'npd', '2025-12-31 18:20:46', 'npd', 0),
	(6, '2025-12-31 18:20:53', NULL, '900/12.02/PPTK/2025', '2', 'DRAFT', 0, 13, NULL, NULL, 47000000, NULL, NULL, NULL, NULL, NULL, NULL, NULL, NULL, NULL, '2025-12-31 18:20:56', 'npd', '2025-12-31 18:21:04', 'npd', 1),
	(7, '2025-12-31 18:20:53', NULL, '900/12.03/PPTK/2025', '3', 'INPUT NPD', 1, 13, NULL, NULL, 47000000, NULL, NULL, NULL, NULL, NULL, NULL, NULL, NULL, NULL, '2025-12-31 18:21:10', 'npd', '2025-12-31 18:26:17', 'npd', 1),
	(8, '2025-12-31 18:21:20', NULL, '900/12.04/PPTK/2025', '4', 'DRAFT', 0, 13, NULL, NULL, 500000, NULL, NULL, NULL, NULL, NULL, NULL, NULL, NULL, NULL, '2025-12-31 18:21:20', 'npd', '2025-12-31 18:26:08', 'npd', 1),
	(9, '2025-12-31 18:21:31', NULL, '900/12.05/PPTK/2025', '5', 'DRAFT', 0, 13, NULL, NULL, NULL, NULL, NULL, NULL, NULL, NULL, NULL, NULL, NULL, NULL, '2025-12-31 18:21:31', 'npd', '2025-12-31 18:21:32', 'npd', 1),
	(10, '2025-12-31 18:22:01', NULL, '900/12.06/PPTK/2025', '6', 'DRAFT', 0, 13, NULL, NULL, NULL, NULL, NULL, NULL, NULL, NULL, NULL, NULL, NULL, NULL, '2025-12-31 18:22:01', 'npd', '2025-12-31 18:22:02', 'npd', 1),
	(11, '2025-12-31 18:23:44', NULL, '900/12.07/PPTK/2025', '7', 'DRAFT', 0, 13, NULL, NULL, NULL, NULL, NULL, NULL, NULL, NULL, NULL, NULL, NULL, NULL, '2025-12-31 18:23:44', 'npd', '2025-12-31 18:23:44', 'npd', 1),
	(12, '2025-12-31 18:31:47', NULL, '900/12.08/PPTK/2025', '8', 'INPUT NPD', 0, 2, NULL, NULL, 100000000, NULL, NULL, NULL, NULL, NULL, NULL, NULL, NULL, NULL, '2025-12-31 18:31:51', 'superadmin', '2025-12-31 18:31:53', 'superadmin', 1),
	(13, '2025-12-31 18:36:10', NULL, '900/12.09/PPTK/2025', '9', 'MENUNGGU PEMBAYARAN', 1, 2, NULL, NULL, 72000000, NULL, NULL, NULL, NULL, NULL, NULL, NULL, NULL, NULL, '2025-12-31 18:36:16', 'superadmin', '2025-12-31 18:37:08', 'superadmin', 1),
	(14, '2025-12-31 18:36:19', '2025-12-31 18:41:15', '900/12.10/PPTK/2025', '10', 'SUDAH DIBAYAR BENDAHARA', 1, 2, 14, '', 108000000, 0, 0, 0, 108000000, NULL, NULL, NULL, 108000000, 0, '2025-12-31 18:36:21', 'superadmin', '2025-12-31 18:41:16', 'bendahara', 1),
	(15, '2025-12-31 18:36:25', '2025-12-31 18:41:30', '900/12.11/PPTK/2025', '10', 'SUDAH DIBAYAR BENDAHARA', 1, 2, 14, '', 86400000, 0, 0, 0, 86400000, NULL, NULL, NULL, 86400000, 0, '2025-12-31 18:36:28', 'superadmin', '2025-12-31 18:41:30', 'bendahara', 1);

-- Dumping structure for table noval.npd_detail
CREATE TABLE IF NOT EXISTS `npd_detail` (
  `idnpd_detail` bigint NOT NULL AUTO_INCREMENT,
  `idnpd` int NOT NULL,
  `idverification` int DEFAULT NULL,
  `created` datetime DEFAULT NULL,
  `createdby` varchar(50) DEFAULT NULL,
  `updated` datetime DEFAULT NULL,
  `updatedby` varchar(50) DEFAULT NULL,
  `status` int DEFAULT '1',
  PRIMARY KEY (`idnpd_detail`) USING BTREE,
  KEY `status` (`status`) USING BTREE,
  KEY `idverification` (`idverification`) USING BTREE,
  KEY `idnpd` (`idnpd`),
  CONSTRAINT `FK_npd_detail_npd` FOREIGN KEY (`idnpd`) REFERENCES `npd` (`idnpd`) ON DELETE CASCADE ON UPDATE CASCADE
) ENGINE=InnoDB AUTO_INCREMENT=18 DEFAULT CHARSET=utf8mb4 COLLATE=utf8mb4_0900_ai_ci ROW_FORMAT=DYNAMIC;

-- Dumping data for table noval.npd_detail: ~12 rows (approximately)
INSERT INTO `npd_detail` (`idnpd_detail`, `idnpd`, `idverification`, `created`, `createdby`, `updated`, `updatedby`, `status`) VALUES
	(6, 5, 6, '2025-12-31 18:20:34', 'npd', '2025-12-31 18:20:35', 'npd', 1),
	(7, 6, 6, '2025-12-31 18:20:56', 'npd', '2025-12-31 18:21:04', 'npd', 0),
	(8, 7, 5, '2025-12-31 18:21:10', 'npd', '2025-12-31 18:26:08', 'npd', 0),
	(9, 8, 5, '2025-12-31 18:21:20', 'npd', '2025-12-31 18:21:20', 'npd', 1),
	(10, 9, 5, '2025-12-31 18:21:31', 'npd', '2025-12-31 18:21:32', 'npd', 1),
	(11, 10, 5, '2025-12-31 18:22:01', 'npd', '2025-12-31 18:22:02', 'npd', 1),
	(12, 11, 5, '2025-12-31 18:23:44', 'npd', '2025-12-31 18:23:44', 'npd', 1),
	(13, 7, 6, '2025-12-31 18:26:15', 'npd', '2025-12-31 18:26:15', 'npd', 1),
	(14, 12, 8, '2025-12-31 18:31:51', 'superadmin', '2025-12-31 18:31:51', 'superadmin', 1),
	(15, 13, 9, '2025-12-31 18:36:16', 'superadmin', '2025-12-31 18:36:16', 'superadmin', 1),
	(16, 14, 10, '2025-12-31 18:36:21', 'superadmin', '2025-12-31 18:36:22', 'superadmin', 1),
	(17, 15, 11, '2025-12-31 18:36:28', 'superadmin', '2025-12-31 18:36:29', 'superadmin', 1);

-- Dumping structure for table noval.npd_panjer
CREATE TABLE IF NOT EXISTS `npd_panjer` (
  `idnpd_panjer` int NOT NULL AUTO_INCREMENT,
  `npd_panjer_date` datetime DEFAULT NULL COMMENT 'tanggal npd panjer',
  `npd_panjer_code` varchar(50) CHARACTER SET utf8mb4 COLLATE utf8mb4_unicode_ci DEFAULT NULL COMMENT 'nomor invoice',
  `npd_panjer_status` varchar(50) CHARACTER SET utf8mb4 COLLATE utf8mb4_unicode_ci DEFAULT NULL COMMENT 'OK; DRAFT',
  `total_realisasi` double DEFAULT NULL COMMENT 'total dalam 1 invoice',
  `iduser_created` bigint DEFAULT NULL COMMENT 'user yang membuat invoice',
  `created` datetime DEFAULT NULL,
  `createdby` varchar(50) CHARACTER SET utf8mb4 COLLATE utf8mb4_unicode_ci DEFAULT NULL,
  `updated` datetime DEFAULT NULL,
  `updatedby` varchar(50) CHARACTER SET utf8mb4 COLLATE utf8mb4_unicode_ci DEFAULT NULL,
  `status` int DEFAULT '1',
  PRIMARY KEY (`idnpd_panjer`),
  KEY `npd_panjer_date` (`npd_panjer_date`),
  KEY `npd_panjer_code` (`npd_panjer_code`),
  KEY `npd_panjer_status` (`npd_panjer_status`),
  KEY `total_realisasi` (`total_realisasi`),
  KEY `iduser_created` (`iduser_created`),
  KEY `status` (`status`)
) ENGINE=InnoDB AUTO_INCREMENT=6 DEFAULT CHARSET=utf8mb4 COLLATE=utf8mb4_unicode_ci;

-- Dumping data for table noval.npd_panjer: ~0 rows (approximately)

-- Dumping structure for table noval.npd_panjer_detail
CREATE TABLE IF NOT EXISTS `npd_panjer_detail` (
  `idnpd_panjer_detail` int NOT NULL AUTO_INCREMENT,
  `idnpd_panjer` int DEFAULT NULL,
  `idpaket_belanja` int DEFAULT NULL,
  `penyedia` varchar(50) CHARACTER SET utf8mb4 COLLATE utf8mb4_unicode_ci DEFAULT NULL,
  `iduraian` int DEFAULT NULL,
  `idruang` int DEFAULT NULL,
  `name_training` varchar(200) CHARACTER SET utf8mb4 COLLATE utf8mb4_unicode_ci DEFAULT NULL,
  `volume` double DEFAULT NULL,
  `laki` double DEFAULT NULL,
  `perempuan` double DEFAULT NULL,
  `harga_satuan` double DEFAULT NULL,
  `ppn` double DEFAULT NULL,
  `pph` double DEFAULT NULL,
  `total` double DEFAULT NULL,
  `npd_detail_description` text CHARACTER SET utf8mb4 COLLATE utf8mb4_unicode_ci,
  `created` datetime DEFAULT NULL,
  `createdby` varchar(50) CHARACTER SET utf8mb4 COLLATE utf8mb4_unicode_ci DEFAULT NULL,
  `updated` datetime DEFAULT NULL,
  `updatedby` varchar(50) CHARACTER SET utf8mb4 COLLATE utf8mb4_unicode_ci DEFAULT NULL,
  `status` int DEFAULT '1',
  PRIMARY KEY (`idnpd_panjer_detail`),
  KEY `idnpd_panjer` (`idnpd_panjer`),
  KEY `idpaket_belanja` (`idpaket_belanja`),
  KEY `penyedia` (`penyedia`),
  KEY `iduraian` (`iduraian`),
  KEY `idruang` (`idruang`),
  KEY `volume` (`volume`),
  KEY `laki` (`laki`),
  KEY `perempuan` (`perempuan`),
  KEY `harga_satuan` (`harga_satuan`),
  KEY `ppn` (`ppn`),
  KEY `pph` (`pph`),
  KEY `total` (`total`),
  KEY `status` (`status`),
  KEY `nama_training` (`name_training`) USING BTREE,
  CONSTRAINT `FK__npd_panjer` FOREIGN KEY (`idnpd_panjer`) REFERENCES `npd_panjer` (`idnpd_panjer`) ON DELETE CASCADE ON UPDATE CASCADE
) ENGINE=InnoDB AUTO_INCREMENT=5 DEFAULT CHARSET=utf8mb4 COLLATE=utf8mb4_unicode_ci;

-- Dumping data for table noval.npd_panjer_detail: ~0 rows (approximately)

-- Dumping structure for table noval.paket_belanja
CREATE TABLE IF NOT EXISTS `paket_belanja` (
  `idpaket_belanja` int NOT NULL AUTO_INCREMENT,
  `nama_paket_belanja` varchar(200) DEFAULT NULL,
  `nilai_anggaran` double DEFAULT NULL,
  `status_paket_belanja` varchar(50) DEFAULT 'DRAFT' COMMENT 'DRAFT / OK; draft : transaksi belum disimpan (trx baru), OK : transaksi pernah disimpan',
  `idsub_kegiatan` int DEFAULT NULL,
  `idkegiatan` int DEFAULT NULL,
  `idprogram` int DEFAULT NULL,
  `select_ppkom_pptk` varchar(50) DEFAULT NULL COMMENT 'PPKom / PPTK; opsi ini harus terisi dulu sebelum lanjut ke step berikutnya',
  `is_active` int DEFAULT '1',
  `created` datetime DEFAULT NULL,
  `createdby` varchar(50) DEFAULT NULL,
  `updated` datetime DEFAULT NULL,
  `updatedby` varchar(50) DEFAULT NULL,
  `status` int DEFAULT '1',
  PRIMARY KEY (`idpaket_belanja`) USING BTREE,
  KEY `is_active` (`is_active`) USING BTREE,
  KEY `status` (`status`) USING BTREE,
  KEY `nama_urusan` (`nama_paket_belanja`) USING BTREE,
  KEY `tahun_anggaran_urusan` (`idsub_kegiatan`) USING BTREE,
  KEY `idprogram` (`idprogram`),
  KEY `idkategori` (`idkegiatan`) USING BTREE,
  KEY `select_ppkom_pptk` (`select_ppkom_pptk`)
) ENGINE=InnoDB AUTO_INCREMENT=70 DEFAULT CHARSET=utf8mb4 COLLATE=utf8mb4_0900_ai_ci ROW_FORMAT=DYNAMIC;

-- Dumping data for table noval.paket_belanja: ~69 rows (approximately)
INSERT INTO `paket_belanja` (`idpaket_belanja`, `nama_paket_belanja`, `nilai_anggaran`, `status_paket_belanja`, `idsub_kegiatan`, `idkegiatan`, `idprogram`, `select_ppkom_pptk`, `is_active`, `created`, `createdby`, `updated`, `updatedby`, `status`) VALUES
	(1, NULL, NULL, 'DRAFT', 2, 2, 2, NULL, 1, '2025-08-25 09:09:26', 'superadmin', '2025-08-25 09:09:26', 'superadmin', 1),
	(2, NULL, NULL, 'DRAFT', 2, 2, 2, NULL, 1, '2025-08-25 09:15:59', 'superadmin', '2025-08-25 09:15:59', 'superadmin', 1),
	(3, NULL, NULL, 'DRAFT', 2, 2, 2, NULL, 1, '2025-08-25 09:18:18', 'superadmin', '2025-08-25 09:18:18', 'superadmin', 1),
	(4, NULL, NULL, 'DRAFT', 2, 2, 2, NULL, 1, '2025-08-25 09:18:54', 'superadmin', '2025-08-25 09:18:54', 'superadmin', 1),
	(5, NULL, 239498000, 'DRAFT', 2, 2, 2, NULL, 1, '2025-08-25 09:21:01', 'superadmin', '2025-08-25 09:21:45', 'superadmin', 1),
	(6, NULL, 11880000, 'DRAFT', 1, 1, 1, NULL, 1, '2025-08-25 09:51:14', 'superadmin', '2025-08-25 09:55:27', 'superadmin', 1),
	(7, NULL, 11880000, 'DRAFT', 1, 1, 1, NULL, 1, '2025-08-25 10:02:06', 'superadmin', '2025-08-25 10:02:41', 'superadmin', 1),
	(8, NULL, 11880000, 'DRAFT', 1, 1, 1, NULL, 1, '2025-08-25 10:06:27', 'superadmin', '2025-08-25 10:06:55', 'superadmin', 1),
	(9, NULL, 23760000, 'DRAFT', 1, 1, 1, NULL, 1, '2025-08-25 14:10:44', 'superadmin', '2025-08-25 14:11:50', 'superadmin', 1),
	(10, 'Honorarium Tim Pengadaan, Pengelola Keuangan, Barang Daerah, dan Sistem Informasi ASN', 11880000, 'OK', 1, 1, 1, NULL, 1, '2025-08-25 14:16:56', 'superadmin', '2025-08-25 14:17:55', 'superadmin', 0),
	(11, NULL, 239498000, 'DRAFT', 2, 2, 2, NULL, 1, '2025-08-26 09:25:38', 'superadmin', '2025-08-26 09:45:16', 'superadmin', 1),
	(12, NULL, 0, 'DRAFT', 2, 2, 2, NULL, 1, '2025-08-26 10:13:08', 'superadmin', '2025-08-26 10:14:38', 'superadmin', 1),
	(13, NULL, 239498000, 'DRAFT', 2, 2, 2, NULL, 1, '2025-08-26 10:15:55', 'superadmin', '2025-08-26 10:18:21', 'superadmin', 1),
	(14, 'Belanja Alat Kedokteran Pemenuhan KRIS', 7000000000, 'OK', 2, 2, 2, NULL, 1, '2025-08-26 10:28:41', 'superadmin', '2025-08-26 10:56:14', 'superadmin', 1),
	(15, 'Honorarium Tim Pengadaan, Pengelola Keuangan, Barang Daerah, dan Sistem Informasi ASN', 51327000, 'OK', 1, 1, 1, NULL, 1, '2025-08-26 12:57:58', 'superadmin', '2025-08-26 13:05:43', 'superadmin', 1),
	(16, 'Pembinaan Dewan Pengawas pada BLUD', 66680000, 'OK', 1, 1, 1, NULL, 1, '2025-08-26 13:14:21', 'superadmin', '2025-08-26 15:31:49', 'superadmin', 1),
	(17, 'Penyediaan Jasa Surat Menyurat', 40600000, 'OK', 1, 1, 1, NULL, 1, '2025-08-26 13:46:27', 'superadmin', '2025-08-26 13:52:21', 'superadmin', 1),
	(18, 'Aksesibilitas penderita kusta dan disabilitas', 18000000, 'OK', 1, 1, 1, NULL, 1, '2025-08-26 15:34:17', 'superadmin', '2025-08-26 15:42:35', 'superadmin', 1),
	(19, 'Belanja Jasa Pegawai Tidak Tetap BLUD', 4252228200, 'OK', 1, 1, 1, NULL, 1, '2025-08-26 16:12:09', 'superadmin', '2025-08-28 16:02:33', 'superadmin', 1),
	(20, NULL, NULL, 'DRAFT', 1, 1, 1, NULL, 1, '2025-08-28 16:04:27', 'superadmin', '2025-08-28 16:04:27', 'superadmin', 1),
	(21, 'Fasilitasi Kunjungan Tamu', 33500000, 'OK', 1, 1, 1, NULL, 1, '2025-09-01 07:57:08', 'superadmin', '2025-09-01 08:00:07', 'superadmin', 1),
	(22, 'Kegiatan PKRS', 103576000, 'OK', 1, 1, 1, NULL, 1, '2025-09-01 08:00:53', 'superadmin', '2025-09-01 08:26:48', 'superadmin', 1),
	(23, 'Outsoursing Cleaning Service', 2422572000, 'OK', 1, 1, 1, NULL, 1, '2025-09-01 08:28:07', 'superadmin', '2025-09-01 08:32:34', 'superadmin', 1),
	(24, 'Outsoursing Satpam', 873408000, 'OK', 1, 1, 1, NULL, 1, '2025-09-01 08:33:13', 'superadmin', '2025-09-01 08:35:33', 'superadmin', 1),
	(25, 'Pelaksanaan Rapat-rapat Internal, evaluasi, layanan dan Inovasi Pelayanan Publik Rumah Sakit', 152235000, 'OK', 1, 1, 1, NULL, 1, '2025-09-01 08:37:11', 'superadmin', '2025-09-01 09:15:33', 'superadmin', 1),
	(26, 'Pembiayaan Listrik, Air, Telepon RS', 1609095500, 'OK', 1, 1, 1, NULL, 1, '2025-09-01 09:16:23', 'superadmin', '2025-09-01 09:20:10', 'superadmin', 1),
	(27, 'Peringatan Hari Besar', 100025000, 'OK', 1, 1, 1, NULL, 1, '2025-09-01 09:21:50', 'superadmin', '2025-09-01 09:46:49', 'superadmin', 1),
	(28, 'Pemeliharaan dan atau penyediaan suku cadang alat - alat kesehatan RS', 2169985000, 'OK', 1, 1, 1, NULL, 1, '2025-09-01 09:47:47', 'superadmin', '2025-09-01 10:09:11', 'superadmin', 1),
	(29, 'Pemeliharaan dan atau penyediaan suku cadang peralatan RS', 848900000, 'OK', 1, 1, 1, NULL, 1, '2025-09-01 10:10:32', 'superadmin', '2025-09-01 10:29:59', 'superadmin', 1),
	(30, 'Pendampingan dan Evaluasi Sistem Manajemen Rumah Sakit', 76371000, 'OK', 1, 1, 1, NULL, 1, '2025-09-01 10:30:46', 'superadmin', '2025-09-01 10:36:55', 'superadmin', 1),
	(31, 'Pendidikan dan Pelatihan Pegawai', 239956000, 'OK', 1, 1, 1, NULL, 1, '2025-09-01 10:37:43', 'superadmin', '2025-09-01 11:21:29', 'superadmin', 1),
	(32, 'Pengadaan Peralatan / Perlengkapan rumah tangga RS', 1716666570, 'OK', 1, 1, 1, NULL, 1, '2025-09-01 11:22:14', 'superadmin', '2025-09-02 08:33:13', 'superadmin', 1),
	(33, 'Pertemuan Sosialisasi Program RS dengan FKTP', 10100000, 'OK', 1, 1, 1, NULL, 1, '2025-09-02 08:33:54', 'superadmin', '2025-09-02 08:35:45', 'superadmin', 1),
	(34, 'Penyediaan Bahan Logistik Kantor', 1158056000, 'OK', 1, 1, 1, NULL, 1, '2025-09-02 08:36:26', 'superadmin', '2025-09-02 10:37:39', 'superadmin', 1),
	(35, 'Penyediaan operasional pelayanan rehabilitasi dan keterapian fisik', 52128400, 'OK', 1, 1, 1, NULL, 1, '2025-09-02 10:39:14', 'superadmin', '2025-09-02 10:59:46', 'superadmin', 1),
	(36, 'Penyediaan barang cetakan, penggandaan dan dokumentasi publikasi', 670661400, 'OK', 1, 1, 1, NULL, 1, '2025-09-02 11:00:46', 'superadmin', '2025-09-03 08:23:17', 'superadmin', 1),
	(37, 'Penyediaan biaya jasa administrasi, perijinan dan sertifikasi', 324911500, 'OK', 1, 1, 1, NULL, 1, '2025-09-03 08:24:09', 'superadmin', '2025-09-03 09:09:28', 'superadmin', 1),
	(38, 'Penyediaan biaya operasional kendaraan', 511950000, 'OK', 1, 1, 1, NULL, 1, '2025-09-03 09:10:07', 'superadmin', '2025-09-03 09:31:34', 'superadmin', 1),
	(39, 'Jasa Pelayanan Rumah Sakit ', 24914240000, 'OK', 1, 1, 1, NULL, 1, '2025-09-03 09:32:05', 'superadmin', '2025-09-03 09:33:18', 'superadmin', 1),
	(40, 'Penyediaan jasa operasional', 2958836000, 'OK', 1, 1, 1, NULL, 1, '2025-09-03 09:33:43', 'superadmin', '2025-09-03 09:51:09', 'superadmin', 1),
	(41, 'Penyediaan Operasional RS', 1114510466, 'OK', 1, 1, 1, NULL, 1, '2025-09-03 09:51:44', 'superadmin', '2025-09-03 16:02:06', 'superadmin', 1),
	(42, 'Penyediaan makan minum harian pasien', 2677680000, 'OK', 1, 1, 1, NULL, 1, '2025-09-03 16:03:19', 'superadmin', '2025-09-03 16:04:49', 'superadmin', 1),
	(43, 'Penyelenggaraan Rapat Koordinasi dan Konsultasi', 446000000, 'OK', 1, 1, 1, NULL, 1, '2025-09-03 16:05:31', 'superadmin', '2025-09-04 07:35:10', 'superadmin', 1),
	(44, 'Penyusunan, Pengembangan, Pemeliharaan dan Pelaksanaan Sistem Informasi Kesehatan Rumah Sakit', 947175510, 'OK', 1, 1, 1, NULL, 1, '2025-09-04 07:35:45', 'superadmin', '2025-09-04 10:53:11', 'superadmin', 1),
	(45, 'Pemeliharaan arsitektur gedung dan bangunan pelayanan', 449500000, 'OK', 1, 1, 1, NULL, 1, '2025-09-04 08:16:17', 'superadmin', '2025-09-04 08:20:35', 'superadmin', 1),
	(46, NULL, 26100000, 'DRAFT', 1, 1, 1, NULL, 1, '2025-09-04 08:22:10', 'superadmin', '2025-09-04 08:24:15', 'superadmin', 1),
	(47, 'Pemeliharaan Sipil, Arsitektur Gedung dan Bangunan Pelayanan ', 237800000, 'OK', 1, 1, 1, NULL, 1, '2025-09-04 08:27:00', 'superadmin', '2025-09-04 08:29:47', 'superadmin', 1),
	(48, 'Perawatan Jenazah', 19584000, 'OK', 1, 1, 1, NULL, 1, '2025-09-04 08:28:14', 'superadmin', '2025-09-04 08:35:01', 'superadmin', 1),
	(49, 'Rehap Gedung Rawat Inap Anggrek Tahap II', 1732405000, 'OK', 1, 1, 1, NULL, 1, '2025-09-04 08:30:35', 'superadmin', '2025-09-04 09:19:30', 'superadmin', 1),
	(50, 'Pemasaran RS', 184639000, 'OK', 1, 1, 1, NULL, 1, '2025-09-04 08:35:43', 'superadmin', '2025-09-04 08:52:53', 'superadmin', 1),
	(51, 'Khitan Masal', 28850000, 'OK', 1, 1, 1, NULL, 1, '2025-09-04 08:53:34', 'superadmin', '2025-09-04 08:58:37', 'superadmin', 1),
	(52, 'Inhouse training dalam rangka peningkatan kompetensi pegawai', 27500000, 'OK', 1, 1, 1, NULL, 1, '2025-09-04 08:59:06', 'superadmin', '2025-09-04 09:04:13', 'superadmin', 1),
	(53, 'Sosialisasi Kepegawaian', 60750000, 'OK', 1, 1, 1, NULL, 1, '2025-09-04 09:04:42', 'superadmin', '2025-09-04 09:07:30', 'superadmin', 1),
	(54, 'Gelar Pameran', 62520000, 'OK', 1, 1, 1, NULL, 1, '2025-09-04 09:07:54', 'superadmin', '2025-09-04 10:56:33', 'superadmin', 1),
	(55, 'Pelatihan Manajemen SPI Rumah Sakit', 10000000, 'OK', 1, 1, 1, NULL, 1, '2025-09-04 09:30:52', 'superadmin', '2025-09-04 09:35:54', 'superadmin', 1),
	(56, 'Sediaan Farmasi, Alat Kesehatan dan Bahan Medis Habis Pakai', 12830342854, 'OK', 1, 1, 1, NULL, 1, '2025-09-04 09:31:33', 'superadmin', '2025-12-22 15:01:09', 'kpa', 1),
	(57, 'Pengadaan alat kesehatan rumah sakit', 1112884600, 'OK', 1, 1, 1, 'PPK', 1, '2025-09-04 09:35:21', 'superadmin', '2025-12-31 16:38:22', 'pptk', 1),
	(58, 'Pembuatan Pondasi Penahan Tanah Depan Gedung UKM', 119129000, 'OK', 1, 1, 1, NULL, 1, '2025-09-04 09:37:01', 'superadmin', '2025-09-04 09:40:38', 'superadmin', 1),
	(59, 'Rehab Ruang Rapat Poli Lantai II Menjadi Ruang Komite', 103299000, 'OK', 1, 1, 1, NULL, 1, '2025-09-04 09:42:01', 'superadmin', '2025-09-04 09:53:52', 'superadmin', 1),
	(60, 'Sosialisasi Perpajakan (SPT Pajak Tahunan)', 13250000, 'OK', 1, 1, 1, NULL, 1, '2025-09-04 09:55:59', 'superadmin', '2025-09-04 10:03:45', 'superadmin', 1),
	(61, 'Audit Umum atas Laporan Keuangan RSUD Sumberglagah Tahun 2024', 85000000, 'OK', 1, 1, 1, 'PPK', 1, '2025-09-04 10:04:53', 'superadmin', '2025-12-31 16:37:34', 'pptk', 1),
	(62, NULL, NULL, 'DRAFT', 1, 1, 1, NULL, 1, '2025-09-04 10:12:55', 'superadmin', '2025-09-04 10:12:55', 'superadmin', 1),
	(63, 'Pengadaan Pakaian Dinas beserta Atribut Kelengkapannya', 320400000, 'OK', 1, 1, 1, 'PPK', 1, '2025-09-04 10:15:56', 'superadmin', '2025-12-31 16:36:55', 'pptk', 1),
	(64, 'Pemasangan Kembali Membrane Lama Area Pakir Poli Rawat Jalan', 58000000, 'OK', 1, 1, 1, NULL, 1, '2025-09-04 10:16:50', 'superadmin', '2025-12-27 08:00:58', 'superadmin', 1),
	(65, 'Penyusunan Dokumen Studi Kelayakan Pengembangan Pelayanan', 100000000, 'OK', 1, 1, 1, 'PPK', 1, '2025-09-04 10:18:01', 'superadmin', '2025-12-31 16:34:37', 'pptk', 1),
	(66, 'Pembinaan, Koordinasi dan evaluasi BLUD', 79200000, 'OK', 1, 1, 1, 'PP', 1, '2025-09-04 10:18:59', 'superadmin', '2025-12-26 16:31:12', 'pptk', 1),
	(67, NULL, NULL, 'DRAFT', 1, 1, 1, NULL, 1, '2025-09-04 10:23:23', 'superadmin', '2025-09-04 10:23:23', 'superadmin', 1),
	(68, 'Perubahan Dinding Partisi Ruang Fisotherapi', 34172000, 'OK', 1, 1, 1, NULL, 1, '2025-09-04 10:25:56', 'superadmin', '2025-12-26 16:31:00', 'pptk', 1),
	(69, 'Kegiatan RS Pendidikan', 55000000, 'OK', 1, 1, 1, 'PPK', 1, '2025-09-04 10:41:42', 'superadmin', '2025-12-26 16:30:49', 'pptk', 1);

-- Dumping structure for table noval.paket_belanja_detail
CREATE TABLE IF NOT EXISTS `paket_belanja_detail` (
  `idpaket_belanja_detail` int NOT NULL AUTO_INCREMENT,
  `idakun_belanja` int DEFAULT NULL,
  `idpaket_belanja` int DEFAULT NULL,
  `created` datetime DEFAULT NULL,
  `createdby` varchar(50) DEFAULT NULL,
  `updated` datetime DEFAULT NULL,
  `updatedby` varchar(50) DEFAULT NULL,
  `status` int DEFAULT '1',
  PRIMARY KEY (`idpaket_belanja_detail`) USING BTREE,
  KEY `status` (`status`) USING BTREE,
  KEY `tahun_anggaran_urusan` (`idpaket_belanja`) USING BTREE,
  KEY `nama_urusan` (`idakun_belanja`) USING BTREE,
  CONSTRAINT `FK_paket_belanja_detail_paket_belanja` FOREIGN KEY (`idpaket_belanja`) REFERENCES `paket_belanja` (`idpaket_belanja`) ON DELETE CASCADE ON UPDATE CASCADE
) ENGINE=InnoDB AUTO_INCREMENT=87 DEFAULT CHARSET=utf8mb4 COLLATE=utf8mb4_0900_ai_ci ROW_FORMAT=DYNAMIC;

-- Dumping data for table noval.paket_belanja_detail: ~86 rows (approximately)
INSERT INTO `paket_belanja_detail` (`idpaket_belanja_detail`, `idakun_belanja`, `idpaket_belanja`, `created`, `createdby`, `updated`, `updatedby`, `status`) VALUES
	(1, 2, 1, '2025-08-25 09:09:26', 'superadmin', '2025-08-25 09:09:26', 'superadmin', 1),
	(2, 2, 2, '2025-08-25 09:15:59', 'superadmin', '2025-08-25 09:15:59', 'superadmin', 1),
	(3, 2, 3, '2025-08-25 09:18:18', 'superadmin', '2025-08-25 09:18:18', 'superadmin', 1),
	(4, 2, 4, '2025-08-25 09:18:54', 'superadmin', '2025-08-25 09:18:54', 'superadmin', 1),
	(5, 2, 5, '2025-08-25 09:21:01', 'superadmin', '2025-08-25 09:21:01', 'superadmin', 1),
	(6, 3, 6, '2025-08-25 09:51:14', 'superadmin', '2025-08-25 09:51:14', 'superadmin', 1),
	(7, 3, 7, '2025-08-25 10:02:06', 'superadmin', '2025-08-25 10:02:06', 'superadmin', 1),
	(8, 3, 8, '2025-08-25 10:06:27', 'superadmin', '2025-08-25 10:06:27', 'superadmin', 1),
	(9, 3, 9, '2025-08-25 14:10:44', 'superadmin', '2025-08-25 14:10:44', 'superadmin', 1),
	(10, 3, 10, '2025-08-25 14:16:56', 'superadmin', '2025-08-25 14:17:55', 'superadmin', 0),
	(11, 2, 11, '2025-08-26 09:25:38', 'superadmin', '2025-08-26 09:25:38', 'superadmin', 1),
	(12, 7, 11, '2025-08-26 09:26:43', 'superadmin', '2025-08-26 09:26:43', 'superadmin', 1),
	(13, 8, 11, '2025-08-26 09:26:52', 'superadmin', '2025-08-26 09:26:52', 'superadmin', 1),
	(14, 9, 11, '2025-08-26 09:27:05', 'superadmin', '2025-08-26 09:27:05', 'superadmin', 1),
	(15, 10, 11, '2025-08-26 09:27:17', 'superadmin', '2025-08-26 09:27:17', 'superadmin', 1),
	(16, 2, 12, '2025-08-26 10:13:08', 'superadmin', '2025-08-26 10:13:08', 'superadmin', 1),
	(17, 2, 13, '2025-08-26 10:15:55', 'superadmin', '2025-08-26 10:15:55', 'superadmin', 1),
	(18, 2, 14, '2025-08-26 10:28:41', 'superadmin', '2025-08-26 10:28:41', 'superadmin', 1),
	(19, 7, 14, '2025-08-26 10:46:24', 'superadmin', '2025-08-26 10:46:24', 'superadmin', 1),
	(20, 8, 14, '2025-08-26 10:48:26', 'superadmin', '2025-08-26 10:48:26', 'superadmin', 1),
	(21, 9, 14, '2025-08-26 10:48:37', 'superadmin', '2025-08-26 10:48:37', 'superadmin', 1),
	(22, 10, 14, '2025-08-26 10:48:48', 'superadmin', '2025-08-26 10:48:48', 'superadmin', 1),
	(23, 3, 15, '2025-08-26 12:57:58', 'superadmin', '2025-08-26 12:57:58', 'superadmin', 1),
	(24, 3, 16, '2025-08-26 13:14:21', 'superadmin', '2025-08-26 13:14:21', 'superadmin', 1),
	(25, 3, 17, '2025-08-26 13:46:27', 'superadmin', '2025-08-26 13:46:27', 'superadmin', 1),
	(26, 3, 18, '2025-08-26 15:34:17', 'superadmin', '2025-08-26 15:34:17', 'superadmin', 1),
	(27, 3, 19, '2025-08-26 16:12:09', 'superadmin', '2025-08-26 16:12:09', 'superadmin', 1),
	(28, 3, 20, '2025-08-28 16:04:27', 'superadmin', '2025-08-28 16:04:27', 'superadmin', 1),
	(29, 3, 21, '2025-09-01 07:57:08', 'superadmin', '2025-09-01 07:57:08', 'superadmin', 1),
	(30, 3, 22, '2025-09-01 08:00:53', 'superadmin', '2025-09-01 08:00:53', 'superadmin', 1),
	(31, 4, 22, '2025-09-01 08:21:28', 'superadmin', '2025-09-01 08:21:28', 'superadmin', 1),
	(32, 3, 23, '2025-09-01 08:28:07', 'superadmin', '2025-09-01 08:28:07', 'superadmin', 1),
	(33, 3, 24, '2025-09-01 08:33:13', 'superadmin', '2025-09-01 08:33:13', 'superadmin', 1),
	(34, 3, 25, '2025-09-01 08:37:11', 'superadmin', '2025-09-01 08:37:11', 'superadmin', 1),
	(35, 3, 26, '2025-09-01 09:16:23', 'superadmin', '2025-09-01 09:16:23', 'superadmin', 1),
	(36, 3, 27, '2025-09-01 09:21:50', 'superadmin', '2025-09-01 09:21:50', 'superadmin', 1),
	(37, 3, 28, '2025-09-01 09:47:47', 'superadmin', '2025-09-01 09:47:47', 'superadmin', 1),
	(38, 3, 29, '2025-09-01 10:10:32', 'superadmin', '2025-09-01 10:10:32', 'superadmin', 1),
	(39, 3, 30, '2025-09-01 10:30:46', 'superadmin', '2025-09-01 10:30:46', 'superadmin', 1),
	(40, 3, 31, '2025-09-01 10:37:43', 'superadmin', '2025-09-01 10:37:43', 'superadmin', 1),
	(41, 3, 32, '2025-09-01 11:22:14', 'superadmin', '2025-09-01 11:22:14', 'superadmin', 1),
	(42, 3, 32, '2025-09-01 11:22:23', 'superadmin', '2025-09-01 11:22:28', 'superadmin', 0),
	(43, 4, 32, '2025-09-01 15:02:18', 'superadmin', '2025-09-01 15:02:18', 'superadmin', 1),
	(44, 3, 33, '2025-09-02 08:33:54', 'superadmin', '2025-09-02 08:33:54', 'superadmin', 1),
	(45, 3, 34, '2025-09-02 08:36:26', 'superadmin', '2025-09-02 08:36:26', 'superadmin', 1),
	(46, 3, 35, '2025-09-02 10:39:14', 'superadmin', '2025-09-02 10:39:14', 'superadmin', 1),
	(47, 3, 36, '2025-09-02 11:00:46', 'superadmin', '2025-09-02 11:00:46', 'superadmin', 1),
	(48, 3, 37, '2025-09-03 08:24:09', 'superadmin', '2025-09-03 08:24:09', 'superadmin', 1),
	(49, 3, 38, '2025-09-03 09:10:07', 'superadmin', '2025-09-03 09:10:07', 'superadmin', 1),
	(50, 3, 39, '2025-09-03 09:32:05', 'superadmin', '2025-09-03 09:32:05', 'superadmin', 1),
	(51, 3, 40, '2025-09-03 09:33:43', 'superadmin', '2025-09-03 09:33:43', 'superadmin', 1),
	(52, 3, 41, '2025-09-03 09:51:44', 'superadmin', '2025-09-03 09:51:44', 'superadmin', 1),
	(53, 3, 42, '2025-09-03 16:03:19', 'superadmin', '2025-09-03 16:03:19', 'superadmin', 1),
	(54, 3, 43, '2025-09-03 16:05:31', 'superadmin', '2025-09-03 16:05:31', 'superadmin', 1),
	(55, 3, 44, '2025-09-04 07:35:45', 'superadmin', '2025-09-04 07:35:45', 'superadmin', 1),
	(56, 4, 44, '2025-09-04 08:09:10', 'superadmin', '2025-09-04 08:09:10', 'superadmin', 1),
	(57, 3, 45, '2025-09-04 08:16:17', 'superadmin', '2025-09-04 08:16:17', 'superadmin', 1),
	(58, 3, 46, '2025-09-04 08:22:10', 'superadmin', '2025-09-04 08:22:10', 'superadmin', 1),
	(59, 6, 44, '2025-09-04 08:25:49', 'superadmin', '2025-09-04 08:25:49', 'superadmin', 1),
	(60, 3, 47, '2025-09-04 08:27:00', 'superadmin', '2025-09-04 08:27:00', 'superadmin', 1),
	(61, 3, 48, '2025-09-04 08:28:14', 'superadmin', '2025-09-04 08:28:14', 'superadmin', 1),
	(62, 3, 49, '2025-09-04 08:30:35', 'superadmin', '2025-09-04 08:30:35', 'superadmin', 1),
	(63, 5, 49, '2025-09-04 08:30:53', 'superadmin', '2025-09-04 08:30:53', 'superadmin', 1),
	(64, 3, 50, '2025-09-04 08:35:43', 'superadmin', '2025-09-04 08:35:43', 'superadmin', 1),
	(65, 4, 50, '2025-09-04 08:45:13', 'superadmin', '2025-09-04 08:45:13', 'superadmin', 1),
	(66, 3, 51, '2025-09-04 08:53:34', 'superadmin', '2025-09-04 08:53:34', 'superadmin', 1),
	(67, 3, 52, '2025-09-04 08:59:06', 'superadmin', '2025-09-04 08:59:06', 'superadmin', 1),
	(68, 3, 53, '2025-09-04 09:04:42', 'superadmin', '2025-09-04 09:04:42', 'superadmin', 1),
	(69, 3, 54, '2025-09-04 09:07:54', 'superadmin', '2025-09-04 09:07:54', 'superadmin', 1),
	(70, 3, 55, '2025-09-04 09:30:52', 'superadmin', '2025-09-04 09:30:52', 'superadmin', 1),
	(71, 3, 56, '2025-09-04 09:31:33', 'superadmin', '2025-09-04 09:31:33', 'superadmin', 1),
	(72, 3, 57, '2025-09-04 09:35:21', 'superadmin', '2025-09-04 09:35:21', 'superadmin', 1),
	(73, 6, 58, '2025-09-04 09:37:01', 'superadmin', '2025-09-04 09:37:01', 'superadmin', 1),
	(74, 3, 59, '2025-09-04 09:42:01', 'superadmin', '2025-09-04 09:42:01', 'superadmin', 1),
	(75, 4, 57, '2025-09-04 09:42:40', 'superadmin', '2025-09-04 09:42:40', 'superadmin', 1),
	(76, 3, 60, '2025-09-04 09:55:59', 'superadmin', '2025-09-04 09:55:59', 'superadmin', 1),
	(77, 3, 61, '2025-09-04 10:04:53', 'superadmin', '2025-09-04 10:04:53', 'superadmin', 1),
	(78, 3, 62, '2025-09-04 10:12:55', 'superadmin', '2025-09-04 10:12:55', 'superadmin', 1),
	(79, 3, 63, '2025-09-04 10:15:56', 'superadmin', '2025-09-04 10:15:56', 'superadmin', 1),
	(80, 3, 64, '2025-09-04 10:16:50', 'superadmin', '2025-09-04 10:16:50', 'superadmin', 1),
	(81, 3, 65, '2025-09-04 10:18:01', 'superadmin', '2025-09-04 10:18:01', 'superadmin', 1),
	(82, 3, 66, '2025-09-04 10:18:59', 'superadmin', '2025-09-04 10:18:59', 'superadmin', 1),
	(83, 3, 67, '2025-09-04 10:23:23', 'superadmin', '2025-09-04 10:23:23', 'superadmin', 1),
	(84, 3, 68, '2025-09-04 10:25:56', 'superadmin', '2025-09-04 10:25:56', 'superadmin', 1),
	(85, 3, 69, '2025-09-04 10:41:42', 'superadmin', '2025-09-04 10:41:42', 'superadmin', 1),
	(86, 4, 69, '2025-09-04 10:41:47', 'superadmin', '2025-09-04 10:41:47', 'superadmin', 1);

-- Dumping structure for table noval.paket_belanja_detail_sub
CREATE TABLE IF NOT EXISTS `paket_belanja_detail_sub` (
  `idpaket_belanja_detail_sub` int NOT NULL AUTO_INCREMENT,
  `idkategori` int DEFAULT NULL,
  `idsub_kategori` int DEFAULT NULL,
  `idpaket_belanja` int DEFAULT NULL COMMENT 'turunan dari tabel paket_belanja',
  `idpaket_belanja_detail` int DEFAULT NULL COMMENT 'turunan dari tabel paket_belanja detail berdasarkan idpaket_belanja_detail',
  `is_idpaket_belanja_detail_sub` int DEFAULT NULL COMMENT 'terisi jika data ini turunan dari kategori, mengacu pada kolom idpaket_belanja_detail_sub',
  `status_detail_step` varchar(50) DEFAULT NULL COMMENT 'untuk menandakan id tabel ini di step mana',
  `volume` double DEFAULT NULL,
  `volume_realization` double DEFAULT '0' COMMENT 'volume yang sudah diproses ',
  `idsatuan` int DEFAULT NULL,
  `harga_satuan` double DEFAULT NULL,
  `jumlah` double DEFAULT NULL,
  `is_kategori` int DEFAULT NULL COMMENT 'bernilai 1 jika termasuk kategori',
  `is_subkategori` int DEFAULT NULL COMMENT 'bernilai 1 jika termasuk sub kategori',
  `spesifikasi` text COMMENT 'spesifikasi dari uraian yang dipilih',
  `link_url` varchar(200) DEFAULT NULL COMMENT 'link url dari spesifikasi yang diisi',
  `rak_volume_januari` double DEFAULT NULL,
  `rak_jumlah_januari` double DEFAULT NULL,
  `rak_volume_februari` double DEFAULT NULL,
  `rak_jumlah_februari` double DEFAULT NULL,
  `rak_volume_maret` double DEFAULT NULL,
  `rak_jumlah_maret` double DEFAULT NULL,
  `rak_volume_april` double DEFAULT NULL,
  `rak_jumlah_april` double DEFAULT NULL,
  `rak_volume_mei` double DEFAULT NULL,
  `rak_jumlah_mei` double DEFAULT NULL,
  `rak_volume_juni` double DEFAULT NULL,
  `rak_jumlah_juni` double DEFAULT NULL,
  `rak_volume_juli` double DEFAULT NULL,
  `rak_jumlah_juli` double DEFAULT NULL,
  `rak_volume_agustus` double DEFAULT NULL,
  `rak_jumlah_agustus` double DEFAULT NULL,
  `rak_volume_september` double DEFAULT NULL,
  `rak_jumlah_september` double DEFAULT NULL,
  `rak_volume_oktober` double DEFAULT NULL,
  `rak_jumlah_oktober` double unsigned DEFAULT NULL,
  `rak_volume_november` double DEFAULT NULL,
  `rak_jumlah_november` double DEFAULT NULL,
  `rak_volume_desember` double DEFAULT NULL,
  `rak_jumlah_desember` double DEFAULT NULL,
  `created` datetime DEFAULT NULL,
  `createdby` varchar(50) DEFAULT NULL,
  `updated` datetime DEFAULT NULL,
  `updatedby` varchar(50) DEFAULT NULL,
  `status` int DEFAULT '1',
  PRIMARY KEY (`idpaket_belanja_detail_sub`) USING BTREE,
  KEY `status` (`status`) USING BTREE,
  KEY `nama_urusan` (`idkategori`) USING BTREE,
  KEY `is_kategori` (`is_kategori`),
  KEY `is_subkategori` (`is_subkategori`),
  KEY `idsub_kategori` (`idsub_kategori`),
  KEY `idakun_belanja` (`idpaket_belanja_detail`) USING BTREE,
  KEY `volume` (`volume`),
  KEY `idsatuan` (`idsatuan`),
  KEY `harga_satuan` (`harga_satuan`),
  KEY `jumlah` (`jumlah`),
  KEY `is_idpaket_belanja_detail_sub` (`is_idpaket_belanja_detail_sub`),
  KEY `idpaket_belanja` (`idpaket_belanja`),
  KEY `link_url` (`link_url`),
  KEY `status_detail_step` (`status_detail_step`),
  KEY `volume_realization` (`volume_realization`)
) ENGINE=InnoDB AUTO_INCREMENT=1340 DEFAULT CHARSET=utf8mb4 COLLATE=utf8mb4_0900_ai_ci ROW_FORMAT=DYNAMIC;

-- Dumping data for table noval.paket_belanja_detail_sub: ~1.339 rows (approximately)
INSERT INTO `paket_belanja_detail_sub` (`idpaket_belanja_detail_sub`, `idkategori`, `idsub_kategori`, `idpaket_belanja`, `idpaket_belanja_detail`, `is_idpaket_belanja_detail_sub`, `status_detail_step`, `volume`, `volume_realization`, `idsatuan`, `harga_satuan`, `jumlah`, `is_kategori`, `is_subkategori`, `spesifikasi`, `link_url`, `rak_volume_januari`, `rak_jumlah_januari`, `rak_volume_februari`, `rak_jumlah_februari`, `rak_volume_maret`, `rak_jumlah_maret`, `rak_volume_april`, `rak_jumlah_april`, `rak_volume_mei`, `rak_jumlah_mei`, `rak_volume_juni`, `rak_jumlah_juni`, `rak_volume_juli`, `rak_jumlah_juli`, `rak_volume_agustus`, `rak_jumlah_agustus`, `rak_volume_september`, `rak_jumlah_september`, `rak_volume_oktober`, `rak_jumlah_oktober`, `rak_volume_november`, `rak_jumlah_november`, `rak_volume_desember`, `rak_jumlah_desember`, `created`, `createdby`, `updated`, `updatedby`, `status`) VALUES
	(1, 1, NULL, 2, 2, NULL, NULL, NULL, 0, NULL, NULL, NULL, 1, 0, NULL, NULL, NULL, NULL, NULL, NULL, NULL, NULL, NULL, NULL, NULL, NULL, NULL, NULL, NULL, NULL, NULL, NULL, NULL, NULL, NULL, NULL, NULL, NULL, NULL, NULL, '2025-08-25 09:16:20', 'superadmin', '2025-08-25 09:16:20', 'superadmin', 1),
	(2, 1, NULL, 4, 4, NULL, NULL, NULL, 0, NULL, NULL, NULL, 1, 0, NULL, NULL, NULL, NULL, NULL, NULL, NULL, NULL, NULL, NULL, NULL, NULL, NULL, NULL, NULL, NULL, NULL, NULL, NULL, NULL, NULL, NULL, NULL, NULL, NULL, NULL, '2025-08-25 09:19:55', 'superadmin', '2025-08-25 09:19:55', 'superadmin', 1),
	(3, 1, NULL, 5, 5, NULL, NULL, NULL, 0, NULL, NULL, NULL, 1, 0, NULL, NULL, NULL, NULL, NULL, NULL, NULL, NULL, NULL, NULL, NULL, NULL, NULL, NULL, NULL, NULL, NULL, NULL, NULL, NULL, NULL, NULL, NULL, NULL, NULL, NULL, '2025-08-25 09:21:07', 'superadmin', '2025-08-25 09:21:07', 'superadmin', 1),
	(4, NULL, 1, NULL, NULL, 3, NULL, 2, 0, 1, 119749000, 239498000, 0, 1, NULL, NULL, NULL, NULL, NULL, NULL, NULL, NULL, 2, 239498000, NULL, NULL, NULL, NULL, NULL, NULL, NULL, NULL, NULL, NULL, NULL, NULL, NULL, NULL, NULL, NULL, '2025-08-25 09:21:45', 'superadmin', '2025-08-25 09:21:45', 'superadmin', 1),
	(5, NULL, 2, 6, 6, NULL, NULL, 24, 0, 2, 495000, 11880000, 0, 1, NULL, NULL, 2, 990000, 2, 990000, 2, 990000, 2, 990000, 2, 990000, 2, 990000, 2, 990000, 2, 990000, 2, 990000, 2, 990000, 2, 990000, 2, 990000, '2025-08-25 09:55:27', 'superadmin', '2025-08-25 09:55:27', 'superadmin', 1),
	(6, NULL, 2, 7, 7, NULL, NULL, 24, 0, 2, 495000, 11880000, 0, 1, NULL, NULL, 2, 990000, 2, 990000, 2, 990000, 2, 990000, 2, 990000, 2, 990000, 2, 990000, 2, 990000, 2, 990000, 2, 990000, 2, 990000, 2, 990000, '2025-08-25 10:02:41', 'superadmin', '2025-08-25 10:02:41', 'superadmin', 1),
	(7, NULL, 2, 8, 8, NULL, NULL, 24, 0, 2, 495000, 11880000, 0, 1, NULL, NULL, 2, 990000, 2, 990000, 2, 990000, 2, 990000, 2, 990000, 2, 990000, 2, 990000, 2, 990000, 2, 990000, 2, 990000, 2, 990000, 2, 990000, '2025-08-25 10:06:55', 'superadmin', '2025-08-25 10:06:55', 'superadmin', 1),
	(8, NULL, 2, 9, 9, NULL, NULL, 24, 0, 2, 495000, 11880000, 0, 1, NULL, NULL, 2, 990000, 2, 990000, 2, 990000, 2, 990000, 2, 990000, 2, 990000, 2, 990000, 2, 990000, 2, 990000, 2, 990000, 2, 990000, 2, 990000, '2025-08-25 14:11:18', 'superadmin', '2025-08-25 14:11:18', 'superadmin', 1),
	(9, NULL, 2, 9, 9, NULL, NULL, 24, 0, 2, 495000, 11880000, 0, 1, NULL, NULL, 2, 990000, 2, 990000, 2, 990000, 2, 990000, 2, 990000, 2, 990000, 2, 990000, 2, 990000, 2, 990000, 2, 990000, 2, 990000, 2, 990000, '2025-08-25 14:11:50', 'superadmin', '2025-08-25 14:11:50', 'superadmin', 1),
	(10, NULL, 2, 9, 9, NULL, NULL, 24, 0, 2, 495000, 11880000, 0, 1, NULL, NULL, 2, 990000, 2, 990000, 2, 990000, 2, 990000, 2, 990000, 2, 990000, 2, 990000, 2, 990000, 2, 990000, 2, 990000, 2, 990000, 2, 990000, '2025-08-25 14:12:56', 'superadmin', '2025-08-25 14:12:56', 'superadmin', 1),
	(11, NULL, 2, 10, 10, NULL, NULL, 24, 0, 2, 495000, 11880000, 0, 1, NULL, NULL, 2, 990000, 2, 990000, 2, 990000, 2, 990000, 2, 990000, 2, 990000, 2, 990000, 2, 990000, 2, 990000, 2, 990000, 2, 990000, 2, 990000, '2025-08-25 14:17:28', 'superadmin', '2025-08-25 14:17:55', 'superadmin', 0),
	(12, 1, NULL, 11, 11, NULL, NULL, NULL, 0, NULL, NULL, NULL, 1, 0, NULL, NULL, NULL, NULL, NULL, NULL, NULL, NULL, NULL, NULL, NULL, NULL, NULL, NULL, NULL, NULL, NULL, NULL, NULL, NULL, NULL, NULL, NULL, NULL, NULL, NULL, '2025-08-26 09:28:20', 'superadmin', '2025-08-26 09:28:20', 'superadmin', 1),
	(13, 2, NULL, 11, 11, NULL, NULL, NULL, 0, NULL, NULL, NULL, 1, 0, NULL, NULL, NULL, NULL, NULL, NULL, NULL, NULL, NULL, NULL, NULL, NULL, NULL, NULL, NULL, NULL, NULL, NULL, NULL, NULL, NULL, NULL, NULL, NULL, NULL, NULL, '2025-08-26 09:28:43', 'superadmin', '2025-08-26 09:28:43', 'superadmin', 1),
	(14, 3, NULL, 11, 12, NULL, NULL, NULL, 0, NULL, NULL, NULL, 1, 0, NULL, NULL, NULL, NULL, NULL, NULL, NULL, NULL, NULL, NULL, NULL, NULL, NULL, NULL, NULL, NULL, NULL, NULL, NULL, NULL, NULL, NULL, NULL, NULL, NULL, NULL, '2025-08-26 09:29:08', 'superadmin', '2025-08-26 09:29:08', 'superadmin', 1),
	(15, 4, NULL, 11, 13, NULL, NULL, NULL, 0, NULL, NULL, NULL, 1, 0, NULL, NULL, NULL, NULL, NULL, NULL, NULL, NULL, NULL, NULL, NULL, NULL, NULL, NULL, NULL, NULL, NULL, NULL, NULL, NULL, NULL, NULL, NULL, NULL, NULL, NULL, '2025-08-26 09:29:23', 'superadmin', '2025-08-26 09:29:23', 'superadmin', 1),
	(16, 5, NULL, 11, 14, NULL, NULL, NULL, 0, NULL, NULL, NULL, 1, 0, NULL, NULL, NULL, NULL, NULL, NULL, NULL, NULL, NULL, NULL, NULL, NULL, NULL, NULL, NULL, NULL, NULL, NULL, NULL, NULL, NULL, NULL, NULL, NULL, NULL, NULL, '2025-08-26 09:29:35', 'superadmin', '2025-08-26 09:29:35', 'superadmin', 1),
	(17, 6, NULL, 11, 15, NULL, NULL, NULL, 0, NULL, NULL, NULL, 1, 0, NULL, NULL, NULL, NULL, NULL, NULL, NULL, NULL, NULL, NULL, NULL, NULL, NULL, NULL, NULL, NULL, NULL, NULL, NULL, NULL, NULL, NULL, NULL, NULL, NULL, NULL, '2025-08-26 09:29:50', 'superadmin', '2025-08-26 09:29:50', 'superadmin', 1),
	(18, 3, NULL, 11, 15, NULL, NULL, NULL, 0, NULL, NULL, NULL, 1, 0, NULL, NULL, NULL, NULL, NULL, NULL, NULL, NULL, NULL, NULL, NULL, NULL, NULL, NULL, NULL, NULL, NULL, NULL, NULL, NULL, NULL, NULL, NULL, NULL, NULL, NULL, '2025-08-26 09:29:58', 'superadmin', '2025-08-26 09:29:58', 'superadmin', 1),
	(19, NULL, 1, NULL, NULL, 12, NULL, 2, 0, 12, 119749000, 239498000, 0, 1, NULL, NULL, NULL, NULL, NULL, NULL, NULL, NULL, 2, 239498000, NULL, NULL, NULL, NULL, NULL, NULL, NULL, NULL, NULL, NULL, NULL, NULL, NULL, NULL, NULL, NULL, '2025-08-26 09:45:16', 'superadmin', '2025-08-26 09:45:16', 'superadmin', 1),
	(20, 1, NULL, 12, 16, NULL, NULL, NULL, 0, NULL, NULL, NULL, 1, 0, NULL, NULL, NULL, NULL, NULL, NULL, NULL, NULL, NULL, NULL, NULL, NULL, NULL, NULL, NULL, NULL, NULL, NULL, NULL, NULL, NULL, NULL, NULL, NULL, NULL, NULL, '2025-08-26 10:13:38', 'superadmin', '2025-08-26 10:13:38', 'superadmin', 1),
	(21, 2, NULL, 12, 16, NULL, NULL, NULL, 0, NULL, NULL, NULL, 1, 0, NULL, NULL, NULL, NULL, NULL, NULL, NULL, NULL, NULL, NULL, NULL, NULL, NULL, NULL, NULL, NULL, NULL, NULL, NULL, NULL, NULL, NULL, NULL, NULL, NULL, NULL, '2025-08-26 10:13:56', 'superadmin', '2025-08-26 10:13:56', 'superadmin', 1),
	(22, 3, NULL, 12, 16, NULL, NULL, NULL, 0, NULL, NULL, NULL, 1, 0, NULL, NULL, NULL, NULL, NULL, NULL, NULL, NULL, NULL, NULL, NULL, NULL, NULL, NULL, NULL, NULL, NULL, NULL, NULL, NULL, NULL, NULL, NULL, NULL, NULL, NULL, '2025-08-26 10:14:30', 'superadmin', '2025-08-26 10:14:38', 'superadmin', 0),
	(23, 1, NULL, 13, 17, NULL, NULL, NULL, 0, NULL, NULL, NULL, 1, 0, NULL, NULL, NULL, NULL, NULL, NULL, NULL, NULL, NULL, NULL, NULL, NULL, NULL, NULL, NULL, NULL, NULL, NULL, NULL, NULL, NULL, NULL, NULL, NULL, NULL, NULL, '2025-08-26 10:16:10', 'superadmin', '2025-08-26 10:16:10', 'superadmin', 1),
	(24, 2, NULL, 13, 17, NULL, NULL, NULL, 0, NULL, NULL, NULL, 1, 0, NULL, NULL, NULL, NULL, NULL, NULL, NULL, NULL, NULL, NULL, NULL, NULL, NULL, NULL, NULL, NULL, NULL, NULL, NULL, NULL, NULL, NULL, NULL, NULL, NULL, NULL, '2025-08-26 10:16:19', 'superadmin', '2025-08-26 10:16:19', 'superadmin', 1),
	(25, NULL, 1, 13, 17, NULL, NULL, 2, 0, 12, 119749000, 239498000, 0, 1, NULL, NULL, NULL, NULL, NULL, NULL, NULL, NULL, 2, 239498000, NULL, NULL, NULL, NULL, NULL, NULL, NULL, NULL, NULL, NULL, NULL, NULL, NULL, NULL, NULL, NULL, '2025-08-26 10:18:21', 'superadmin', '2025-08-26 10:18:21', 'superadmin', 1),
	(26, 1, NULL, 14, 18, NULL, NULL, NULL, 0, NULL, NULL, NULL, 1, 0, NULL, NULL, NULL, NULL, NULL, NULL, NULL, NULL, NULL, NULL, NULL, NULL, NULL, NULL, NULL, NULL, NULL, NULL, NULL, NULL, NULL, NULL, NULL, NULL, NULL, NULL, '2025-08-26 10:29:19', 'superadmin', '2025-08-26 10:29:19', 'superadmin', 1),
	(27, 2, NULL, 14, 18, NULL, NULL, NULL, 0, NULL, NULL, NULL, 1, 0, NULL, NULL, NULL, NULL, NULL, NULL, NULL, NULL, NULL, NULL, NULL, NULL, NULL, NULL, NULL, NULL, NULL, NULL, NULL, NULL, NULL, NULL, NULL, NULL, NULL, NULL, '2025-08-26 10:29:34', 'superadmin', '2025-08-26 10:29:34', 'superadmin', 1),
	(28, NULL, 1, NULL, NULL, 26, NULL, 2, 0, 12, 119749000, 239498000, 0, 1, NULL, NULL, NULL, NULL, NULL, NULL, NULL, NULL, 2, 239498000, NULL, NULL, NULL, NULL, NULL, NULL, NULL, NULL, NULL, NULL, NULL, NULL, NULL, NULL, NULL, NULL, '2025-08-26 10:30:15', 'superadmin', '2025-08-26 10:30:15', 'superadmin', 1),
	(29, NULL, 150, NULL, NULL, 26, NULL, 2, 0, 12, 370736000, 741472000, 0, 1, NULL, NULL, NULL, NULL, NULL, NULL, NULL, NULL, 2, 741472000, NULL, NULL, NULL, NULL, NULL, NULL, NULL, NULL, NULL, NULL, NULL, NULL, NULL, NULL, NULL, NULL, '2025-08-26 10:32:24', 'superadmin', '2025-08-26 10:37:09', 'superadmin', 1),
	(30, NULL, 151, NULL, NULL, 27, NULL, 1, 0, 12, 753736000, 753736000, 0, 1, NULL, NULL, NULL, NULL, NULL, NULL, NULL, NULL, 1, 753736000, NULL, NULL, NULL, NULL, NULL, NULL, NULL, NULL, NULL, NULL, NULL, NULL, NULL, NULL, NULL, NULL, '2025-08-26 10:38:37', 'superadmin', '2025-08-26 10:38:37', 'superadmin', 1),
	(31, NULL, 144, NULL, NULL, 26, NULL, 1, 0, 12, 87527000, 87527000, 0, 1, NULL, NULL, NULL, NULL, NULL, NULL, NULL, NULL, 1, 87527000, NULL, NULL, NULL, NULL, NULL, NULL, NULL, NULL, NULL, NULL, NULL, NULL, NULL, NULL, NULL, NULL, '2025-08-26 10:40:02', 'superadmin', '2025-08-26 10:40:02', 'superadmin', 1),
	(32, NULL, 146, NULL, NULL, 26, NULL, 1, 0, 12, 126232000, 126232000, 0, 1, NULL, NULL, NULL, NULL, NULL, NULL, NULL, NULL, 1, 126232000, NULL, NULL, NULL, NULL, NULL, NULL, NULL, NULL, NULL, NULL, NULL, NULL, NULL, NULL, NULL, NULL, '2025-08-26 10:41:03', 'superadmin', '2025-08-26 10:41:03', 'superadmin', 1),
	(33, 3, NULL, 14, 19, NULL, NULL, NULL, 0, NULL, NULL, NULL, 1, 0, NULL, NULL, NULL, NULL, NULL, NULL, NULL, NULL, NULL, NULL, NULL, NULL, NULL, NULL, NULL, NULL, NULL, NULL, NULL, NULL, NULL, NULL, NULL, NULL, NULL, NULL, '2025-08-26 10:46:49', 'superadmin', '2025-08-26 10:46:49', 'superadmin', 1),
	(34, NULL, 147, NULL, NULL, 33, NULL, 1, 0, 12, 264355000, 264355000, 0, 1, NULL, NULL, NULL, NULL, NULL, NULL, NULL, NULL, 1, 264355000, NULL, NULL, NULL, NULL, NULL, NULL, NULL, NULL, NULL, NULL, NULL, NULL, NULL, NULL, NULL, NULL, '2025-08-26 10:48:03', 'superadmin', '2025-08-26 10:48:03', 'superadmin', 1),
	(35, 4, NULL, 14, 20, NULL, NULL, NULL, 0, NULL, NULL, NULL, 1, 0, NULL, NULL, NULL, NULL, NULL, NULL, NULL, NULL, NULL, NULL, NULL, NULL, NULL, NULL, NULL, NULL, NULL, NULL, NULL, NULL, NULL, NULL, NULL, NULL, NULL, NULL, '2025-08-26 10:49:18', 'superadmin', '2025-08-26 10:49:18', 'superadmin', 1),
	(36, 5, NULL, 14, 21, NULL, NULL, NULL, 0, NULL, NULL, NULL, 1, 0, NULL, NULL, NULL, NULL, NULL, NULL, NULL, NULL, NULL, NULL, NULL, NULL, NULL, NULL, NULL, NULL, NULL, NULL, NULL, NULL, NULL, NULL, NULL, NULL, NULL, NULL, '2025-08-26 10:49:29', 'superadmin', '2025-08-26 10:49:29', 'superadmin', 1),
	(37, 6, NULL, 14, 22, NULL, NULL, NULL, 0, NULL, NULL, NULL, 1, 0, NULL, NULL, NULL, NULL, NULL, NULL, NULL, NULL, NULL, NULL, NULL, NULL, NULL, NULL, NULL, NULL, NULL, NULL, NULL, NULL, NULL, NULL, NULL, NULL, NULL, NULL, '2025-08-26 10:49:43', 'superadmin', '2025-08-26 10:49:43', 'superadmin', 1),
	(38, 3, NULL, 14, 22, NULL, NULL, NULL, 0, NULL, NULL, NULL, 1, 0, NULL, NULL, NULL, NULL, NULL, NULL, NULL, NULL, NULL, NULL, NULL, NULL, NULL, NULL, NULL, NULL, NULL, NULL, NULL, NULL, NULL, NULL, NULL, NULL, NULL, NULL, '2025-08-26 10:49:49', 'superadmin', '2025-08-26 10:49:49', 'superadmin', 1),
	(39, NULL, 148, NULL, NULL, 35, NULL, 4, 0, 12, 260440000, 1041760000, 0, 1, NULL, NULL, NULL, NULL, NULL, NULL, NULL, NULL, 1, 260440000, NULL, NULL, NULL, NULL, NULL, NULL, NULL, NULL, NULL, NULL, NULL, NULL, NULL, NULL, NULL, NULL, '2025-08-26 10:51:55', 'superadmin', '2025-08-26 10:51:55', 'superadmin', 1),
	(40, NULL, 152, NULL, NULL, 36, NULL, 1, 0, 12, 734620000, 734620000, 0, 1, NULL, NULL, NULL, NULL, NULL, NULL, NULL, NULL, 1, 734620000, NULL, NULL, NULL, NULL, NULL, NULL, NULL, NULL, NULL, NULL, NULL, NULL, NULL, NULL, NULL, NULL, '2025-08-26 10:53:07', 'superadmin', '2025-08-26 10:53:07', 'superadmin', 1),
	(41, NULL, 153, NULL, NULL, 37, NULL, 2, 0, 12, 1105384000, 2210768000, 0, 1, NULL, NULL, NULL, NULL, NULL, NULL, NULL, NULL, 2, 2210768000, NULL, NULL, NULL, NULL, NULL, NULL, NULL, NULL, NULL, NULL, NULL, NULL, NULL, NULL, NULL, NULL, '2025-08-26 10:54:30', 'superadmin', '2025-08-26 10:54:30', 'superadmin', 1),
	(42, NULL, 145, NULL, NULL, 38, NULL, 1, 0, 12, 800032000, 800032000, 0, 1, NULL, NULL, NULL, NULL, NULL, NULL, NULL, NULL, 1, 800032000, NULL, NULL, NULL, NULL, NULL, NULL, NULL, NULL, NULL, NULL, NULL, NULL, NULL, NULL, NULL, NULL, '2025-08-26 10:56:10', 'superadmin', '2025-08-26 10:56:10', 'superadmin', 1),
	(43, NULL, 2, 15, 23, NULL, NULL, 24, 0, 2, 495000, 11880000, 0, 1, NULL, NULL, 2, 990000, 2, 990000, 2, 990000, 2, 990000, 2, 990000, 2, 990000, 2, 990000, 2, 990000, 2, 990000, 2, 990000, 2, 990000, 2, 990000, '2025-08-26 12:59:00', 'superadmin', '2025-08-26 12:59:00', 'superadmin', 1),
	(44, NULL, 3, 15, 23, NULL, NULL, 12, 0, 2, 1547250, 18567000, 0, 1, NULL, NULL, 1, 1547250, 1, 1547250, 1, 1547250, 1, 1547250, 1, 1547250, 1, 1547250, 1, 1547250, 1, 1547250, 1, 1547250, 1, 1547250, 1, 1547250, 1, 1547250, '2025-08-26 12:59:59', 'superadmin', '2025-08-26 12:59:59', 'superadmin', 1),
	(45, NULL, 4, 15, 23, NULL, NULL, 12, 0, 2, 1090000, 13080000, 0, 1, NULL, NULL, 1, 1090000, 1, 1090000, 1, 1090000, 1, 1090000, 1, 1090000, 1, 1090000, 1, 1090000, 1, 1090000, 1, 1090000, 1, 1090000, 1, 1090000, 1, 1090000, '2025-08-26 13:02:52', 'superadmin', '2025-08-26 13:02:52', 'superadmin', 1),
	(46, NULL, 5, 15, 23, NULL, NULL, 24, 0, 2, 125000, 3000000, 0, 1, NULL, NULL, 2, 250000, 2, 250000, 2, 250000, 2, 250000, 2, 250000, 2, 250000, 2, 250000, 2, 250000, 2, 250000, 2, 250000, 2, 250000, 2, 250000, '2025-08-26 13:04:14', 'superadmin', '2025-08-26 13:04:14', 'superadmin', 1),
	(47, NULL, 6, 15, 23, NULL, NULL, 24, 0, 2, 100000, 2400000, 0, 1, NULL, NULL, 2, 200000, 2, 200000, 2, 200000, 2, 200000, 2, 200000, 2, 200000, 2, 200000, 2, 200000, 2, 200000, 2, 200000, 2, 200000, 2, 200000, '2025-08-26 13:04:54', 'superadmin', '2025-08-26 13:04:54', 'superadmin', 1),
	(48, NULL, 7, 15, 23, NULL, NULL, 24, 0, 2, 100000, 2400000, 0, 1, NULL, NULL, 2, 200000, 2, 200000, 2, 200000, 2, 200000, 2, 200000, 2, 200000, 2, 200000, 2, 200000, 2, 200000, 2, 200000, 2, 200000, 2, 200000, '2025-08-26 13:05:35', 'superadmin', '2025-08-26 13:05:35', 'superadmin', 1),
	(49, 7, NULL, 16, 24, NULL, NULL, NULL, 0, NULL, NULL, NULL, 1, 0, NULL, NULL, NULL, NULL, NULL, NULL, NULL, NULL, NULL, NULL, NULL, NULL, NULL, NULL, NULL, NULL, NULL, NULL, NULL, NULL, NULL, NULL, NULL, NULL, NULL, NULL, '2025-08-26 13:14:52', 'superadmin', '2025-08-26 13:14:52', 'superadmin', 1),
	(50, NULL, 8, NULL, NULL, 49, NULL, 8, 0, 2, 2300000, 18400000, 0, 1, NULL, NULL, NULL, NULL, 1, 2300000, NULL, NULL, 1, 2300000, NULL, NULL, 1, 2300000, NULL, NULL, 1, 2300000, 1, 2300000, 1, 2300000, 1, 2300000, 1, 2300000, '2025-08-26 13:17:38', 'superadmin', '2025-08-26 13:17:38', 'superadmin', 1),
	(51, NULL, 9, NULL, NULL, 49, NULL, 8, 0, 2, 125000, 1000000, 0, 1, NULL, NULL, NULL, NULL, 1, 125000, NULL, NULL, 1, 125000, NULL, NULL, 1, 125000, NULL, NULL, 1, 125000, 1, 125000, 1, 125000, 1, 125000, 1, 125000, '2025-08-26 13:18:53', 'superadmin', '2025-08-26 13:18:53', 'superadmin', 1),
	(52, NULL, 10, NULL, NULL, 49, NULL, 16, 0, 2, 2000000, 32000000, 0, 1, NULL, NULL, NULL, NULL, 2, 4000000, NULL, NULL, 2, 4000000, NULL, NULL, 2, 4000000, NULL, NULL, 2, 4000000, 2, 4000000, 2, 4000000, 2, 4000000, 2, 4000000, '2025-08-26 13:20:16', 'superadmin', '2025-08-26 13:20:16', 'superadmin', 1),
	(53, NULL, 11, 16, 24, NULL, NULL, 160, 0, 3, 40000, 6400000, 0, 1, NULL, NULL, NULL, NULL, 20, 800000, NULL, NULL, 20, 800000, NULL, NULL, 20, 800000, NULL, NULL, 20, 800000, 20, 800000, 20, 800000, 20, 800000, 20, 800000, '2025-08-26 13:22:03', 'superadmin', '2025-08-26 13:37:29', 'superadmin', 1),
	(54, NULL, 12, 16, 24, NULL, NULL, 160, 0, 3, 20000, 3200000, 0, 1, NULL, NULL, NULL, NULL, 20, 400000, NULL, NULL, 20, 400000, NULL, NULL, 20, 400000, NULL, NULL, 20, 400000, 20, 400000, 20, 400000, 20, 400000, 20, 400000, '2025-08-26 13:23:44', 'superadmin', '2025-08-26 13:23:44', 'superadmin', 1),
	(55, NULL, 13, 16, 24, NULL, NULL, 8, 0, 3, 410000, 3280000, 0, 1, NULL, NULL, NULL, NULL, 3, 1230000, 3, 1230000, NULL, NULL, NULL, NULL, NULL, NULL, NULL, NULL, NULL, NULL, 2, 820000, NULL, NULL, NULL, NULL, NULL, NULL, '2025-08-26 13:27:47', 'superadmin', '2025-08-26 13:27:47', 'superadmin', 1),
	(56, NULL, 14, 16, 24, NULL, NULL, 8, 0, 3, 300000, 2400000, 0, 1, NULL, NULL, NULL, NULL, 2, 600000, NULL, NULL, 3, 900000, NULL, NULL, NULL, NULL, NULL, NULL, NULL, NULL, 2, 600000, NULL, NULL, NULL, NULL, NULL, NULL, '2025-08-26 13:29:36', 'superadmin', '2025-08-26 13:29:36', 'superadmin', 1),
	(57, NULL, 15, 17, 25, NULL, NULL, 1, 0, 4, 1000000, 1000000, 0, 1, NULL, NULL, NULL, NULL, NULL, NULL, NULL, NULL, NULL, NULL, NULL, NULL, NULL, NULL, NULL, NULL, NULL, NULL, NULL, NULL, NULL, NULL, NULL, NULL, NULL, NULL, '2025-08-26 13:49:58', 'superadmin', '2025-08-26 13:49:58', 'superadmin', 1),
	(58, NULL, 16, 17, 25, NULL, NULL, 2640, 0, 5, 15000, 39600000, 0, 1, NULL, NULL, 220, 3300000, 220, 3300000, 220, 3300000, 220, 3300000, 220, 3300000, 220, 3300000, 220, 3300000, 220, 3300000, 220, 3300000, 220, 3300000, 220, 3300000, 220, 3300000, '2025-08-26 13:52:00', 'superadmin', '2025-08-26 13:52:00', 'superadmin', 1),
	(59, NULL, 17, 18, 26, NULL, NULL, 24, 0, 3, 300000, 7200000, 0, 1, NULL, NULL, 14, 4200000, NULL, NULL, 2, 600000, NULL, NULL, 2, 600000, NULL, NULL, 2, 600000, NULL, NULL, 2, 600000, NULL, NULL, 2, 600000, NULL, NULL, '2025-08-26 15:37:04', 'superadmin', '2025-08-26 15:37:04', 'superadmin', 1),
	(60, NULL, 18, 18, 26, NULL, NULL, 24, 0, 3, 450000, 10800000, 0, 1, NULL, NULL, 14, 6300000, NULL, NULL, 2, 900000, NULL, NULL, 2, 900000, NULL, NULL, 2, 900000, NULL, NULL, 2, 900000, NULL, NULL, 2, 900000, NULL, NULL, '2025-08-26 15:42:31', 'superadmin', '2025-08-26 15:42:31', 'superadmin', 1),
	(61, NULL, 19, NULL, NULL, 62, NULL, 96, 0, 2, 3046200, 292435200, 0, 1, NULL, NULL, 8, 24369600, 8, 24369600, 8, 24369600, 8, 24369600, 8, 24369600, 8, 24369600, 8, 24369600, 8, 24369600, 8, 24369600, 8, 24369600, 8, 24369600, 8, 24369600, '2025-08-26 16:15:30', 'superadmin', '2025-08-26 16:17:22', 'superadmin', 1),
	(62, 8, NULL, 19, 27, NULL, NULL, NULL, 0, NULL, NULL, NULL, 1, 0, NULL, NULL, NULL, NULL, NULL, NULL, NULL, NULL, NULL, NULL, NULL, NULL, NULL, NULL, NULL, NULL, NULL, NULL, NULL, NULL, NULL, NULL, NULL, NULL, NULL, NULL, '2025-08-26 16:16:22', 'superadmin', '2025-08-26 16:16:22', 'superadmin', 1),
	(63, NULL, 20, NULL, NULL, 62, NULL, 156, 0, 2, 3809500, 594282000, 0, 1, NULL, NULL, 13, 49523500, 13, 49523500, 13, 49523500, 13, 49523500, 13, 49523500, 13, 49523500, 13, 49523500, 13, 49523500, 13, 49523500, 13, 49523500, 13, 49523500, 13, 49523500, '2025-08-26 16:19:07', 'superadmin', '2025-08-26 16:19:07', 'superadmin', 1),
	(64, NULL, 27, NULL, NULL, 71, NULL, 48, 0, 2, 3046200, 146217600, 0, 1, NULL, NULL, 4, 12184800, 4, 12184800, 4, 12184800, 4, 12184800, 4, 12184800, 4, 12184800, 4, 12184800, 4, 12184800, 4, 12184800, 4, 12184800, 4, 12184800, 4, 12184800, '2025-08-26 16:20:21', 'superadmin', '2025-08-28 14:37:03', 'superadmin', 1),
	(65, 12, NULL, 19, 27, NULL, NULL, NULL, 0, NULL, NULL, NULL, 1, 0, NULL, NULL, NULL, NULL, NULL, NULL, NULL, NULL, NULL, NULL, NULL, NULL, NULL, NULL, NULL, NULL, NULL, NULL, NULL, NULL, NULL, NULL, NULL, NULL, NULL, NULL, '2025-08-26 16:20:50', 'superadmin', '2025-08-26 16:20:50', 'superadmin', 1),
	(66, 10, NULL, 19, 27, NULL, NULL, NULL, 0, NULL, NULL, NULL, 1, 0, NULL, NULL, NULL, NULL, NULL, NULL, NULL, NULL, NULL, NULL, NULL, NULL, NULL, NULL, NULL, NULL, NULL, NULL, NULL, NULL, NULL, NULL, NULL, NULL, NULL, NULL, '2025-08-26 16:21:22', 'superadmin', '2025-08-26 16:21:22', 'superadmin', 1),
	(67, NULL, 22, NULL, NULL, 65, NULL, 8, 0, 2, 2386200, 19089600, 0, 1, NULL, NULL, NULL, NULL, NULL, NULL, 8, 19089600, NULL, NULL, NULL, NULL, NULL, NULL, NULL, NULL, NULL, NULL, NULL, NULL, NULL, NULL, NULL, NULL, NULL, NULL, '2025-08-26 16:31:35', 'superadmin', '2025-08-26 16:31:35', 'superadmin', 1),
	(68, NULL, 31, NULL, NULL, 65, NULL, 13, 0, 2, 3149500, 40943500, 0, 1, NULL, NULL, NULL, NULL, NULL, NULL, 13, 40943500, NULL, NULL, NULL, NULL, NULL, NULL, NULL, NULL, NULL, NULL, NULL, NULL, NULL, NULL, NULL, NULL, NULL, NULL, '2025-08-26 16:33:04', 'superadmin', '2025-08-26 16:33:04', 'superadmin', 1),
	(69, NULL, 24, NULL, NULL, 65, NULL, 2, 0, 2, 2526400, 5052800, 0, 1, NULL, NULL, NULL, NULL, NULL, NULL, 2, 5052800, NULL, NULL, NULL, NULL, NULL, NULL, NULL, NULL, NULL, NULL, NULL, NULL, NULL, NULL, NULL, NULL, NULL, NULL, '2025-08-26 16:34:17', 'superadmin', '2025-08-26 16:34:17', 'superadmin', 1),
	(70, NULL, 25, NULL, NULL, 66, NULL, 23, 0, 2, 1200000, 27600000, 0, 1, NULL, NULL, NULL, NULL, NULL, NULL, 23, 27600000, NULL, NULL, NULL, NULL, NULL, NULL, NULL, NULL, NULL, NULL, NULL, NULL, NULL, NULL, NULL, NULL, NULL, NULL, '2025-08-26 16:35:41', 'superadmin', '2025-08-26 16:35:41', 'superadmin', 1),
	(71, 11, NULL, 19, 27, NULL, NULL, NULL, 0, NULL, NULL, NULL, 1, 0, NULL, NULL, NULL, NULL, NULL, NULL, NULL, NULL, NULL, NULL, NULL, NULL, NULL, NULL, NULL, NULL, NULL, NULL, NULL, NULL, NULL, NULL, NULL, NULL, NULL, NULL, '2025-08-26 16:37:22', 'superadmin', '2025-08-26 16:37:22', 'superadmin', 1),
	(72, 12, NULL, 19, 27, NULL, NULL, NULL, 0, NULL, NULL, NULL, 1, 0, NULL, NULL, NULL, NULL, NULL, NULL, NULL, NULL, NULL, NULL, NULL, NULL, NULL, NULL, NULL, NULL, NULL, NULL, NULL, NULL, NULL, NULL, NULL, NULL, NULL, NULL, '2025-08-26 16:37:52', 'superadmin', '2025-08-26 16:37:52', 'superadmin', 1),
	(73, 13, NULL, 19, 27, NULL, NULL, NULL, 0, NULL, NULL, NULL, 1, 0, NULL, NULL, NULL, NULL, NULL, NULL, NULL, NULL, NULL, NULL, NULL, NULL, NULL, NULL, NULL, NULL, NULL, NULL, NULL, NULL, NULL, NULL, NULL, NULL, NULL, NULL, '2025-08-26 16:38:06', 'superadmin', '2025-08-28 16:02:22', 'superadmin', 0),
	(74, NULL, 26, NULL, NULL, 71, NULL, 528, 0, 2, 3209500, 1694616000, 0, 1, NULL, NULL, 44, 141218000, 44, 141218000, 44, 141218000, 44, 141218000, 44, 141218000, 44, 141218000, 44, 141218000, 44, 141218000, 44, 141218000, 44, 141218000, 44, 141218000, 44, 141218000, '2025-08-28 14:38:03', 'superadmin', '2025-08-28 14:38:03', 'superadmin', 1),
	(75, NULL, 20, NULL, NULL, 71, NULL, 156, 0, 2, 3809500, 594282000, 0, 1, NULL, NULL, 13, 49523500, 13, 49523500, 13, 49523500, 13, 49523500, 13, 49523500, 13, 49523500, 13, 49523500, 13, 49523500, 13, 49523500, 13, 49523500, 13, 49523500, 13, 49523500, '2025-08-28 14:39:29', 'superadmin', '2025-08-28 14:39:29', 'superadmin', 1),
	(76, NULL, 29, NULL, NULL, 72, NULL, 44, 0, 2, 2549500, 112178000, 0, 1, NULL, NULL, NULL, NULL, NULL, NULL, NULL, NULL, NULL, NULL, NULL, NULL, 44, 112178000, NULL, NULL, NULL, NULL, NULL, NULL, NULL, NULL, NULL, NULL, NULL, NULL, '2025-08-28 14:46:38', 'superadmin', '2025-08-28 14:46:38', 'superadmin', 1),
	(77, NULL, 30, NULL, NULL, 72, NULL, 4, 0, 2, 2386200, 9544800, 0, 1, NULL, NULL, NULL, NULL, NULL, NULL, NULL, NULL, NULL, NULL, NULL, NULL, 4, 9544800, NULL, NULL, NULL, NULL, NULL, NULL, NULL, NULL, NULL, NULL, NULL, NULL, '2025-08-28 15:29:56', 'superadmin', '2025-08-28 16:01:38', 'superadmin', 1),
	(78, NULL, 31, NULL, NULL, 72, NULL, 13, 0, 2, 3149500, 40943500, 0, 1, NULL, NULL, NULL, NULL, NULL, NULL, NULL, NULL, NULL, NULL, NULL, NULL, 13, 40943500, NULL, NULL, NULL, NULL, NULL, NULL, NULL, NULL, NULL, NULL, NULL, NULL, '2025-08-28 15:40:21', 'superadmin', '2025-08-28 16:01:25', 'superadmin', 1),
	(79, NULL, 29, NULL, NULL, 73, NULL, 44, 0, 2, 2549500, 112178000, 0, 1, NULL, NULL, NULL, NULL, NULL, NULL, NULL, NULL, NULL, NULL, NULL, NULL, 44, 112178000, NULL, NULL, NULL, NULL, NULL, NULL, NULL, NULL, NULL, NULL, NULL, NULL, '2025-08-28 15:41:16', 'superadmin', '2025-08-28 16:02:22', 'superadmin', 0),
	(80, NULL, 30, NULL, NULL, 73, NULL, 4, 0, 2, 2386200, 9544800, 0, 1, NULL, NULL, NULL, NULL, NULL, NULL, NULL, NULL, NULL, NULL, NULL, NULL, 4, 9544800, NULL, NULL, NULL, NULL, NULL, NULL, NULL, NULL, NULL, NULL, NULL, NULL, '2025-08-28 15:42:53', 'superadmin', '2025-08-28 16:02:22', 'superadmin', 0),
	(81, NULL, 23, NULL, NULL, 73, NULL, 13, 0, 2, 3149500, 40943500, 0, 1, NULL, NULL, NULL, NULL, NULL, NULL, NULL, NULL, NULL, NULL, NULL, NULL, 13, 40943500, NULL, NULL, NULL, NULL, NULL, NULL, NULL, NULL, NULL, NULL, NULL, NULL, '2025-08-28 15:44:32', 'superadmin', '2025-08-28 16:02:22', 'superadmin', 0),
	(82, 55, NULL, 19, 27, NULL, NULL, NULL, 0, NULL, NULL, NULL, 1, 0, NULL, NULL, NULL, NULL, NULL, NULL, NULL, NULL, NULL, NULL, NULL, NULL, NULL, NULL, NULL, NULL, NULL, NULL, NULL, NULL, NULL, NULL, NULL, NULL, NULL, NULL, '2025-08-28 15:46:21', 'superadmin', '2025-08-28 15:46:21', 'superadmin', 1),
	(83, NULL, 32, NULL, NULL, 82, NULL, 61, 0, 6, 1200000, 73200000, 0, 1, NULL, NULL, NULL, NULL, NULL, NULL, 61, 73200000, NULL, NULL, NULL, NULL, NULL, NULL, NULL, NULL, NULL, NULL, NULL, NULL, NULL, NULL, NULL, NULL, NULL, NULL, '2025-08-28 15:47:33', 'superadmin', '2025-08-28 15:47:33', 'superadmin', 1),
	(84, NULL, 33, 19, 27, NULL, NULL, 1008, 0, 2, 12300, 12398400, 0, 1, NULL, NULL, 84, 1033200, 84, 1033200, 84, 1033200, 84, 1033200, 84, 1033200, 84, 1033200, 84, 1033200, 84, 1033200, 84, 1033200, 84, 1033200, 84, 1033200, 84, 1033200, '2025-08-28 15:50:12', 'superadmin', '2025-08-28 15:50:12', 'superadmin', 1),
	(85, NULL, 34, 19, 27, NULL, NULL, 1008, 0, 2, 15300, 15422400, 0, 1, NULL, NULL, 84, 1285200, 84, 1285200, 84, 1285200, 84, 1285200, 84, 1285200, 84, 1285200, 84, 1285200, 84, 1285200, 84, 1285200, 84, 1285200, 84, 1285200, 84, 1285200, '2025-08-28 15:50:59', 'superadmin', '2025-08-28 15:50:59', 'superadmin', 1),
	(86, NULL, 35, 19, 27, NULL, NULL, 1008, 0, 2, 203500, 205128000, 0, 1, NULL, NULL, 84, 17094000, 84, 17094000, 84, 17094000, 84, 17094000, 84, 17094000, 84, 17094000, 84, 17094000, 84, 17094000, 84, 17094000, 84, 17094000, 84, 17094000, 84, 17094000, '2025-08-28 15:51:59', 'superadmin', '2025-08-28 15:51:59', 'superadmin', 1),
	(87, NULL, 36, 19, 27, NULL, NULL, 1008, 0, 2, 101800, 102614400, 0, 1, NULL, NULL, 84, 8551200, 84, 8551200, 84, 8551200, 84, 8551200, 84, 8551200, 84, 8551200, 84, 8551200, 84, 8551200, 84, 8551200, 84, 8551200, 84, 8551200, 84, 8551200, '2025-08-28 15:54:42', 'superadmin', '2025-08-28 15:54:42', 'superadmin', 1),
	(88, NULL, 37, 19, 27, NULL, NULL, 1008, 0, 2, 188300, 189806400, 0, 1, NULL, NULL, 84, 15817200, 84, 15817200, 84, 15817200, 84, 15817200, 84, 15817200, 84, 15817200, 84, 15817200, 84, 15817200, 84, 15817200, 84, 15817200, 84, 15817200, 84, 15817200, '2025-08-28 15:55:29', 'superadmin', '2025-08-28 15:55:29', 'superadmin', 1),
	(89, NULL, 21, NULL, NULL, 62, NULL, 24, 0, 2, 3186400, 76473600, 0, 1, NULL, NULL, 2, 6372800, 2, 6372800, 2, 6372800, 2, 6372800, 2, 6372800, 2, 6372800, 2, 6372800, 2, 6372800, 2, 6372800, 2, 6372800, 2, 6372800, 2, 6372800, '2025-08-28 15:59:17', 'superadmin', '2025-08-28 15:59:17', 'superadmin', 1),
	(90, NULL, 38, 21, 29, NULL, NULL, 500, 0, 3, 44000, 22000000, 0, 1, NULL, NULL, 40, 1760000, 40, 1760000, 40, 1760000, 50, 2200000, 40, 1760000, 40, 1760000, 40, 1760000, 50, 2200000, 40, 1760000, 40, 1760000, 40, 1760000, 40, 1760000, '2025-09-01 07:58:46', 'superadmin', '2025-09-01 07:58:46', 'superadmin', 1),
	(91, NULL, 39, 21, 29, NULL, NULL, 500, 0, 3, 23000, 11500000, 0, 1, NULL, NULL, 40, 920000, 40, 920000, 40, 920000, 50, 1150000, 40, 920000, 40, 920000, 40, 920000, 50, 1150000, 40, 920000, 40, 920000, 40, 920000, 40, 920000, '2025-09-01 08:00:05', 'superadmin', '2025-09-01 08:00:05', 'superadmin', 1),
	(92, NULL, 40, 22, 30, NULL, NULL, 960, 0, 3, 15000, 14400000, 0, 1, NULL, NULL, 80, 1200000, 80, 1200000, 80, 1200000, 80, 1200000, 80, 1200000, 80, 1200000, 80, 1200000, 80, 1200000, 80, 1200000, 80, 1200000, 80, 1200000, 80, 1200000, '2025-09-01 08:02:01', 'superadmin', '2025-09-01 08:02:01', 'superadmin', 1),
	(93, NULL, 41, 22, 30, NULL, NULL, 30, 0, 3, 35000, 1050000, 0, 1, NULL, NULL, NULL, NULL, NULL, NULL, NULL, NULL, NULL, NULL, NULL, NULL, NULL, NULL, 15, 525000, NULL, NULL, NULL, NULL, NULL, NULL, NULL, NULL, 15, 525000, '2025-09-01 08:03:58', 'superadmin', '2025-09-01 08:03:58', 'superadmin', 1),
	(94, NULL, 725, 22, 30, NULL, NULL, 50, 0, 22, 30000, 1500000, 0, 1, NULL, NULL, 25, 750000, NULL, NULL, NULL, NULL, NULL, NULL, NULL, NULL, NULL, NULL, 25, 750000, NULL, NULL, NULL, NULL, NULL, NULL, NULL, NULL, NULL, NULL, '2025-09-01 08:05:32', 'superadmin', '2025-09-01 08:05:32', 'superadmin', 1),
	(95, NULL, 43, 22, 30, NULL, NULL, 1000, 0, 22, 7000, 7000000, 0, 1, NULL, NULL, 500, 3500000, NULL, NULL, NULL, NULL, NULL, NULL, NULL, NULL, NULL, NULL, 500, 3500000, NULL, NULL, NULL, NULL, NULL, NULL, NULL, NULL, NULL, NULL, '2025-09-01 08:08:22', 'superadmin', '2025-09-01 08:08:22', 'superadmin', 1),
	(96, NULL, 1114, 22, 30, NULL, NULL, 50, 0, 22, 200000, 10000000, 0, 1, NULL, NULL, 4, 800000, 5, 1000000, 4, 800000, 5, 1000000, 4, 800000, 4, 800000, 4, 800000, 4, 800000, 4, 800000, 4, 800000, 4, 800000, 4, 800000, '2025-09-01 08:11:00', 'superadmin', '2025-09-01 08:11:00', 'superadmin', 1),
	(97, NULL, 45, 22, 30, NULL, NULL, 6, 0, 22, 20000, 120000, 0, 1, NULL, NULL, NULL, NULL, 6, 120000, NULL, NULL, NULL, NULL, NULL, NULL, NULL, NULL, NULL, NULL, NULL, NULL, NULL, NULL, NULL, NULL, NULL, NULL, NULL, NULL, '2025-09-01 08:12:38', 'superadmin', '2025-09-01 08:12:38', 'superadmin', 1),
	(98, NULL, 1070, 22, 30, NULL, NULL, 8, 0, 8, 25000, 200000, 0, 1, NULL, NULL, NULL, NULL, 8, 200000, NULL, NULL, NULL, NULL, NULL, NULL, NULL, NULL, NULL, NULL, NULL, NULL, NULL, NULL, NULL, NULL, NULL, NULL, NULL, NULL, '2025-09-01 08:13:43', 'superadmin', '2025-09-01 08:13:43', 'superadmin', 1),
	(99, NULL, 47, 22, 30, NULL, NULL, 1, 0, 9, 2761000, 2761000, 0, 1, NULL, NULL, 1, 2761000, NULL, NULL, NULL, NULL, NULL, NULL, NULL, NULL, NULL, NULL, NULL, NULL, NULL, NULL, NULL, NULL, NULL, NULL, NULL, NULL, NULL, NULL, '2025-09-01 08:14:17', 'superadmin', '2025-09-01 08:14:17', 'superadmin', 1),
	(100, NULL, 48, 22, 30, NULL, NULL, 5, 0, 8, 70000, 350000, 0, 1, NULL, NULL, NULL, NULL, 5, 350000, NULL, NULL, NULL, NULL, NULL, NULL, NULL, NULL, NULL, NULL, NULL, NULL, NULL, NULL, NULL, NULL, NULL, NULL, NULL, NULL, '2025-09-01 08:15:07', 'superadmin', '2025-09-01 08:15:07', 'superadmin', 1),
	(101, NULL, 443, 22, 30, NULL, NULL, 2, 0, 22, 150000, 300000, 0, 1, NULL, NULL, NULL, NULL, 2, 300000, NULL, NULL, NULL, NULL, NULL, NULL, NULL, NULL, NULL, NULL, NULL, NULL, NULL, NULL, NULL, NULL, NULL, NULL, NULL, NULL, '2025-09-01 08:16:09', 'superadmin', '2025-09-01 08:16:09', 'superadmin', 1),
	(102, NULL, 50, 22, 30, NULL, NULL, 4, 0, 10, 198750, 795000, 0, 1, NULL, NULL, NULL, NULL, 4, 795000, NULL, NULL, NULL, NULL, NULL, NULL, NULL, NULL, NULL, NULL, NULL, NULL, NULL, NULL, NULL, NULL, NULL, NULL, NULL, NULL, '2025-09-01 08:17:44', 'superadmin', '2025-09-01 08:17:44', 'superadmin', 1),
	(103, NULL, 52, 22, 30, NULL, NULL, 2, 0, 9, 6800000, 13600000, 0, 1, NULL, NULL, NULL, NULL, NULL, NULL, NULL, NULL, NULL, NULL, NULL, NULL, NULL, NULL, 1, 6800000, NULL, NULL, NULL, NULL, 1, 6800000, NULL, NULL, NULL, NULL, '2025-09-01 08:18:59', 'superadmin', '2025-09-01 08:18:59', 'superadmin', 1),
	(104, NULL, 53, 22, 30, NULL, NULL, 5, 0, 9, 1700000, 8500000, 0, 1, NULL, NULL, NULL, NULL, NULL, NULL, NULL, NULL, 5, 8500000, NULL, NULL, NULL, NULL, NULL, NULL, NULL, NULL, NULL, NULL, NULL, NULL, NULL, NULL, NULL, NULL, '2025-09-01 08:19:57', 'superadmin', '2025-09-01 08:19:57', 'superadmin', 1),
	(105, NULL, 54, 22, 30, NULL, NULL, 20, 0, 11, 100000, 2000000, 0, 1, NULL, NULL, 10, 1000000, NULL, NULL, NULL, NULL, NULL, NULL, NULL, NULL, NULL, NULL, NULL, NULL, 10, 1000000, NULL, NULL, NULL, NULL, NULL, NULL, NULL, NULL, '2025-09-01 08:21:04', 'superadmin', '2025-09-01 08:21:04', 'superadmin', 1),
	(106, NULL, 55, 22, 31, NULL, NULL, 1, 0, 10, 800000, 800000, 0, 1, NULL, NULL, 1, 800000, NULL, NULL, NULL, NULL, NULL, NULL, NULL, NULL, NULL, NULL, NULL, NULL, NULL, NULL, NULL, NULL, NULL, NULL, NULL, NULL, NULL, NULL, '2025-09-01 08:23:14', 'superadmin', '2025-09-01 08:23:14', 'superadmin', 1),
	(107, NULL, 56, 22, 31, NULL, NULL, 22, 0, 10, 350000, 7700000, 0, 1, NULL, NULL, NULL, NULL, 22, 7700000, NULL, NULL, NULL, NULL, NULL, NULL, NULL, NULL, NULL, NULL, NULL, NULL, NULL, NULL, NULL, NULL, NULL, NULL, NULL, NULL, '2025-09-01 08:24:04', 'superadmin', '2025-09-01 08:24:04', 'superadmin', 1),
	(108, NULL, 57, 22, 31, NULL, NULL, 6, 0, 10, 750000, 4500000, 0, 1, NULL, NULL, NULL, NULL, 6, 4500000, NULL, NULL, NULL, NULL, NULL, NULL, NULL, NULL, NULL, NULL, NULL, NULL, NULL, NULL, NULL, NULL, NULL, NULL, NULL, NULL, '2025-09-01 08:24:44', 'superadmin', '2025-09-01 08:24:44', 'superadmin', 1),
	(109, NULL, 58, 22, 30, NULL, NULL, 1, 0, 1, 26000000, 26000000, 0, 1, NULL, NULL, NULL, NULL, 1, 26000000, NULL, NULL, NULL, NULL, NULL, NULL, NULL, NULL, NULL, NULL, NULL, NULL, NULL, NULL, NULL, NULL, NULL, NULL, NULL, NULL, '2025-09-01 08:25:33', 'superadmin', '2025-09-01 08:25:42', 'superadmin', 0),
	(110, NULL, 58, 22, 31, NULL, NULL, 1, 0, 1, 26000000, 26000000, 0, 1, NULL, NULL, NULL, NULL, 1, 26000000, NULL, NULL, NULL, NULL, NULL, NULL, NULL, NULL, NULL, NULL, NULL, NULL, NULL, NULL, NULL, NULL, NULL, NULL, NULL, NULL, '2025-09-01 08:26:08', 'superadmin', '2025-09-01 08:26:08', 'superadmin', 1),
	(111, NULL, 59, 22, 31, NULL, NULL, 1, 0, 22, 2000000, 2000000, 0, 1, NULL, NULL, NULL, NULL, 1, 2000000, NULL, NULL, NULL, NULL, NULL, NULL, NULL, NULL, NULL, NULL, NULL, NULL, NULL, NULL, NULL, NULL, NULL, NULL, NULL, NULL, '2025-09-01 08:26:45', 'superadmin', '2025-09-01 08:26:45', 'superadmin', 1),
	(112, NULL, 60, 23, 32, NULL, NULL, 24, 0, 2, 5570000, 133680000, 0, 1, NULL, NULL, 2, 11140000, 2, 11140000, 2, 11140000, 2, 11140000, 2, 11140000, 2, 11140000, 2, 11140000, 2, 11140000, 2, 11140000, 2, 11140000, 2, 11140000, 2, 11140000, '2025-09-01 08:29:07', 'superadmin', '2025-09-01 08:29:07', 'superadmin', 1),
	(113, NULL, 61, 23, 32, NULL, NULL, 396, 0, 2, 5477000, 2168892000, 0, 1, NULL, NULL, 33, 180741000, 33, 180741000, 33, 180741000, 33, 180741000, 33, 180741000, 33, 180741000, 33, 180741000, 33, 180741000, 33, 180741000, 33, 180741000, 33, 180741000, 33, 180741000, '2025-09-01 08:30:14', 'superadmin', '2025-09-01 08:30:14', 'superadmin', 1),
	(114, NULL, 62, 23, 32, NULL, NULL, 1, 0, 4, 100000000, 100000000, 0, 1, NULL, NULL, 1, 100000000, NULL, NULL, NULL, NULL, NULL, NULL, NULL, NULL, NULL, NULL, NULL, NULL, NULL, NULL, NULL, NULL, NULL, NULL, NULL, NULL, NULL, NULL, '2025-09-01 08:31:59', 'superadmin', '2025-09-01 08:31:59', 'superadmin', 1),
	(115, NULL, 63, 23, 32, NULL, NULL, 1, 0, 4, 20000000, 20000000, 0, 1, NULL, NULL, 1, 20000000, NULL, NULL, NULL, NULL, NULL, NULL, NULL, NULL, NULL, NULL, NULL, NULL, NULL, NULL, NULL, NULL, NULL, NULL, NULL, NULL, NULL, NULL, '2025-09-01 08:32:32', 'superadmin', '2025-09-01 08:32:32', 'superadmin', 1),
	(116, NULL, 64, 24, 33, NULL, NULL, 144, 0, 2, 5971000, 859824000, 0, 1, NULL, NULL, 12, 71652000, 12, 71652000, 12, 71652000, 12, 71652000, 12, 71652000, 12, 71652000, 12, 71652000, 12, 71652000, 12, 71652000, 12, 71652000, 12, 71652000, 12, 71652000, '2025-09-01 08:33:57', 'superadmin', '2025-09-01 08:33:57', 'superadmin', 1),
	(117, NULL, 65, 24, 33, NULL, NULL, 12, 0, 13, 1007000, 12084000, 0, 1, NULL, NULL, NULL, NULL, 12, 12084000, NULL, NULL, NULL, NULL, NULL, NULL, NULL, NULL, NULL, NULL, NULL, NULL, NULL, NULL, NULL, NULL, NULL, NULL, NULL, NULL, '2025-09-01 08:34:58', 'superadmin', '2025-09-01 08:34:58', 'superadmin', 1),
	(118, NULL, 66, 24, 33, NULL, NULL, 5, 0, 22, 300000, 1500000, 0, 1, NULL, NULL, NULL, NULL, 5, 1500000, NULL, NULL, NULL, NULL, NULL, NULL, NULL, NULL, NULL, NULL, NULL, NULL, NULL, NULL, NULL, NULL, NULL, NULL, NULL, NULL, '2025-09-01 08:35:31', 'superadmin', '2025-09-01 08:35:31', 'superadmin', 1),
	(119, 14, NULL, 25, 34, NULL, NULL, NULL, 0, NULL, NULL, NULL, 1, 0, NULL, NULL, NULL, NULL, NULL, NULL, NULL, NULL, NULL, NULL, NULL, NULL, NULL, NULL, NULL, NULL, NULL, NULL, NULL, NULL, NULL, NULL, NULL, NULL, NULL, NULL, '2025-09-01 08:37:31', 'superadmin', '2025-09-01 08:37:31', 'superadmin', 1),
	(120, NULL, 67, NULL, NULL, 119, NULL, 1160, 0, 3, 15000, 17400000, 0, 1, NULL, NULL, 60, 900000, 100, 1500000, 100, 1500000, 100, 1500000, 100, 1500000, 100, 1500000, 100, 1500000, 100, 1500000, 100, 1500000, 100, 1500000, 100, 1500000, 100, 1500000, '2025-09-01 08:38:47', 'superadmin', '2025-09-01 08:38:47', 'superadmin', 1),
	(121, 15, NULL, 25, 34, NULL, NULL, NULL, 0, NULL, NULL, NULL, 1, 0, NULL, NULL, NULL, NULL, NULL, NULL, NULL, NULL, NULL, NULL, NULL, NULL, NULL, NULL, NULL, NULL, NULL, NULL, NULL, NULL, NULL, NULL, NULL, NULL, NULL, NULL, '2025-09-01 08:39:07', 'superadmin', '2025-09-01 08:39:07', 'superadmin', 1),
	(122, NULL, 76, NULL, NULL, 121, NULL, 240, 0, 3, 35000, 8400000, 0, 1, NULL, NULL, 20, 700000, 20, 700000, 20, 700000, 20, 700000, 20, 700000, 20, 700000, 20, 700000, 20, 700000, 20, 700000, 20, 700000, 20, 700000, 20, 700000, '2025-09-01 08:41:26', 'superadmin', '2025-09-01 08:41:26', 'superadmin', 1),
	(123, NULL, 69, NULL, NULL, 121, NULL, 240, 0, 3, 15000, 3600000, 0, 1, NULL, NULL, 20, 300000, 20, 300000, 20, 300000, 20, 300000, 20, 300000, 20, 300000, 20, 300000, 20, 300000, 20, 300000, 20, 300000, 20, 300000, 20, 300000, '2025-09-01 08:42:10', 'superadmin', '2025-09-01 08:42:10', 'superadmin', 1),
	(124, 16, NULL, 25, 34, NULL, NULL, NULL, 0, NULL, NULL, NULL, 1, 0, NULL, NULL, NULL, NULL, NULL, NULL, NULL, NULL, NULL, NULL, NULL, NULL, NULL, NULL, NULL, NULL, NULL, NULL, NULL, NULL, NULL, NULL, NULL, NULL, NULL, NULL, '2025-09-01 08:44:08', 'superadmin', '2025-09-01 08:44:08', 'superadmin', 1),
	(125, NULL, 70, NULL, NULL, 124, NULL, 50, 0, 3, 35000, 1750000, 0, 1, NULL, NULL, NULL, NULL, 10, 350000, NULL, NULL, 10, 350000, NULL, NULL, 10, 350000, NULL, NULL, 10, 350000, NULL, NULL, 10, 350000, NULL, NULL, NULL, NULL, '2025-09-01 08:45:33', 'superadmin', '2025-09-01 08:45:33', 'superadmin', 1),
	(126, NULL, 71, NULL, NULL, 124, NULL, 50, 0, 3, 15000, 750000, 0, 1, NULL, NULL, NULL, NULL, 10, 150000, NULL, NULL, 10, 150000, NULL, NULL, 10, 150000, NULL, NULL, 10, 150000, NULL, NULL, 10, 150000, NULL, NULL, NULL, NULL, '2025-09-01 08:46:31', 'superadmin', '2025-09-01 08:46:31', 'superadmin', 1),
	(127, 17, NULL, 25, 34, NULL, NULL, NULL, 0, NULL, NULL, NULL, 1, 0, NULL, NULL, NULL, NULL, NULL, NULL, NULL, NULL, NULL, NULL, NULL, NULL, NULL, NULL, NULL, NULL, NULL, NULL, NULL, NULL, NULL, NULL, NULL, NULL, NULL, NULL, '2025-09-01 08:47:22', 'superadmin', '2025-09-01 08:47:22', 'superadmin', 1),
	(128, NULL, 72, NULL, NULL, 127, NULL, 90, 0, 3, 35000, 3150000, 0, 1, NULL, NULL, NULL, NULL, NULL, NULL, 30, 1050000, NULL, NULL, NULL, NULL, 30, 1050000, NULL, NULL, NULL, NULL, NULL, NULL, 30, 1050000, NULL, NULL, NULL, NULL, '2025-09-01 08:48:06', 'superadmin', '2025-09-01 08:49:27', 'superadmin', 1),
	(129, NULL, 73, NULL, NULL, 127, NULL, 90, 0, 3, 15000, 1350000, 0, 1, NULL, NULL, NULL, NULL, NULL, NULL, 30, 450000, NULL, NULL, NULL, NULL, 30, 450000, NULL, NULL, NULL, NULL, NULL, NULL, 30, 450000, NULL, NULL, NULL, NULL, '2025-09-01 08:49:15', 'superadmin', '2025-09-01 08:49:15', 'superadmin', 1),
	(130, 18, NULL, 25, 34, NULL, NULL, NULL, 0, NULL, NULL, NULL, 1, 0, NULL, NULL, NULL, NULL, NULL, NULL, NULL, NULL, NULL, NULL, NULL, NULL, NULL, NULL, NULL, NULL, NULL, NULL, NULL, NULL, NULL, NULL, NULL, NULL, NULL, NULL, '2025-09-01 08:49:48', 'superadmin', '2025-09-01 08:49:48', 'superadmin', 1),
	(131, NULL, 74, NULL, NULL, 130, NULL, 150, 0, 3, 35000, 5250000, 0, 1, NULL, NULL, NULL, NULL, 30, 1050000, NULL, NULL, 30, 1050000, NULL, NULL, 30, 1050000, NULL, NULL, 30, 1050000, NULL, NULL, 30, 1050000, NULL, NULL, NULL, NULL, '2025-09-01 08:50:53', 'superadmin', '2025-09-01 08:50:53', 'superadmin', 1),
	(132, NULL, 75, NULL, NULL, 130, NULL, 150, 0, 3, 15000, 2250000, 0, 1, NULL, NULL, NULL, NULL, 30, 450000, NULL, NULL, 30, 450000, NULL, NULL, 30, 450000, NULL, NULL, 30, 450000, NULL, NULL, 30, 450000, NULL, NULL, NULL, NULL, '2025-09-01 08:52:00', 'superadmin', '2025-09-01 08:52:00', 'superadmin', 1),
	(133, 19, NULL, 25, 34, NULL, NULL, NULL, 0, NULL, NULL, NULL, 1, 0, NULL, NULL, NULL, NULL, NULL, NULL, NULL, NULL, NULL, NULL, NULL, NULL, NULL, NULL, NULL, NULL, NULL, NULL, NULL, NULL, NULL, NULL, NULL, NULL, NULL, NULL, '2025-09-01 08:52:31', 'superadmin', '2025-09-01 08:52:31', 'superadmin', 1),
	(134, NULL, 76, NULL, NULL, 133, NULL, 240, 0, 3, 35000, 8400000, 0, 1, NULL, NULL, 20, 700000, 20, 700000, 20, 700000, 20, 700000, 20, 700000, 20, 700000, 20, 700000, 20, 700000, 20, 700000, 20, 700000, 20, 700000, 20, 700000, '2025-09-01 08:53:23', 'superadmin', '2025-09-01 08:53:23', 'superadmin', 1),
	(135, NULL, 69, NULL, NULL, 133, NULL, 240, 0, 3, 15000, 3600000, 0, 1, NULL, NULL, 20, 300000, 20, 300000, 20, 300000, 20, 300000, 20, 300000, 20, 300000, 20, 300000, 20, 300000, 20, 300000, 20, 300000, 20, 300000, 20, 300000, '2025-09-01 08:55:03', 'superadmin', '2025-09-01 08:55:03', 'superadmin', 1),
	(136, 20, NULL, 25, 34, NULL, NULL, NULL, 0, NULL, NULL, NULL, 1, 0, NULL, NULL, NULL, NULL, NULL, NULL, NULL, NULL, NULL, NULL, NULL, NULL, NULL, NULL, NULL, NULL, NULL, NULL, NULL, NULL, NULL, NULL, NULL, NULL, NULL, NULL, '2025-09-01 08:55:23', 'superadmin', '2025-09-01 08:55:23', 'superadmin', 1),
	(137, NULL, 78, NULL, NULL, 136, NULL, 216, 0, 3, 35000, 7560000, 0, 1, NULL, NULL, NULL, NULL, 36, 1260000, NULL, NULL, 36, 1260000, NULL, NULL, 36, 1260000, NULL, NULL, 36, 1260000, NULL, NULL, 36, 1260000, NULL, NULL, 36, 1260000, '2025-09-01 08:56:43', 'superadmin', '2025-09-01 08:56:43', 'superadmin', 1),
	(138, NULL, 79, NULL, NULL, 136, NULL, 216, 0, 3, 15000, 3240000, 0, 1, NULL, NULL, NULL, NULL, 36, 540000, NULL, NULL, 36, 540000, NULL, NULL, 36, 540000, NULL, NULL, 36, 540000, NULL, NULL, 36, 540000, NULL, NULL, 36, 540000, '2025-09-01 08:57:29', 'superadmin', '2025-09-01 08:57:29', 'superadmin', 1),
	(139, 21, NULL, 25, 34, NULL, NULL, NULL, 0, NULL, NULL, NULL, 1, 0, NULL, NULL, NULL, NULL, NULL, NULL, NULL, NULL, NULL, NULL, NULL, NULL, NULL, NULL, NULL, NULL, NULL, NULL, NULL, NULL, NULL, NULL, NULL, NULL, NULL, NULL, '2025-09-01 08:59:16', 'superadmin', '2025-09-01 08:59:16', 'superadmin', 1),
	(140, NULL, 80, NULL, NULL, 139, NULL, 40, 0, 3, 35000, 1400000, 0, 1, NULL, NULL, NULL, NULL, NULL, NULL, NULL, NULL, NULL, NULL, NULL, NULL, 40, 1400000, NULL, NULL, NULL, NULL, NULL, NULL, NULL, NULL, NULL, NULL, NULL, NULL, '2025-09-01 09:01:28', 'superadmin', '2025-09-01 09:01:28', 'superadmin', 1),
	(141, 22, NULL, 25, 34, NULL, NULL, NULL, 0, NULL, NULL, NULL, 1, 0, NULL, NULL, NULL, NULL, NULL, NULL, NULL, NULL, NULL, NULL, NULL, NULL, NULL, NULL, NULL, NULL, NULL, NULL, NULL, NULL, NULL, NULL, NULL, NULL, NULL, NULL, '2025-09-01 09:01:53', 'superadmin', '2025-09-01 09:01:53', 'superadmin', 1),
	(142, NULL, 81, NULL, NULL, 141, NULL, 100, 0, 3, 35000, 3500000, 0, 1, NULL, NULL, NULL, NULL, NULL, NULL, 25, 875000, NULL, NULL, NULL, NULL, 25, 875000, NULL, NULL, NULL, NULL, 25, 875000, NULL, NULL, NULL, NULL, 25, 875000, '2025-09-01 09:03:33', 'superadmin', '2025-09-01 09:03:33', 'superadmin', 1),
	(143, NULL, 82, NULL, NULL, 141, NULL, 100, 0, 3, 15000, 1500000, 0, 1, NULL, NULL, NULL, NULL, NULL, NULL, 25, 375000, NULL, NULL, NULL, NULL, 25, 375000, NULL, NULL, NULL, NULL, 25, 375000, NULL, NULL, NULL, NULL, 25, 375000, '2025-09-01 09:05:39', 'superadmin', '2025-09-01 09:05:39', 'superadmin', 1),
	(144, 23, NULL, 25, 34, NULL, NULL, NULL, 0, NULL, NULL, NULL, 1, 0, NULL, NULL, NULL, NULL, NULL, NULL, NULL, NULL, NULL, NULL, NULL, NULL, NULL, NULL, NULL, NULL, NULL, NULL, NULL, NULL, NULL, NULL, NULL, NULL, NULL, NULL, '2025-09-01 09:06:13', 'superadmin', '2025-09-01 09:06:13', 'superadmin', 1),
	(145, NULL, 83, NULL, NULL, 144, NULL, 204, 0, 3, 15000, 3060000, 0, 1, NULL, NULL, 17, 255000, 17, 255000, 17, 255000, 17, 255000, 17, 255000, 17, 255000, 17, 255000, 17, 255000, 17, 255000, 17, 255000, 17, 255000, 17, 255000, '2025-09-01 09:06:56', 'superadmin', '2025-09-01 09:06:56', 'superadmin', 1),
	(146, NULL, 84, NULL, NULL, 144, NULL, 105, 0, 3, 15000, 1575000, 0, 1, NULL, NULL, NULL, NULL, NULL, NULL, NULL, NULL, 35, 525000, NULL, NULL, NULL, NULL, NULL, NULL, 35, 525000, NULL, NULL, NULL, NULL, NULL, NULL, 35, 525000, '2025-09-01 09:07:50', 'superadmin', '2025-09-01 09:07:50', 'superadmin', 1),
	(147, 24, NULL, 25, 34, NULL, NULL, NULL, 0, NULL, NULL, NULL, 1, 0, NULL, NULL, NULL, NULL, NULL, NULL, NULL, NULL, NULL, NULL, NULL, NULL, NULL, NULL, NULL, NULL, NULL, NULL, NULL, NULL, NULL, NULL, NULL, NULL, NULL, NULL, '2025-09-01 09:08:10', 'superadmin', '2025-09-01 09:08:10', 'superadmin', 1),
	(148, NULL, 85, NULL, NULL, 147, NULL, 400, 0, 3, 15000, 6000000, 0, 1, NULL, NULL, 20, 300000, 20, 300000, 140, 2100000, 20, 300000, 20, 300000, 40, 600000, 20, 300000, 20, 300000, 20, 300000, 40, 600000, 20, 300000, 20, 300000, '2025-09-01 09:09:34', 'superadmin', '2025-09-01 09:09:34', 'superadmin', 1),
	(149, NULL, 86, NULL, NULL, 147, NULL, 225, 0, 3, 35000, 7875000, 0, 1, NULL, NULL, NULL, NULL, NULL, NULL, 225, 7875000, NULL, NULL, NULL, NULL, NULL, NULL, NULL, NULL, NULL, NULL, NULL, NULL, NULL, NULL, NULL, NULL, NULL, NULL, '2025-09-01 09:10:23', 'superadmin', '2025-09-01 09:10:23', 'superadmin', 1),
	(150, 25, NULL, 25, 34, NULL, NULL, NULL, 0, NULL, NULL, NULL, 1, 0, NULL, NULL, NULL, NULL, NULL, NULL, NULL, NULL, NULL, NULL, NULL, NULL, NULL, NULL, NULL, NULL, NULL, NULL, NULL, NULL, NULL, NULL, NULL, NULL, NULL, NULL, '2025-09-01 09:10:39', 'superadmin', '2025-09-01 09:10:39', 'superadmin', 1),
	(151, NULL, 87, NULL, NULL, 150, NULL, 2400, 0, 3, 12000, 28800000, 0, 1, NULL, NULL, 200, 2400000, 200, 2400000, 200, 2400000, 200, 2400000, 200, 2400000, 200, 2400000, 200, 2400000, 200, 2400000, 200, 2400000, 200, 2400000, 200, 2400000, 200, 2400000, '2025-09-01 09:11:41', 'superadmin', '2025-09-01 09:11:41', 'superadmin', 1),
	(152, NULL, 88, 25, 34, NULL, NULL, 480, 0, 14, 40000, 19200000, 0, 1, NULL, NULL, 40, 1600000, 40, 1600000, 40, 1600000, 40, 1600000, 40, 1600000, 40, 1600000, 40, 1600000, 40, 1600000, 40, 1600000, 40, 1600000, 40, 1600000, 40, 1600000, '2025-09-01 09:13:29', 'superadmin', '2025-09-01 09:13:29', 'superadmin', 1),
	(153, 26, NULL, 25, 34, NULL, NULL, NULL, 0, NULL, NULL, NULL, 1, 0, NULL, NULL, NULL, NULL, NULL, NULL, NULL, NULL, NULL, NULL, NULL, NULL, NULL, NULL, NULL, NULL, NULL, NULL, NULL, NULL, NULL, NULL, NULL, NULL, NULL, NULL, '2025-09-01 09:13:47', 'superadmin', '2025-09-01 09:13:47', 'superadmin', 1),
	(154, NULL, 89, NULL, NULL, 153, NULL, 200, 0, 3, 35000, 7000000, 0, 1, NULL, NULL, 25, 875000, 25, 875000, 25, 875000, 25, 875000, 25, 875000, 25, 875000, 25, 875000, 25, 875000, NULL, NULL, NULL, NULL, NULL, NULL, NULL, NULL, '2025-09-01 09:14:28', 'superadmin', '2025-09-01 09:14:28', 'superadmin', 1),
	(155, NULL, 90, NULL, NULL, 153, NULL, 375, 0, 3, 15000, 5625000, 0, 1, NULL, NULL, 25, 375000, 25, 375000, 50, 750000, 25, 375000, 25, 375000, 50, 750000, 25, 375000, 25, 375000, 50, 750000, 25, 375000, 25, 375000, 25, 375000, '2025-09-01 09:15:30', 'superadmin', '2025-09-01 09:15:30', 'superadmin', 1),
	(156, NULL, 91, 26, 35, NULL, NULL, 1, 0, 4, 60000000, 60000000, 0, 1, NULL, NULL, 1, 60000000, NULL, NULL, NULL, NULL, NULL, NULL, NULL, NULL, NULL, NULL, NULL, NULL, NULL, NULL, NULL, NULL, NULL, NULL, NULL, NULL, NULL, NULL, '2025-09-01 09:16:57', 'superadmin', '2025-09-01 09:16:57', 'superadmin', 1),
	(157, NULL, 92, 26, 35, NULL, NULL, 1, 0, 4, 42000000, 42000000, 0, 1, NULL, NULL, 1, 42000000, NULL, NULL, NULL, NULL, NULL, NULL, NULL, NULL, NULL, NULL, NULL, NULL, NULL, NULL, NULL, NULL, NULL, NULL, NULL, NULL, NULL, NULL, '2025-09-01 09:17:57', 'superadmin', '2025-09-01 09:17:57', 'superadmin', 1),
	(158, NULL, 93, 26, 35, NULL, NULL, 1, 0, 4, 987095500, 987095500, 0, 1, NULL, NULL, 1, 987095500, NULL, NULL, NULL, NULL, NULL, NULL, NULL, NULL, NULL, NULL, NULL, NULL, NULL, NULL, NULL, NULL, NULL, NULL, NULL, NULL, NULL, NULL, '2025-09-01 09:18:32', 'superadmin', '2025-09-01 09:18:32', 'superadmin', 1),
	(159, NULL, 94, 26, 35, NULL, NULL, 1, 0, 4, 430000000, 430000000, 0, 1, NULL, NULL, 1, 430000000, NULL, NULL, NULL, NULL, NULL, NULL, NULL, NULL, NULL, NULL, NULL, NULL, NULL, NULL, NULL, NULL, NULL, NULL, NULL, NULL, NULL, NULL, '2025-09-01 09:19:42', 'superadmin', '2025-09-01 09:19:42', 'superadmin', 1),
	(160, NULL, 95, 26, 35, NULL, NULL, 1, 0, 4, 90000000, 90000000, 0, 1, NULL, NULL, 1, 90000000, NULL, NULL, NULL, NULL, NULL, NULL, NULL, NULL, NULL, NULL, NULL, NULL, NULL, NULL, NULL, NULL, NULL, NULL, NULL, NULL, NULL, NULL, '2025-09-01 09:20:06', 'superadmin', '2025-09-01 09:20:06', 'superadmin', 1),
	(161, 27, NULL, 27, 36, NULL, NULL, NULL, 0, NULL, NULL, NULL, 1, 0, NULL, NULL, NULL, NULL, NULL, NULL, NULL, NULL, NULL, NULL, NULL, NULL, NULL, NULL, NULL, NULL, NULL, NULL, NULL, NULL, NULL, NULL, NULL, NULL, NULL, NULL, '2025-09-01 09:21:59', 'superadmin', '2025-09-01 09:21:59', 'superadmin', 1),
	(162, NULL, 96, NULL, NULL, 161, NULL, 30, 0, 3, 100000, 3000000, 0, 1, NULL, NULL, 10, 1000000, NULL, NULL, 10, 1000000, NULL, NULL, NULL, NULL, NULL, NULL, NULL, NULL, NULL, NULL, 10, 1000000, NULL, NULL, NULL, NULL, NULL, NULL, '2025-09-01 09:22:45', 'superadmin', '2025-09-01 09:22:45', 'superadmin', 1),
	(163, NULL, 1138, NULL, NULL, 161, NULL, 200, 0, 15, 30000, 6000000, 0, 1, NULL, NULL, NULL, NULL, 100, 3000000, NULL, NULL, NULL, NULL, NULL, NULL, NULL, NULL, NULL, NULL, NULL, NULL, 100, 3000000, NULL, NULL, NULL, NULL, NULL, NULL, '2025-09-01 09:24:20', 'superadmin', '2025-09-01 09:24:20', 'superadmin', 1),
	(164, NULL, 1198, NULL, NULL, 161, NULL, 200, 0, 3, 15000, 3000000, 0, 1, NULL, NULL, 50, 750000, NULL, NULL, NULL, NULL, 50, 750000, NULL, NULL, NULL, NULL, 50, 750000, NULL, NULL, NULL, NULL, 50, 750000, NULL, NULL, NULL, NULL, '2025-09-01 09:27:38', 'superadmin', '2025-09-01 09:27:38', 'superadmin', 1),
	(165, NULL, 1199, NULL, NULL, 161, NULL, 200, 0, 3, 35000, 7000000, 0, 1, NULL, NULL, 50, 1750000, NULL, NULL, NULL, NULL, 50, 1750000, NULL, NULL, NULL, NULL, 50, 1750000, NULL, NULL, NULL, NULL, 50, 1750000, NULL, NULL, NULL, NULL, '2025-09-01 09:29:27', 'superadmin', '2025-09-01 09:29:27', 'superadmin', 1),
	(166, NULL, 1200, NULL, NULL, 161, NULL, 10, 0, 16, 150000, 1500000, 0, 1, NULL, NULL, NULL, NULL, NULL, NULL, 5, 750000, NULL, NULL, NULL, NULL, NULL, NULL, NULL, NULL, NULL, NULL, 5, 750000, NULL, NULL, NULL, NULL, NULL, NULL, '2025-09-01 09:31:01', 'superadmin', '2025-09-01 09:31:01', 'superadmin', 1),
	(167, NULL, 1201, NULL, NULL, 161, NULL, 10, 0, 16, 150000, 1500000, 0, 1, NULL, NULL, NULL, NULL, NULL, NULL, 5, 750000, NULL, NULL, NULL, NULL, NULL, NULL, NULL, NULL, NULL, NULL, 5, 750000, NULL, NULL, NULL, NULL, NULL, NULL, '2025-09-01 09:32:12', 'superadmin', '2025-09-01 09:32:12', 'superadmin', 1),
	(168, 28, NULL, 27, 36, NULL, NULL, NULL, 0, NULL, NULL, NULL, 1, 0, NULL, NULL, NULL, NULL, NULL, NULL, NULL, NULL, NULL, NULL, NULL, NULL, NULL, NULL, NULL, NULL, NULL, NULL, NULL, NULL, NULL, NULL, NULL, NULL, NULL, NULL, '2025-09-01 09:32:40', 'superadmin', '2025-09-01 09:32:40', 'superadmin', 1),
	(169, NULL, 1138, NULL, NULL, 168, NULL, 60, 0, 3, 200000, 12000000, 0, 1, NULL, NULL, NULL, NULL, NULL, NULL, NULL, NULL, NULL, NULL, NULL, NULL, NULL, NULL, NULL, NULL, NULL, NULL, NULL, NULL, NULL, NULL, 60, 12000000, NULL, NULL, '2025-09-01 09:33:24', 'superadmin', '2025-09-01 09:33:24', 'superadmin', 1),
	(170, NULL, 98, NULL, NULL, 168, NULL, 240, 0, 3, 15000, 3600000, 0, 1, NULL, NULL, NULL, NULL, NULL, NULL, NULL, NULL, NULL, NULL, NULL, NULL, NULL, NULL, NULL, NULL, NULL, NULL, NULL, NULL, NULL, NULL, 240, 3600000, NULL, NULL, '2025-09-01 09:34:26', 'superadmin', '2025-09-01 09:34:26', 'superadmin', 1),
	(171, 29, NULL, 27, 36, NULL, NULL, NULL, 0, NULL, NULL, NULL, 1, 0, NULL, NULL, NULL, NULL, NULL, NULL, NULL, NULL, NULL, NULL, NULL, NULL, NULL, NULL, NULL, NULL, NULL, NULL, NULL, NULL, NULL, NULL, NULL, NULL, NULL, NULL, '2025-09-01 09:35:09', 'superadmin', '2025-09-01 09:35:09', 'superadmin', 1),
	(172, NULL, 1202, NULL, NULL, 171, NULL, 60, 0, 3, 15000, 900000, 0, 1, NULL, NULL, NULL, NULL, NULL, NULL, NULL, NULL, NULL, NULL, NULL, NULL, NULL, NULL, NULL, NULL, NULL, NULL, NULL, NULL, NULL, NULL, 60, 900000, NULL, NULL, '2025-09-01 09:39:09', 'superadmin', '2025-09-01 09:39:09', 'superadmin', 1),
	(173, NULL, 99, NULL, NULL, 171, NULL, 60, 0, 3, 35000, 2100000, 0, 1, NULL, NULL, NULL, NULL, NULL, NULL, NULL, NULL, NULL, NULL, NULL, NULL, NULL, NULL, NULL, NULL, NULL, NULL, NULL, NULL, NULL, NULL, 60, 2100000, NULL, NULL, '2025-09-01 09:40:19', 'superadmin', '2025-09-01 09:40:19', 'superadmin', 1),
	(174, 30, NULL, 27, 36, NULL, NULL, NULL, 0, NULL, NULL, NULL, 1, 0, NULL, NULL, NULL, NULL, NULL, NULL, NULL, NULL, NULL, NULL, NULL, NULL, NULL, NULL, NULL, NULL, NULL, NULL, NULL, NULL, NULL, NULL, NULL, NULL, NULL, NULL, '2025-09-01 09:40:40', 'superadmin', '2025-09-01 09:40:40', 'superadmin', 1),
	(175, NULL, 100, NULL, NULL, 174, NULL, 100, 0, 22, 22000, 2200000, 0, 1, NULL, NULL, NULL, NULL, NULL, NULL, NULL, NULL, NULL, NULL, NULL, NULL, NULL, NULL, NULL, NULL, NULL, NULL, NULL, NULL, NULL, NULL, 100, 2200000, NULL, NULL, '2025-09-01 09:41:14', 'superadmin', '2025-09-01 09:41:14', 'superadmin', 1),
	(176, NULL, 101, NULL, NULL, 174, NULL, 225, 0, 15, 110000, 24750000, 0, 1, NULL, NULL, NULL, NULL, NULL, NULL, NULL, NULL, NULL, NULL, NULL, NULL, NULL, NULL, NULL, NULL, NULL, NULL, NULL, NULL, NULL, NULL, 225, 24750000, NULL, NULL, '2025-09-01 09:41:47', 'superadmin', '2025-09-01 09:41:47', 'superadmin', 1),
	(177, NULL, 102, NULL, NULL, 174, NULL, 15, 0, 3, 700000, 10500000, 0, 1, NULL, NULL, NULL, NULL, NULL, NULL, NULL, NULL, NULL, NULL, NULL, NULL, NULL, NULL, NULL, NULL, NULL, NULL, NULL, NULL, NULL, NULL, 15, 10500000, NULL, NULL, '2025-09-01 09:42:19', 'superadmin', '2025-09-01 09:42:19', 'superadmin', 1),
	(178, NULL, 1114, NULL, NULL, 174, NULL, 2, 0, 22, 200000, 400000, 0, 1, NULL, NULL, NULL, NULL, NULL, NULL, NULL, NULL, NULL, NULL, NULL, NULL, NULL, NULL, NULL, NULL, NULL, NULL, NULL, NULL, NULL, NULL, 2, 400000, NULL, NULL, '2025-09-01 09:42:52', 'superadmin', '2025-09-01 09:42:52', 'superadmin', 1),
	(179, NULL, 104, NULL, NULL, 174, NULL, 2, 0, 13, 1675000, 3350000, 0, 1, NULL, NULL, NULL, NULL, NULL, NULL, NULL, NULL, NULL, NULL, NULL, NULL, NULL, NULL, NULL, NULL, NULL, NULL, NULL, NULL, NULL, NULL, 2, 3350000, NULL, NULL, '2025-09-01 09:43:26', 'superadmin', '2025-09-01 09:43:26', 'superadmin', 1),
	(180, NULL, 105, NULL, NULL, 174, NULL, 2, 0, 13, 2000000, 4000000, 0, 1, NULL, NULL, NULL, NULL, NULL, NULL, NULL, NULL, NULL, NULL, NULL, NULL, NULL, NULL, NULL, NULL, NULL, NULL, NULL, NULL, NULL, NULL, 2, 4000000, NULL, NULL, '2025-09-01 09:44:05', 'superadmin', '2025-09-01 09:44:05', 'superadmin', 1),
	(181, NULL, 106, NULL, NULL, 174, NULL, 1, 0, 13, 6000000, 6000000, 0, 1, NULL, NULL, NULL, NULL, NULL, NULL, NULL, NULL, NULL, NULL, NULL, NULL, NULL, NULL, NULL, NULL, NULL, NULL, NULL, NULL, NULL, NULL, 1, 6000000, NULL, NULL, '2025-09-01 09:45:15', 'superadmin', '2025-09-01 09:45:15', 'superadmin', 1),
	(182, NULL, 107, NULL, NULL, 174, NULL, 20, 0, 17, 100000, 2000000, 0, 1, NULL, NULL, NULL, NULL, NULL, NULL, NULL, NULL, NULL, NULL, NULL, NULL, NULL, NULL, NULL, NULL, NULL, NULL, NULL, NULL, NULL, NULL, 20, 2000000, NULL, NULL, '2025-09-01 09:46:07', 'superadmin', '2025-09-01 09:46:07', 'superadmin', 1),
	(183, 31, NULL, 27, 36, NULL, NULL, NULL, 0, NULL, NULL, NULL, 1, 0, NULL, NULL, NULL, NULL, NULL, NULL, NULL, NULL, NULL, NULL, NULL, NULL, NULL, NULL, NULL, NULL, NULL, NULL, NULL, NULL, NULL, NULL, NULL, NULL, NULL, NULL, '2025-09-01 09:46:23', 'superadmin', '2025-09-01 09:46:23', 'superadmin', 1),
	(184, NULL, 108, NULL, NULL, 183, NULL, 415, 0, 3, 15000, 6225000, 0, 1, NULL, NULL, NULL, NULL, NULL, NULL, NULL, NULL, NULL, NULL, NULL, NULL, NULL, NULL, NULL, NULL, 415, 6225000, NULL, NULL, NULL, NULL, NULL, NULL, NULL, NULL, '2025-09-01 09:46:47', 'superadmin', '2025-09-01 09:46:47', 'superadmin', 1),
	(185, NULL, 132, 28, 37, NULL, NULL, 3, 0, 1, 50000000, 150000000, 0, 1, NULL, NULL, NULL, NULL, NULL, NULL, NULL, NULL, NULL, NULL, 3, 150000000, NULL, NULL, NULL, NULL, NULL, NULL, NULL, NULL, NULL, NULL, NULL, NULL, NULL, NULL, '2025-09-01 09:48:26', 'superadmin', '2025-09-01 09:48:26', 'superadmin', 1),
	(186, NULL, 110, 28, 37, NULL, NULL, 1, 0, 1, 100000000, 100000000, 0, 1, NULL, NULL, NULL, NULL, NULL, NULL, NULL, NULL, NULL, NULL, 1, 100000000, NULL, NULL, NULL, NULL, NULL, NULL, NULL, NULL, NULL, NULL, NULL, NULL, NULL, NULL, '2025-09-01 09:49:25', 'superadmin', '2025-09-01 09:49:25', 'superadmin', 1),
	(187, NULL, 111, 28, 37, NULL, NULL, 2, 0, 1, 35000000, 70000000, 0, 1, NULL, NULL, NULL, NULL, NULL, NULL, NULL, NULL, NULL, NULL, NULL, NULL, NULL, NULL, NULL, NULL, NULL, NULL, 2, 70000000, NULL, NULL, NULL, NULL, NULL, NULL, '2025-09-01 09:50:00', 'superadmin', '2025-09-01 09:50:00', 'superadmin', 1),
	(188, NULL, 112, 28, 37, NULL, NULL, 10, 0, 1, 15000000, 150000000, 0, 1, NULL, NULL, NULL, NULL, NULL, NULL, NULL, NULL, NULL, NULL, NULL, NULL, NULL, NULL, NULL, NULL, 10, 150000000, NULL, NULL, NULL, NULL, NULL, NULL, NULL, NULL, '2025-09-01 09:51:02', 'superadmin', '2025-09-01 09:51:02', 'superadmin', 1),
	(189, NULL, 113, 28, 37, NULL, NULL, 1, 0, 1, 60000000, 60000000, 0, 1, NULL, NULL, NULL, NULL, NULL, NULL, NULL, NULL, NULL, NULL, NULL, NULL, NULL, NULL, NULL, NULL, NULL, NULL, NULL, NULL, 1, 60000000, NULL, NULL, NULL, NULL, '2025-09-01 09:52:07', 'superadmin', '2025-09-01 09:52:07', 'superadmin', 1),
	(190, NULL, 114, 28, 37, NULL, NULL, 2, 0, 1, 25000000, 50000000, 0, 1, NULL, NULL, NULL, NULL, NULL, NULL, 1, 25000000, NULL, NULL, 1, 25000000, NULL, NULL, NULL, NULL, NULL, NULL, NULL, NULL, NULL, NULL, NULL, NULL, NULL, NULL, '2025-09-01 09:53:19', 'superadmin', '2025-09-01 09:53:19', 'superadmin', 1),
	(191, NULL, 115, 28, 37, NULL, NULL, 4, 0, 1, 30000000, 120000000, 0, 1, NULL, NULL, NULL, NULL, NULL, NULL, NULL, NULL, NULL, NULL, 4, 120000000, NULL, NULL, NULL, NULL, NULL, NULL, NULL, NULL, NULL, NULL, NULL, NULL, NULL, NULL, '2025-09-01 09:53:59', 'superadmin', '2025-09-01 09:53:59', 'superadmin', 1),
	(192, NULL, 116, 28, 37, NULL, NULL, 3, 0, 1, 50000000, 150000000, 0, 1, NULL, NULL, NULL, NULL, NULL, NULL, 3, 150000000, NULL, NULL, NULL, NULL, NULL, NULL, NULL, NULL, NULL, NULL, NULL, NULL, NULL, NULL, NULL, NULL, NULL, NULL, '2025-09-01 09:54:58', 'superadmin', '2025-09-01 09:54:58', 'superadmin', 1),
	(193, NULL, 117, 28, 37, NULL, NULL, 3, 0, 1, 20000000, 60000000, 0, 1, NULL, NULL, NULL, NULL, NULL, NULL, NULL, NULL, NULL, NULL, NULL, NULL, NULL, NULL, 3, 60000000, NULL, NULL, NULL, NULL, NULL, NULL, NULL, NULL, NULL, NULL, '2025-09-01 09:56:10', 'superadmin', '2025-09-01 09:56:10', 'superadmin', 1),
	(194, NULL, 118, 28, 37, NULL, NULL, 5, 0, 1, 5000000, 25000000, 0, 1, NULL, NULL, NULL, NULL, NULL, NULL, NULL, NULL, NULL, NULL, NULL, NULL, NULL, NULL, NULL, NULL, 5, 25000000, NULL, NULL, NULL, NULL, NULL, NULL, NULL, NULL, '2025-09-01 09:57:20', 'superadmin', '2025-09-01 09:57:20', 'superadmin', 1),
	(195, NULL, 119, 28, 37, NULL, NULL, 3, 0, 1, 20000000, 60000000, 0, 1, NULL, NULL, NULL, NULL, NULL, NULL, NULL, NULL, NULL, NULL, NULL, NULL, 3, 60000000, NULL, NULL, NULL, NULL, NULL, NULL, NULL, NULL, NULL, NULL, NULL, NULL, '2025-09-01 09:58:10', 'superadmin', '2025-09-01 09:58:10', 'superadmin', 1),
	(196, NULL, 120, 28, 37, NULL, NULL, 2, 0, 1, 20000000, 40000000, 0, 1, NULL, NULL, NULL, NULL, NULL, NULL, NULL, NULL, 2, 40000000, NULL, NULL, NULL, NULL, NULL, NULL, NULL, NULL, NULL, NULL, NULL, NULL, NULL, NULL, NULL, NULL, '2025-09-01 09:58:47', 'superadmin', '2025-09-01 09:58:47', 'superadmin', 1),
	(197, NULL, 121, 28, 37, NULL, NULL, 1, 0, 1, 20000000, 20000000, 0, 1, NULL, NULL, NULL, NULL, NULL, NULL, NULL, NULL, 1, 20000000, NULL, NULL, NULL, NULL, NULL, NULL, NULL, NULL, NULL, NULL, NULL, NULL, NULL, NULL, NULL, NULL, '2025-09-01 09:59:38', 'superadmin', '2025-09-01 09:59:38', 'superadmin', 1),
	(198, NULL, 122, 28, 37, NULL, NULL, 1, 0, 1, 39360000, 39360000, 0, 1, NULL, NULL, 1, 39360000, NULL, NULL, NULL, NULL, NULL, NULL, NULL, NULL, NULL, NULL, NULL, NULL, NULL, NULL, NULL, NULL, NULL, NULL, NULL, NULL, NULL, NULL, '2025-09-01 10:01:03', 'superadmin', '2025-09-01 10:01:03', 'superadmin', 1),
	(199, NULL, 123, 28, 37, NULL, NULL, 1, 0, 4, 190625000, 190625000, 0, 1, NULL, NULL, NULL, NULL, NULL, NULL, 1, 190625000, NULL, NULL, NULL, NULL, NULL, NULL, NULL, NULL, NULL, NULL, NULL, NULL, NULL, NULL, NULL, NULL, NULL, NULL, '2025-09-01 10:01:42', 'superadmin', '2025-09-01 10:01:42', 'superadmin', 1),
	(200, NULL, 124, 28, 37, NULL, NULL, 1, 0, 1, 75850000, 75850000, 0, 1, NULL, NULL, NULL, NULL, NULL, NULL, 1, 75850000, NULL, NULL, NULL, NULL, NULL, NULL, NULL, NULL, NULL, NULL, NULL, NULL, NULL, NULL, NULL, NULL, NULL, NULL, '2025-09-01 10:03:32', 'superadmin', '2025-09-01 10:03:32', 'superadmin', 1),
	(201, NULL, 125, 28, 37, NULL, NULL, 1, 0, 1, 15000000, 15000000, 0, 1, NULL, NULL, NULL, NULL, NULL, NULL, NULL, NULL, NULL, NULL, NULL, NULL, 1, 15000000, NULL, NULL, NULL, NULL, NULL, NULL, NULL, NULL, NULL, NULL, NULL, NULL, '2025-09-01 10:04:22', 'superadmin', '2025-09-01 10:04:22', 'superadmin', 1),
	(202, NULL, 126, 28, 37, NULL, NULL, 1, 0, 1, 40000000, 40000000, 0, 1, NULL, NULL, NULL, NULL, NULL, NULL, NULL, NULL, NULL, NULL, NULL, NULL, NULL, NULL, 1, 40000000, NULL, NULL, NULL, NULL, NULL, NULL, NULL, NULL, NULL, NULL, '2025-09-01 10:04:59', 'superadmin', '2025-09-01 10:04:59', 'superadmin', 1),
	(203, NULL, 127, 28, 37, NULL, NULL, 4, 0, 1, 75000000, 300000000, 0, 1, NULL, NULL, NULL, NULL, NULL, NULL, 4, 300000000, NULL, NULL, NULL, NULL, NULL, NULL, NULL, NULL, NULL, NULL, NULL, NULL, NULL, NULL, NULL, NULL, NULL, NULL, '2025-09-01 10:05:44', 'superadmin', '2025-09-01 10:05:44', 'superadmin', 1),
	(204, NULL, 128, 28, 37, NULL, NULL, 1, 0, 1, 300000000, 300000000, 0, 1, NULL, NULL, NULL, NULL, 1, 300000000, NULL, NULL, NULL, NULL, NULL, NULL, NULL, NULL, NULL, NULL, NULL, NULL, NULL, NULL, NULL, NULL, NULL, NULL, NULL, NULL, '2025-09-01 10:06:22', 'superadmin', '2025-09-01 10:06:22', 'superadmin', 1),
	(205, NULL, 129, 28, 37, NULL, NULL, 10, 0, 1, 3000000, 30000000, 0, 1, NULL, NULL, NULL, NULL, NULL, NULL, NULL, NULL, 10, 30000000, NULL, NULL, NULL, NULL, NULL, NULL, NULL, NULL, NULL, NULL, NULL, NULL, NULL, NULL, NULL, NULL, '2025-09-01 10:07:08', 'superadmin', '2025-09-01 10:07:08', 'superadmin', 1),
	(206, NULL, 130, 28, 37, NULL, NULL, 1, 0, 1, 50000000, 50000000, 0, 1, NULL, NULL, NULL, NULL, NULL, NULL, NULL, NULL, NULL, NULL, 1, 50000000, NULL, NULL, NULL, NULL, NULL, NULL, NULL, NULL, NULL, NULL, NULL, NULL, NULL, NULL, '2025-09-01 10:07:41', 'superadmin', '2025-09-01 10:07:41', 'superadmin', 1),
	(207, NULL, 131, 28, 37, NULL, NULL, 1, 0, 1, 30650000, 30650000, 0, 1, NULL, NULL, NULL, NULL, NULL, NULL, 1, 30650000, NULL, NULL, NULL, NULL, NULL, NULL, NULL, NULL, NULL, NULL, NULL, NULL, NULL, NULL, NULL, NULL, NULL, NULL, '2025-09-01 10:08:31', 'superadmin', '2025-09-01 10:08:31', 'superadmin', 1),
	(208, NULL, 132, 28, 37, NULL, NULL, 2, 0, 1, 21750000, 43500000, 0, 1, NULL, NULL, NULL, NULL, NULL, NULL, 2, 43500000, NULL, NULL, NULL, NULL, NULL, NULL, NULL, NULL, NULL, NULL, NULL, NULL, NULL, NULL, NULL, NULL, NULL, NULL, '2025-09-01 10:09:09', 'superadmin', '2025-09-01 10:09:09', 'superadmin', 1),
	(209, NULL, 133, 29, 38, NULL, NULL, 10, 0, 1, 600000, 6000000, 0, 1, NULL, NULL, NULL, NULL, 1, 600000, 1, 600000, 1, 600000, 1, 600000, 1, 600000, 1, 600000, 1, 600000, 1, 600000, 1, 600000, 1, 600000, NULL, NULL, '2025-09-01 10:11:15', 'superadmin', '2025-09-01 10:11:15', 'superadmin', 1),
	(210, NULL, 134, 29, 38, NULL, NULL, 32, 0, 1, 400000, 12800000, 0, 1, NULL, NULL, NULL, NULL, 8, 3200000, NULL, NULL, NULL, NULL, 8, 3200000, NULL, NULL, NULL, NULL, 8, 3200000, NULL, NULL, NULL, NULL, 8, 3200000, NULL, NULL, '2025-09-01 10:12:18', 'superadmin', '2025-09-01 10:12:18', 'superadmin', 1),
	(211, NULL, 135, 29, 38, NULL, NULL, 40, 0, 1, 400000, 16000000, 0, 1, NULL, NULL, NULL, NULL, 10, 4000000, NULL, NULL, NULL, NULL, 10, 4000000, NULL, NULL, NULL, NULL, 10, 4000000, NULL, NULL, NULL, NULL, 10, 4000000, NULL, NULL, '2025-09-01 10:13:44', 'superadmin', '2025-09-01 10:13:44', 'superadmin', 1),
	(212, NULL, 136, 29, 38, NULL, NULL, 434, 0, 1, 110000, 47740000, 0, 1, NULL, NULL, NULL, NULL, 89, 9790000, NULL, NULL, NULL, NULL, 115, 12650000, NULL, NULL, NULL, NULL, 115, 12650000, NULL, NULL, NULL, NULL, 115, 12650000, NULL, NULL, '2025-09-01 10:15:08', 'superadmin', '2025-09-01 10:15:08', 'superadmin', 1),
	(213, NULL, 137, 29, 38, NULL, NULL, 2, 0, 9, 6250000, 12500000, 0, 1, NULL, NULL, NULL, NULL, NULL, NULL, 1, 6250000, NULL, NULL, NULL, NULL, NULL, NULL, NULL, NULL, NULL, NULL, NULL, NULL, 1, 6250000, NULL, NULL, NULL, NULL, '2025-09-01 10:17:22', 'superadmin', '2025-09-01 10:17:22', 'superadmin', 1),
	(214, NULL, 138, 29, 38, NULL, NULL, 2, 0, 9, 7500000, 15000000, 0, 1, NULL, NULL, NULL, NULL, NULL, NULL, 1, 7500000, NULL, NULL, NULL, NULL, NULL, NULL, NULL, NULL, NULL, NULL, NULL, NULL, 1, 7500000, NULL, NULL, NULL, NULL, '2025-09-01 10:18:52', 'superadmin', '2025-09-01 10:18:52', 'superadmin', 1),
	(215, NULL, 139, 29, 38, NULL, NULL, 2, 0, 9, 10000000, 20000000, 0, 1, NULL, NULL, NULL, NULL, NULL, NULL, 1, 10000000, NULL, NULL, NULL, NULL, NULL, NULL, NULL, NULL, NULL, NULL, NULL, NULL, 1, 10000000, NULL, NULL, NULL, NULL, '2025-09-01 10:19:54', 'superadmin', '2025-09-01 10:19:54', 'superadmin', 1),
	(216, NULL, 140, 29, 38, NULL, NULL, 12, 0, 9, 2500000, 30000000, 0, 1, NULL, NULL, 1, 2500000, 1, 2500000, 1, 2500000, 1, 2500000, 1, 2500000, 1, 2500000, 1, 2500000, 1, 2500000, 1, 2500000, 1, 2500000, 1, 2500000, 1, 2500000, '2025-09-01 10:21:08', 'superadmin', '2025-09-01 10:21:08', 'superadmin', 1),
	(217, NULL, 141, 29, 38, NULL, NULL, 2, 0, 9, 4000000, 8000000, 0, 1, NULL, NULL, NULL, NULL, NULL, NULL, 1, 4000000, NULL, NULL, NULL, NULL, NULL, NULL, NULL, NULL, NULL, NULL, NULL, NULL, 1, 4000000, NULL, NULL, NULL, NULL, '2025-09-01 10:22:52', 'superadmin', '2025-09-01 10:22:52', 'superadmin', 1),
	(218, NULL, 142, 29, 38, NULL, NULL, 1, 0, 9, 30000000, 30000000, 0, 1, NULL, NULL, NULL, NULL, NULL, NULL, NULL, NULL, NULL, NULL, NULL, NULL, NULL, NULL, NULL, NULL, 1, 30000000, NULL, NULL, NULL, NULL, NULL, NULL, NULL, NULL, '2025-09-01 10:23:50', 'superadmin', '2025-09-01 10:23:50', 'superadmin', 1),
	(219, NULL, 143, 29, 38, NULL, NULL, 1, 0, 1, 50000000, 50000000, 0, 1, NULL, NULL, NULL, NULL, NULL, NULL, NULL, NULL, NULL, NULL, NULL, NULL, NULL, NULL, 1, 50000000, NULL, NULL, NULL, NULL, NULL, NULL, NULL, NULL, NULL, NULL, '2025-09-01 10:24:43', 'superadmin', '2025-09-01 10:24:43', 'superadmin', 1),
	(220, NULL, 149, 29, 38, NULL, NULL, 20, 0, 1, 400000, 8000000, 0, 1, NULL, NULL, NULL, NULL, 5, 2000000, NULL, NULL, NULL, NULL, 5, 2000000, NULL, NULL, NULL, NULL, 5, 2000000, NULL, NULL, NULL, NULL, 5, 2000000, NULL, NULL, '2025-09-01 10:25:44', 'superadmin', '2025-09-01 10:25:44', 'superadmin', 1),
	(221, NULL, 154, 29, 38, NULL, NULL, 20, 0, 1, 350000, 7000000, 0, 1, NULL, NULL, NULL, NULL, 5, 1750000, NULL, NULL, NULL, NULL, 5, 1750000, NULL, NULL, NULL, NULL, 5, 1750000, NULL, NULL, NULL, NULL, 5, 1750000, NULL, NULL, '2025-09-01 10:27:05', 'superadmin', '2025-09-01 10:27:05', 'superadmin', 1),
	(222, NULL, 155, 29, 38, NULL, NULL, 1, 0, 9, 60000000, 60000000, 0, 1, NULL, NULL, NULL, NULL, NULL, NULL, NULL, NULL, NULL, NULL, NULL, NULL, NULL, NULL, 1, 60000000, NULL, NULL, NULL, NULL, NULL, NULL, NULL, NULL, NULL, NULL, '2025-09-01 10:27:52', 'superadmin', '2025-09-01 10:27:52', 'superadmin', 1),
	(223, NULL, 156, 29, 38, NULL, NULL, 4, 0, 1, 130000000, 520000000, 0, 1, NULL, NULL, NULL, NULL, NULL, NULL, 4, 520000000, NULL, NULL, NULL, NULL, NULL, NULL, NULL, NULL, NULL, NULL, NULL, NULL, NULL, NULL, NULL, NULL, NULL, NULL, '2025-09-01 10:28:36', 'superadmin', '2025-09-01 10:28:36', 'superadmin', 1),
	(224, NULL, 157, 29, 38, NULL, NULL, 1, 0, 1, 3000000, 3000000, 0, 1, NULL, NULL, 1, 3000000, NULL, NULL, NULL, NULL, NULL, NULL, NULL, NULL, NULL, NULL, NULL, NULL, NULL, NULL, NULL, NULL, NULL, NULL, NULL, NULL, NULL, NULL, '2025-09-01 10:29:21', 'superadmin', '2025-09-01 10:29:21', 'superadmin', 1),
	(225, NULL, 158, 29, 38, NULL, NULL, 1, 0, 9, 2860000, 2860000, 0, 1, NULL, NULL, NULL, NULL, 1, 2860000, NULL, NULL, NULL, NULL, NULL, NULL, NULL, NULL, NULL, NULL, NULL, NULL, NULL, NULL, NULL, NULL, NULL, NULL, NULL, NULL, '2025-09-01 10:29:55', 'superadmin', '2025-09-01 10:29:55', 'superadmin', 1),
	(226, NULL, 159, 30, 39, NULL, NULL, 165, 0, 11, 35000, 5775000, 0, 1, NULL, NULL, NULL, NULL, NULL, NULL, NULL, NULL, NULL, NULL, NULL, NULL, NULL, NULL, 165, 5775000, NULL, NULL, NULL, NULL, NULL, NULL, NULL, NULL, NULL, NULL, '2025-09-01 10:31:23', 'superadmin', '2025-09-01 10:31:23', 'superadmin', 1),
	(227, NULL, 160, 30, 39, NULL, NULL, 330, 0, 11, 15000, 4950000, 0, 1, NULL, NULL, NULL, NULL, NULL, NULL, NULL, NULL, NULL, NULL, NULL, NULL, NULL, NULL, 330, 4950000, NULL, NULL, NULL, NULL, NULL, NULL, NULL, NULL, NULL, NULL, '2025-09-01 10:32:04', 'superadmin', '2025-09-01 10:32:04', 'superadmin', 1),
	(228, NULL, 161, 30, 39, NULL, NULL, 1, 0, 22, 450000, 450000, 0, 1, NULL, NULL, NULL, NULL, NULL, NULL, NULL, NULL, NULL, NULL, NULL, NULL, NULL, NULL, 1, 450000, NULL, NULL, NULL, NULL, NULL, NULL, NULL, NULL, NULL, NULL, '2025-09-01 10:32:57', 'superadmin', '2025-09-01 10:32:57', 'superadmin', 1),
	(229, NULL, 162, 30, 39, NULL, NULL, 55, 0, 22, 8000, 440000, 0, 1, NULL, NULL, NULL, NULL, NULL, NULL, NULL, NULL, NULL, NULL, NULL, NULL, NULL, NULL, 55, 440000, NULL, NULL, NULL, NULL, NULL, NULL, NULL, NULL, NULL, NULL, '2025-09-01 10:33:40', 'superadmin', '2025-09-01 10:33:40', 'superadmin', 1),
	(230, NULL, 163, 30, 39, NULL, NULL, 27, 0, 19, 1700000, 45900000, 0, 1, NULL, NULL, NULL, NULL, NULL, NULL, NULL, NULL, NULL, NULL, NULL, NULL, NULL, NULL, 27, 45900000, NULL, NULL, NULL, NULL, NULL, NULL, NULL, NULL, NULL, NULL, '2025-09-01 10:34:20', 'superadmin', '2025-09-01 10:34:20', 'superadmin', 1),
	(231, NULL, 164, 30, 39, NULL, NULL, 4, 0, 11, 664000, 2656000, 0, 1, NULL, NULL, NULL, NULL, NULL, NULL, NULL, NULL, NULL, NULL, NULL, NULL, NULL, NULL, 4, 2656000, NULL, NULL, NULL, NULL, NULL, NULL, NULL, NULL, NULL, NULL, '2025-09-01 10:34:57', 'superadmin', '2025-09-01 10:34:57', 'superadmin', 1),
	(232, NULL, 165, 30, 39, NULL, NULL, 1, 0, 3, 800000, 800000, 0, 1, NULL, NULL, NULL, NULL, NULL, NULL, NULL, NULL, NULL, NULL, NULL, NULL, NULL, NULL, 1, 800000, NULL, NULL, NULL, NULL, NULL, NULL, NULL, NULL, NULL, NULL, '2025-09-01 10:35:32', 'superadmin', '2025-09-01 10:35:32', 'superadmin', 1),
	(233, NULL, 166, 30, 39, NULL, NULL, 1, 0, 3, 400000, 400000, 0, 1, NULL, NULL, NULL, NULL, NULL, NULL, NULL, NULL, NULL, NULL, NULL, NULL, NULL, NULL, 1, 400000, NULL, NULL, NULL, NULL, NULL, NULL, NULL, NULL, NULL, NULL, '2025-09-01 10:36:18', 'superadmin', '2025-09-01 10:36:18', 'superadmin', 1),
	(234, NULL, 167, 30, 39, NULL, NULL, 1, 0, 20, 15000000, 15000000, 0, 1, NULL, NULL, NULL, NULL, NULL, NULL, NULL, NULL, NULL, NULL, NULL, NULL, NULL, NULL, 1, 15000000, NULL, NULL, NULL, NULL, NULL, NULL, NULL, NULL, NULL, NULL, '2025-09-01 10:36:53', 'superadmin', '2025-09-01 10:36:53', 'superadmin', 1),
	(235, 32, NULL, 31, 40, NULL, NULL, NULL, 0, NULL, NULL, NULL, 1, 0, NULL, NULL, NULL, NULL, NULL, NULL, NULL, NULL, NULL, NULL, NULL, NULL, NULL, NULL, NULL, NULL, NULL, NULL, NULL, NULL, NULL, NULL, NULL, NULL, NULL, NULL, '2025-09-01 10:38:07', 'superadmin', '2025-09-01 10:38:07', 'superadmin', 1),
	(236, NULL, 168, NULL, NULL, 235, NULL, 1, 0, 21, 1500000, 1500000, 0, 1, NULL, NULL, NULL, NULL, 1, 1500000, NULL, NULL, NULL, NULL, NULL, NULL, NULL, NULL, NULL, NULL, NULL, NULL, NULL, NULL, NULL, NULL, NULL, NULL, NULL, NULL, '2025-09-01 10:39:04', 'superadmin', '2025-09-01 10:39:04', 'superadmin', 1),
	(237, NULL, 168, NULL, NULL, 235, NULL, 1, 0, 21, 2700000, 2700000, 0, 1, NULL, NULL, NULL, NULL, 1, 2700000, NULL, NULL, NULL, NULL, NULL, NULL, NULL, NULL, NULL, NULL, NULL, NULL, NULL, NULL, NULL, NULL, NULL, NULL, NULL, NULL, '2025-09-01 10:39:33', 'superadmin', '2025-09-01 10:39:33', 'superadmin', 1),
	(238, NULL, 168, NULL, NULL, 235, NULL, 3, 0, 21, 3500000, 10500000, 0, 1, NULL, NULL, NULL, NULL, 3, 10500000, NULL, NULL, NULL, NULL, NULL, NULL, NULL, NULL, NULL, NULL, NULL, NULL, NULL, NULL, NULL, NULL, NULL, NULL, NULL, NULL, '2025-09-01 10:40:14', 'superadmin', '2025-09-01 10:40:14', 'superadmin', 1),
	(239, NULL, 168, NULL, NULL, 235, NULL, 1, 0, 21, 4500000, 4500000, 0, 1, NULL, NULL, NULL, NULL, 1, 4500000, NULL, NULL, NULL, NULL, NULL, NULL, NULL, NULL, NULL, NULL, NULL, NULL, NULL, NULL, NULL, NULL, NULL, NULL, NULL, NULL, '2025-09-01 10:40:50', 'superadmin', '2025-09-01 10:40:50', 'superadmin', 1),
	(240, NULL, 168, NULL, NULL, 235, NULL, 3, 0, 21, 5000000, 15000000, 0, 1, NULL, NULL, NULL, NULL, 3, 15000000, NULL, NULL, NULL, NULL, NULL, NULL, NULL, NULL, NULL, NULL, NULL, NULL, NULL, NULL, NULL, NULL, NULL, NULL, NULL, NULL, '2025-09-01 10:41:20', 'superadmin', '2025-09-01 10:41:20', 'superadmin', 1),
	(241, NULL, 168, 31, 40, NULL, NULL, 2, 0, 21, 5500000, 11000000, 0, 1, NULL, NULL, NULL, NULL, 2, 11000000, NULL, NULL, NULL, NULL, NULL, NULL, NULL, NULL, NULL, NULL, NULL, NULL, NULL, NULL, NULL, NULL, NULL, NULL, NULL, NULL, '2025-09-01 10:41:55', 'superadmin', '2025-09-01 10:42:12', 'superadmin', 0),
	(242, NULL, 168, NULL, NULL, 235, NULL, 2, 0, 21, 5500000, 11000000, 0, 1, NULL, NULL, NULL, NULL, 2, 11000000, NULL, NULL, NULL, NULL, NULL, NULL, NULL, NULL, NULL, NULL, NULL, NULL, NULL, NULL, NULL, NULL, NULL, NULL, NULL, NULL, '2025-09-01 10:42:33', 'superadmin', '2025-09-01 10:42:33', 'superadmin', 1),
	(243, NULL, 168, NULL, NULL, 235, NULL, 1, 0, 21, 6000000, 6000000, 0, 1, NULL, NULL, NULL, NULL, 1, 6000000, NULL, NULL, NULL, NULL, NULL, NULL, NULL, NULL, NULL, NULL, NULL, NULL, NULL, NULL, NULL, NULL, NULL, NULL, NULL, NULL, '2025-09-01 10:42:59', 'superadmin', '2025-09-01 10:42:59', 'superadmin', 1),
	(244, NULL, 168, NULL, NULL, 235, NULL, 6, 0, 21, 6500000, 39000000, 0, 1, NULL, NULL, NULL, NULL, 6, 39000000, NULL, NULL, NULL, NULL, NULL, NULL, NULL, NULL, NULL, NULL, NULL, NULL, NULL, NULL, NULL, NULL, NULL, NULL, NULL, NULL, '2025-09-01 10:43:30', 'superadmin', '2025-09-01 10:43:30', 'superadmin', 1),
	(245, NULL, 168, NULL, NULL, 235, NULL, 2, 0, 21, 7500000, 15000000, 0, 1, NULL, NULL, NULL, NULL, 2, 15000000, NULL, NULL, NULL, NULL, NULL, NULL, NULL, NULL, NULL, NULL, NULL, NULL, NULL, NULL, NULL, NULL, NULL, NULL, NULL, NULL, '2025-09-01 10:44:05', 'superadmin', '2025-09-01 10:44:05', 'superadmin', 1),
	(246, NULL, 168, NULL, NULL, 235, NULL, 1, 0, 21, 20000000, 20000000, 0, 1, NULL, NULL, NULL, NULL, 1, 20000000, NULL, NULL, NULL, NULL, NULL, NULL, NULL, NULL, NULL, NULL, NULL, NULL, NULL, NULL, NULL, NULL, NULL, NULL, NULL, NULL, '2025-09-01 10:44:43', 'superadmin', '2025-09-01 10:44:43', 'superadmin', 1),
	(247, 33, NULL, 31, 40, NULL, NULL, NULL, 0, NULL, NULL, NULL, 1, 0, NULL, NULL, NULL, NULL, NULL, NULL, NULL, NULL, NULL, NULL, NULL, NULL, NULL, NULL, NULL, NULL, NULL, NULL, NULL, NULL, NULL, NULL, NULL, NULL, NULL, NULL, '2025-09-01 10:45:11', 'superadmin', '2025-09-01 10:45:11', 'superadmin', 1),
	(248, NULL, 168, NULL, NULL, 247, NULL, 1, 0, 21, 10500000, 10500000, 0, 1, NULL, NULL, NULL, NULL, 1, 10500000, NULL, NULL, NULL, NULL, NULL, NULL, NULL, NULL, NULL, NULL, NULL, NULL, NULL, NULL, NULL, NULL, NULL, NULL, NULL, NULL, '2025-09-01 10:45:34', 'superadmin', '2025-09-01 10:45:34', 'superadmin', 1),
	(249, NULL, 168, NULL, NULL, 247, NULL, 1, 0, 21, 8000000, 8000000, 0, 1, NULL, NULL, NULL, NULL, 1, 8000000, NULL, NULL, NULL, NULL, NULL, NULL, NULL, NULL, NULL, NULL, NULL, NULL, NULL, NULL, NULL, NULL, NULL, NULL, NULL, NULL, '2025-09-01 10:46:41', 'superadmin', '2025-09-01 10:46:41', 'superadmin', 1),
	(250, 32, NULL, 31, 40, NULL, NULL, NULL, 0, NULL, NULL, NULL, 1, 0, NULL, NULL, NULL, NULL, NULL, NULL, NULL, NULL, NULL, NULL, NULL, NULL, NULL, NULL, NULL, NULL, NULL, NULL, NULL, NULL, NULL, NULL, NULL, NULL, NULL, NULL, '2025-09-01 10:47:12', 'superadmin', '2025-09-01 10:47:12', 'superadmin', 1),
	(251, NULL, 169, NULL, NULL, 250, NULL, 63, 0, 11, 120000, 7560000, 0, 1, NULL, NULL, NULL, NULL, 63, 7560000, NULL, NULL, NULL, NULL, NULL, NULL, NULL, NULL, NULL, NULL, NULL, NULL, NULL, NULL, NULL, NULL, NULL, NULL, NULL, NULL, '2025-09-01 10:48:07', 'superadmin', '2025-09-01 10:48:07', 'superadmin', 1),
	(252, NULL, 170, NULL, NULL, 250, NULL, 21, 0, 3, 300000, 6300000, 0, 1, NULL, NULL, NULL, NULL, 21, 6300000, NULL, NULL, NULL, NULL, NULL, NULL, NULL, NULL, NULL, NULL, NULL, NULL, NULL, NULL, NULL, NULL, NULL, NULL, NULL, NULL, '2025-09-01 11:02:45', 'superadmin', '2025-09-01 11:02:45', 'superadmin', 1),
	(253, 33, NULL, 31, 40, NULL, NULL, NULL, 0, NULL, NULL, NULL, 1, 0, NULL, NULL, NULL, NULL, NULL, NULL, NULL, NULL, NULL, NULL, NULL, NULL, NULL, NULL, NULL, NULL, NULL, NULL, NULL, NULL, NULL, NULL, NULL, NULL, NULL, NULL, '2025-09-01 11:03:21', 'superadmin', '2025-09-01 11:03:21', 'superadmin', 1),
	(254, NULL, 171, NULL, NULL, 253, NULL, 8, 0, 11, 160000, 1280000, 0, 1, NULL, NULL, NULL, NULL, 8, 1280000, NULL, NULL, NULL, NULL, NULL, NULL, NULL, NULL, NULL, NULL, NULL, NULL, NULL, NULL, NULL, NULL, NULL, NULL, NULL, NULL, '2025-09-01 11:04:00', 'superadmin', '2025-09-01 11:04:00', 'superadmin', 1),
	(255, NULL, 172, NULL, NULL, 253, NULL, 2, 0, 3, 2674000, 5348000, 0, 1, NULL, NULL, NULL, NULL, 2, 5348000, NULL, NULL, NULL, NULL, NULL, NULL, NULL, NULL, NULL, NULL, NULL, NULL, NULL, NULL, NULL, NULL, NULL, NULL, NULL, NULL, '2025-09-01 11:05:37', 'superadmin', '2025-09-01 11:05:37', 'superadmin', 1),
	(256, NULL, 173, NULL, NULL, 253, NULL, 4, 0, 3, 256000, 1024000, 0, 1, NULL, NULL, NULL, NULL, 4, 1024000, NULL, NULL, NULL, NULL, NULL, NULL, NULL, NULL, NULL, NULL, NULL, NULL, NULL, NULL, NULL, NULL, NULL, NULL, NULL, NULL, '2025-09-01 11:07:07', 'superadmin', '2025-09-01 11:07:07', 'superadmin', 1),
	(257, 56, NULL, 31, 40, NULL, NULL, NULL, 0, NULL, NULL, NULL, 1, 0, NULL, NULL, NULL, NULL, NULL, NULL, NULL, NULL, NULL, NULL, NULL, NULL, NULL, NULL, NULL, NULL, NULL, NULL, NULL, NULL, NULL, NULL, NULL, NULL, NULL, NULL, '2025-09-01 11:09:22', 'superadmin', '2025-09-01 11:09:22', 'superadmin', 1),
	(258, NULL, 168, NULL, NULL, 257, NULL, 1, 0, 21, 4000000, 4000000, 0, 1, NULL, NULL, NULL, NULL, 1, 4000000, NULL, NULL, NULL, NULL, NULL, NULL, NULL, NULL, NULL, NULL, NULL, NULL, NULL, NULL, NULL, NULL, NULL, NULL, NULL, NULL, '2025-09-01 11:09:51', 'superadmin', '2025-09-01 11:09:51', 'superadmin', 1),
	(259, NULL, 168, NULL, NULL, 257, NULL, 1, 0, 21, 3700000, 3700000, 0, 1, NULL, NULL, NULL, NULL, 1, 3700000, NULL, NULL, NULL, NULL, NULL, NULL, NULL, NULL, NULL, NULL, NULL, NULL, NULL, NULL, NULL, NULL, NULL, NULL, NULL, NULL, '2025-09-01 11:11:04', 'superadmin', '2025-09-01 11:11:04', 'superadmin', 1),
	(260, NULL, 168, NULL, NULL, 257, NULL, 4, 0, 21, 350000, 1400000, 0, 1, NULL, NULL, NULL, NULL, 4, 1400000, NULL, NULL, NULL, NULL, NULL, NULL, NULL, NULL, NULL, NULL, NULL, NULL, NULL, NULL, NULL, NULL, NULL, NULL, NULL, NULL, '2025-09-01 11:11:28', 'superadmin', '2025-09-01 11:11:28', 'superadmin', 1),
	(261, 57, NULL, 31, 40, NULL, NULL, NULL, 0, NULL, NULL, NULL, 1, 0, NULL, NULL, NULL, NULL, NULL, NULL, NULL, NULL, NULL, NULL, NULL, NULL, NULL, NULL, NULL, NULL, NULL, NULL, NULL, NULL, NULL, NULL, NULL, NULL, NULL, NULL, '2025-09-01 11:11:44', 'superadmin', '2025-09-01 11:11:44', 'superadmin', 1),
	(262, NULL, 168, NULL, NULL, 261, NULL, 2, 0, 21, 7000000, 14000000, 0, 1, NULL, NULL, NULL, NULL, 2, 14000000, NULL, NULL, NULL, NULL, NULL, NULL, NULL, NULL, NULL, NULL, NULL, NULL, NULL, NULL, NULL, NULL, NULL, NULL, NULL, NULL, '2025-09-01 11:12:13', 'superadmin', '2025-09-01 11:12:13', 'superadmin', 1),
	(263, 56, NULL, 31, 40, NULL, NULL, NULL, 0, NULL, NULL, NULL, 1, 0, NULL, NULL, NULL, NULL, NULL, NULL, NULL, NULL, NULL, NULL, NULL, NULL, NULL, NULL, NULL, NULL, NULL, NULL, NULL, NULL, NULL, NULL, NULL, NULL, NULL, NULL, '2025-09-01 11:12:31', 'superadmin', '2025-09-01 11:12:31', 'superadmin', 1),
	(264, NULL, 174, NULL, NULL, 263, NULL, 20, 0, 11, 120000, 2400000, 0, 1, NULL, NULL, NULL, NULL, 20, 2400000, NULL, NULL, NULL, NULL, NULL, NULL, NULL, NULL, NULL, NULL, NULL, NULL, NULL, NULL, NULL, NULL, NULL, NULL, NULL, NULL, '2025-09-01 11:12:56', 'superadmin', '2025-09-01 11:12:56', 'superadmin', 1),
	(265, NULL, 175, NULL, NULL, 263, NULL, 4, 0, 3, 300000, 1200000, 0, 1, NULL, NULL, NULL, NULL, 4, 1200000, NULL, NULL, NULL, NULL, NULL, NULL, NULL, NULL, NULL, NULL, NULL, NULL, NULL, NULL, NULL, NULL, NULL, NULL, NULL, NULL, '2025-09-01 11:13:51', 'superadmin', '2025-09-01 11:13:51', 'superadmin', 1),
	(266, 57, NULL, 31, 40, NULL, NULL, NULL, 0, NULL, NULL, NULL, 1, 0, NULL, NULL, NULL, NULL, NULL, NULL, NULL, NULL, NULL, NULL, NULL, NULL, NULL, NULL, NULL, NULL, NULL, NULL, NULL, NULL, NULL, NULL, NULL, NULL, NULL, NULL, '2025-09-01 11:14:04', 'superadmin', '2025-09-01 11:14:04', 'superadmin', 1),
	(267, NULL, 176, NULL, NULL, 266, NULL, 6, 0, 11, 160000, 960000, 0, 1, NULL, NULL, NULL, NULL, 6, 960000, NULL, NULL, NULL, NULL, NULL, NULL, NULL, NULL, NULL, NULL, NULL, NULL, NULL, NULL, NULL, NULL, NULL, NULL, NULL, NULL, '2025-09-01 11:14:30', 'superadmin', '2025-09-01 11:14:30', 'superadmin', 1),
	(268, NULL, 172, NULL, NULL, 266, NULL, 2, 0, 3, 2674000, 5348000, 0, 1, NULL, NULL, NULL, NULL, 2, 5348000, NULL, NULL, NULL, NULL, NULL, NULL, NULL, NULL, NULL, NULL, NULL, NULL, NULL, NULL, NULL, NULL, NULL, NULL, NULL, NULL, '2025-09-01 11:14:58', 'superadmin', '2025-09-01 11:14:58', 'superadmin', 1),
	(269, NULL, 173, NULL, NULL, 266, NULL, 4, 0, 3, 256000, 1024000, 0, 1, NULL, NULL, NULL, NULL, 4, 1024000, NULL, NULL, NULL, NULL, NULL, NULL, NULL, NULL, NULL, NULL, NULL, NULL, NULL, NULL, NULL, NULL, NULL, NULL, NULL, NULL, '2025-09-01 11:15:22', 'superadmin', '2025-09-01 11:15:22', 'superadmin', 1),
	(270, 36, NULL, 31, 40, NULL, NULL, NULL, 0, NULL, NULL, NULL, 1, 0, NULL, NULL, NULL, NULL, NULL, NULL, NULL, NULL, NULL, NULL, NULL, NULL, NULL, NULL, NULL, NULL, NULL, NULL, NULL, NULL, NULL, NULL, NULL, NULL, NULL, NULL, '2025-09-01 11:15:41', 'superadmin', '2025-09-01 11:15:41', 'superadmin', 1),
	(271, NULL, 168, NULL, NULL, 270, NULL, 1, 0, 21, 7500000, 7500000, 0, 1, NULL, NULL, NULL, NULL, 1, 7500000, NULL, NULL, NULL, NULL, NULL, NULL, NULL, NULL, NULL, NULL, NULL, NULL, NULL, NULL, NULL, NULL, NULL, NULL, NULL, NULL, '2025-09-01 11:16:44', 'superadmin', '2025-09-01 11:16:44', 'superadmin', 1),
	(272, NULL, 168, NULL, NULL, 270, NULL, 1, 0, 21, 3500000, 3500000, 0, 1, NULL, NULL, NULL, NULL, 1, 3500000, NULL, NULL, NULL, NULL, NULL, NULL, NULL, NULL, NULL, NULL, NULL, NULL, NULL, NULL, NULL, NULL, NULL, NULL, NULL, NULL, '2025-09-01 11:17:06', 'superadmin', '2025-09-01 11:17:06', 'superadmin', 1),
	(273, NULL, 168, NULL, NULL, 270, NULL, 1, 0, 21, 5500000, 5500000, 0, 1, NULL, NULL, NULL, NULL, 1, 5500000, NULL, NULL, NULL, NULL, NULL, NULL, NULL, NULL, NULL, NULL, NULL, NULL, NULL, NULL, NULL, NULL, NULL, NULL, NULL, NULL, '2025-09-01 11:17:29', 'superadmin', '2025-09-01 11:17:29', 'superadmin', 1),
	(274, 35, NULL, 31, 40, NULL, NULL, NULL, 0, NULL, NULL, NULL, 1, 0, NULL, NULL, NULL, NULL, NULL, NULL, NULL, NULL, NULL, NULL, NULL, NULL, NULL, NULL, NULL, NULL, NULL, NULL, NULL, NULL, NULL, NULL, NULL, NULL, NULL, NULL, '2025-09-01 11:17:46', 'superadmin', '2025-09-01 11:17:46', 'superadmin', 1),
	(275, NULL, 168, NULL, NULL, 274, NULL, 1, 0, 21, 8500000, 8500000, 0, 1, NULL, NULL, NULL, NULL, 1, 8500000, NULL, NULL, NULL, NULL, NULL, NULL, NULL, NULL, NULL, NULL, NULL, NULL, NULL, NULL, NULL, NULL, NULL, NULL, NULL, NULL, '2025-09-01 11:18:24', 'superadmin', '2025-09-01 11:18:24', 'superadmin', 1),
	(276, NULL, 168, NULL, NULL, 274, NULL, 1, 0, 21, 5600000, 5600000, 0, 1, NULL, NULL, NULL, NULL, 1, 5600000, NULL, NULL, NULL, NULL, NULL, NULL, NULL, NULL, NULL, NULL, NULL, NULL, NULL, NULL, NULL, NULL, NULL, NULL, NULL, NULL, '2025-09-01 11:18:47', 'superadmin', '2025-09-01 11:18:47', 'superadmin', 1),
	(277, 36, NULL, 31, 40, NULL, NULL, NULL, 0, NULL, NULL, NULL, 1, 0, NULL, NULL, NULL, NULL, NULL, NULL, NULL, NULL, NULL, NULL, NULL, NULL, NULL, NULL, NULL, NULL, NULL, NULL, NULL, NULL, NULL, NULL, NULL, NULL, NULL, NULL, '2025-09-01 11:19:04', 'superadmin', '2025-09-01 11:19:04', 'superadmin', 1),
	(278, NULL, 179, NULL, NULL, 277, NULL, 15, 0, 11, 120000, 1800000, 0, 1, NULL, NULL, NULL, NULL, 15, 1800000, NULL, NULL, NULL, NULL, NULL, NULL, NULL, NULL, NULL, NULL, NULL, NULL, NULL, NULL, NULL, NULL, NULL, NULL, NULL, NULL, '2025-09-01 11:19:27', 'superadmin', '2025-09-01 11:19:27', 'superadmin', 1),
	(279, NULL, 180, NULL, NULL, 277, NULL, 3, 0, 3, 300000, 900000, 0, 1, NULL, NULL, NULL, NULL, 3, 900000, NULL, NULL, NULL, NULL, NULL, NULL, NULL, NULL, NULL, NULL, NULL, NULL, NULL, NULL, NULL, NULL, NULL, NULL, NULL, NULL, '2025-09-01 11:19:56', 'superadmin', '2025-09-01 11:19:56', 'superadmin', 1),
	(280, 35, NULL, 31, 40, NULL, NULL, NULL, 0, NULL, NULL, NULL, 1, 0, NULL, NULL, NULL, NULL, NULL, NULL, NULL, NULL, NULL, NULL, NULL, NULL, NULL, NULL, NULL, NULL, NULL, NULL, NULL, NULL, NULL, NULL, NULL, NULL, NULL, NULL, '2025-09-01 11:20:06', 'superadmin', '2025-09-01 11:20:06', 'superadmin', 1),
	(281, NULL, 181, NULL, NULL, 280, NULL, 8, 0, 11, 130000, 1040000, 0, 1, NULL, NULL, NULL, NULL, 8, 1040000, NULL, NULL, NULL, NULL, NULL, NULL, NULL, NULL, NULL, NULL, NULL, NULL, NULL, NULL, NULL, NULL, NULL, NULL, NULL, NULL, '2025-09-01 11:20:36', 'superadmin', '2025-09-01 11:20:36', 'superadmin', 1),
	(282, NULL, 172, NULL, NULL, 280, NULL, 2, 0, 3, 2674000, 5348000, 0, 1, NULL, NULL, NULL, NULL, 2, 5348000, NULL, NULL, NULL, NULL, NULL, NULL, NULL, NULL, NULL, NULL, NULL, NULL, NULL, NULL, NULL, NULL, NULL, NULL, NULL, NULL, '2025-09-01 11:20:58', 'superadmin', '2025-09-01 11:20:58', 'superadmin', 1),
	(283, NULL, 173, NULL, NULL, 280, NULL, 4, 0, 3, 256000, 1024000, 0, 1, NULL, NULL, NULL, NULL, 4, 1024000, NULL, NULL, NULL, NULL, NULL, NULL, NULL, NULL, NULL, NULL, NULL, NULL, NULL, NULL, NULL, NULL, NULL, NULL, NULL, NULL, '2025-09-01 11:21:26', 'superadmin', '2025-09-01 11:21:26', 'superadmin', 1),
	(284, NULL, 184, 32, 41, NULL, NULL, 20, 0, 22, 220000, 4400000, 0, 1, NULL, NULL, NULL, NULL, NULL, NULL, NULL, NULL, NULL, NULL, 20, 4400000, NULL, NULL, NULL, NULL, NULL, NULL, NULL, NULL, NULL, NULL, NULL, NULL, NULL, NULL, '2025-09-01 11:23:04', 'superadmin', '2025-09-01 11:23:04', 'superadmin', 1),
	(285, NULL, 185, 32, 41, NULL, NULL, 7, 0, 22, 281000, 1967000, 0, 1, NULL, NULL, NULL, NULL, 7, 1967000, NULL, NULL, NULL, NULL, NULL, NULL, NULL, NULL, NULL, NULL, NULL, NULL, NULL, NULL, NULL, NULL, NULL, NULL, NULL, NULL, '2025-09-01 11:25:03', 'superadmin', '2025-09-01 11:25:03', 'superadmin', 1),
	(286, NULL, 186, 32, 41, NULL, NULL, 26, 0, 10, 57000, 1482000, 0, 1, NULL, NULL, NULL, NULL, 26, 1482000, NULL, NULL, NULL, NULL, NULL, NULL, NULL, NULL, NULL, NULL, NULL, NULL, NULL, NULL, NULL, NULL, NULL, NULL, NULL, NULL, '2025-09-01 11:26:25', 'superadmin', '2025-09-01 11:26:25', 'superadmin', 1),
	(287, NULL, 187, 32, 41, NULL, NULL, 500, 0, 22, 18000, 9000000, 0, 1, NULL, NULL, NULL, NULL, NULL, NULL, NULL, NULL, 500, 9000000, NULL, NULL, NULL, NULL, NULL, NULL, NULL, NULL, NULL, NULL, NULL, NULL, NULL, NULL, NULL, NULL, '2025-09-01 11:27:10', 'superadmin', '2025-09-01 11:27:10', 'superadmin', 1),
	(288, NULL, 188, 32, 41, NULL, NULL, 500, 0, 22, 16500, 8250000, 0, 1, NULL, NULL, NULL, NULL, NULL, NULL, NULL, NULL, 500, 8250000, NULL, NULL, NULL, NULL, NULL, NULL, NULL, NULL, NULL, NULL, NULL, NULL, NULL, NULL, NULL, NULL, '2025-09-01 11:28:09', 'superadmin', '2025-09-01 11:28:09', 'superadmin', 1),
	(289, NULL, 189, 32, 41, NULL, NULL, 4, 0, 10, 22000000, 88000000, 0, 1, NULL, NULL, NULL, NULL, NULL, NULL, 4, 88000000, NULL, NULL, NULL, NULL, NULL, NULL, NULL, NULL, NULL, NULL, NULL, NULL, NULL, NULL, NULL, NULL, NULL, NULL, '2025-09-01 11:28:41', 'superadmin', '2025-09-01 11:28:41', 'superadmin', 1),
	(290, NULL, 190, 32, 41, NULL, NULL, 2, 0, 10, 20000, 40000, 0, 1, NULL, NULL, NULL, NULL, NULL, NULL, NULL, NULL, 2, 40000, NULL, NULL, NULL, NULL, NULL, NULL, NULL, NULL, NULL, NULL, NULL, NULL, NULL, NULL, NULL, NULL, '2025-09-01 11:29:13', 'superadmin', '2025-09-01 11:29:13', 'superadmin', 1),
	(291, NULL, 865, 32, 41, NULL, NULL, 106, 0, 22, 212000, 22472000, 0, 1, NULL, NULL, NULL, NULL, NULL, NULL, NULL, NULL, NULL, NULL, NULL, NULL, NULL, NULL, 106, 22472000, NULL, NULL, NULL, NULL, NULL, NULL, NULL, NULL, NULL, NULL, '2025-09-01 11:30:27', 'superadmin', '2025-09-01 11:30:27', 'superadmin', 1),
	(292, NULL, 866, 32, 41, NULL, NULL, 3, 0, 22, 402800, 1208400, 0, 1, NULL, NULL, NULL, NULL, NULL, NULL, NULL, NULL, NULL, NULL, NULL, NULL, NULL, NULL, 3, 1208400, NULL, NULL, NULL, NULL, NULL, NULL, NULL, NULL, NULL, NULL, '2025-09-01 11:30:59', 'superadmin', '2025-09-01 11:30:59', 'superadmin', 1),
	(293, NULL, 193, 32, 41, NULL, NULL, 15, 0, 15, 127500, 1912500, 0, 1, NULL, NULL, NULL, NULL, NULL, NULL, 6, 765000, NULL, NULL, 9, 1147500, NULL, NULL, NULL, NULL, NULL, NULL, NULL, NULL, NULL, NULL, NULL, NULL, NULL, NULL, '2025-09-01 11:46:52', 'superadmin', '2025-09-01 11:46:52', 'superadmin', 1),
	(294, NULL, 194, 32, 41, NULL, NULL, 17, 0, 15, 238500, 4054500, 0, 1, NULL, NULL, NULL, NULL, NULL, NULL, 2, 477000, NULL, NULL, 15, 3577500, NULL, NULL, NULL, NULL, NULL, NULL, NULL, NULL, NULL, NULL, NULL, NULL, NULL, NULL, '2025-09-01 11:52:01', 'superadmin', '2025-09-01 11:52:01', 'superadmin', 1),
	(295, NULL, 195, 32, 41, NULL, NULL, 8, 0, 22, 795000, 6360000, 0, 1, NULL, NULL, NULL, NULL, NULL, NULL, NULL, NULL, NULL, NULL, 8, 6360000, NULL, NULL, NULL, NULL, NULL, NULL, NULL, NULL, NULL, NULL, NULL, NULL, NULL, NULL, '2025-09-01 13:10:03', 'superadmin', '2025-09-01 13:10:03', 'superadmin', 1),
	(296, NULL, 196, 32, 41, NULL, NULL, 5, 0, 22, 145000, 725000, 0, 1, NULL, NULL, NULL, NULL, NULL, NULL, NULL, NULL, 5, 725000, NULL, NULL, NULL, NULL, NULL, NULL, NULL, NULL, NULL, NULL, NULL, NULL, NULL, NULL, NULL, NULL, '2025-09-01 13:10:47', 'superadmin', '2025-09-01 13:10:47', 'superadmin', 1),
	(297, NULL, 197, 32, 41, NULL, NULL, 5, 0, 22, 150000, 750000, 0, 1, NULL, NULL, NULL, NULL, NULL, NULL, NULL, NULL, 5, 750000, NULL, NULL, NULL, NULL, NULL, NULL, NULL, NULL, NULL, NULL, NULL, NULL, NULL, NULL, NULL, NULL, '2025-09-01 13:11:48', 'superadmin', '2025-09-01 13:11:48', 'superadmin', 1),
	(298, NULL, 198, 32, 41, NULL, NULL, 5, 0, 22, 155000, 775000, 0, 1, NULL, NULL, NULL, NULL, NULL, NULL, NULL, NULL, 5, 775000, NULL, NULL, NULL, NULL, NULL, NULL, NULL, NULL, NULL, NULL, NULL, NULL, NULL, NULL, NULL, NULL, '2025-09-01 13:12:29', 'superadmin', '2025-09-01 13:12:29', 'superadmin', 1),
	(299, NULL, 199, 32, 41, NULL, NULL, 3, 0, 22, 155000, 465000, 0, 1, NULL, NULL, NULL, NULL, NULL, NULL, NULL, NULL, 3, 465000, NULL, NULL, NULL, NULL, NULL, NULL, NULL, NULL, NULL, NULL, NULL, NULL, NULL, NULL, NULL, NULL, '2025-09-01 13:13:39', 'superadmin', '2025-09-01 13:13:39', 'superadmin', 1),
	(300, NULL, 200, 32, 41, NULL, NULL, 8, 0, 10, 30000, 240000, 0, 1, NULL, NULL, NULL, NULL, NULL, NULL, NULL, NULL, 8, 240000, NULL, NULL, NULL, NULL, NULL, NULL, NULL, NULL, NULL, NULL, NULL, NULL, NULL, NULL, NULL, NULL, '2025-09-01 13:16:09', 'superadmin', '2025-09-01 13:16:09', 'superadmin', 1),
	(301, NULL, 201, 32, 41, NULL, NULL, 20, 0, 22, 27000, 540000, 0, 1, NULL, NULL, NULL, NULL, NULL, NULL, NULL, NULL, 20, 540000, NULL, NULL, NULL, NULL, NULL, NULL, NULL, NULL, NULL, NULL, NULL, NULL, NULL, NULL, NULL, NULL, '2025-09-01 13:17:07', 'superadmin', '2025-09-01 13:17:07', 'superadmin', 1),
	(302, NULL, 202, 32, 41, NULL, NULL, 2, 0, 22, 900000, 1800000, 0, 1, NULL, NULL, NULL, NULL, NULL, NULL, NULL, NULL, 2, 1800000, NULL, NULL, NULL, NULL, NULL, NULL, NULL, NULL, NULL, NULL, NULL, NULL, NULL, NULL, NULL, NULL, '2025-09-01 13:17:39', 'superadmin', '2025-09-01 13:17:39', 'superadmin', 1),
	(303, NULL, 203, 32, 41, NULL, NULL, 50, 0, 22, 100000, 5000000, 0, 1, NULL, NULL, NULL, NULL, NULL, NULL, NULL, NULL, 50, 5000000, NULL, NULL, NULL, NULL, NULL, NULL, NULL, NULL, NULL, NULL, NULL, NULL, NULL, NULL, NULL, NULL, '2025-09-01 13:21:05', 'superadmin', '2025-09-01 13:21:05', 'superadmin', 1),
	(304, NULL, 204, 32, 41, NULL, NULL, 10, 0, 22, 53000, 530000, 0, 1, NULL, NULL, NULL, NULL, NULL, NULL, NULL, NULL, 10, 530000, NULL, NULL, NULL, NULL, NULL, NULL, NULL, NULL, NULL, NULL, NULL, NULL, NULL, NULL, NULL, NULL, '2025-09-01 13:21:57', 'superadmin', '2025-09-01 13:21:57', 'superadmin', 1),
	(305, NULL, 205, 32, 41, NULL, NULL, 33, 0, 22, 8500, 280500, 0, 1, NULL, NULL, NULL, NULL, NULL, NULL, NULL, NULL, 33, 280500, NULL, NULL, NULL, NULL, NULL, NULL, NULL, NULL, NULL, NULL, NULL, NULL, NULL, NULL, NULL, NULL, '2025-09-01 13:24:11', 'superadmin', '2025-09-01 13:24:11', 'superadmin', 1),
	(306, NULL, 206, 32, 41, NULL, NULL, 37, 0, 22, 16000, 592000, 0, 1, NULL, NULL, NULL, NULL, NULL, NULL, NULL, NULL, 37, 592000, NULL, NULL, NULL, NULL, NULL, NULL, NULL, NULL, NULL, NULL, NULL, NULL, NULL, NULL, NULL, NULL, '2025-09-01 13:25:47', 'superadmin', '2025-09-01 13:25:47', 'superadmin', 1),
	(307, NULL, 207, 32, 41, NULL, NULL, 25, 0, 15, 245000, 6125000, 0, 1, NULL, NULL, NULL, NULL, NULL, NULL, NULL, NULL, 25, 6125000, NULL, NULL, NULL, NULL, NULL, NULL, NULL, NULL, NULL, NULL, NULL, NULL, NULL, NULL, NULL, NULL, '2025-09-01 13:26:14', 'superadmin', '2025-09-01 13:26:14', 'superadmin', 1),
	(308, NULL, 208, 32, 41, NULL, NULL, 8, 0, 22, 55000, 440000, 0, 1, NULL, NULL, NULL, NULL, 8, 440000, NULL, NULL, NULL, NULL, NULL, NULL, NULL, NULL, NULL, NULL, NULL, NULL, NULL, NULL, NULL, NULL, NULL, NULL, NULL, NULL, '2025-09-01 13:27:03', 'superadmin', '2025-09-01 13:27:03', 'superadmin', 1),
	(309, NULL, 209, 32, 41, NULL, NULL, 1, 0, 23, 1206000, 1206000, 0, 1, NULL, NULL, NULL, NULL, 1, 1206000, NULL, NULL, NULL, NULL, NULL, NULL, NULL, NULL, NULL, NULL, NULL, NULL, NULL, NULL, NULL, NULL, NULL, NULL, NULL, NULL, '2025-09-01 13:27:30', 'superadmin', '2025-09-01 13:27:30', 'superadmin', 1),
	(310, NULL, 210, 32, 41, NULL, NULL, 6, 0, 23, 1700000, 10200000, 0, 1, NULL, NULL, NULL, NULL, 6, 10200000, NULL, NULL, NULL, NULL, NULL, NULL, NULL, NULL, NULL, NULL, NULL, NULL, NULL, NULL, NULL, NULL, NULL, NULL, NULL, NULL, '2025-09-01 13:29:13', 'superadmin', '2025-09-01 13:29:13', 'superadmin', 1),
	(311, NULL, 211, 32, 41, NULL, NULL, 6, 0, 23, 2500000, 15000000, 0, 1, NULL, NULL, NULL, NULL, 6, 15000000, NULL, NULL, NULL, NULL, NULL, NULL, NULL, NULL, NULL, NULL, NULL, NULL, NULL, NULL, NULL, NULL, NULL, NULL, NULL, NULL, '2025-09-01 13:29:44', 'superadmin', '2025-09-01 13:29:44', 'superadmin', 1),
	(312, NULL, 212, 32, 41, NULL, NULL, 2, 0, 22, 197160, 394320, 0, 1, NULL, NULL, NULL, NULL, 2, 394320, NULL, NULL, NULL, NULL, NULL, NULL, NULL, NULL, NULL, NULL, NULL, NULL, NULL, NULL, NULL, NULL, NULL, NULL, NULL, NULL, '2025-09-01 13:30:25', 'superadmin', '2025-09-01 13:30:25', 'superadmin', 1),
	(313, NULL, 1070, 32, 41, NULL, NULL, 21, 0, 8, 40000, 840000, 0, 1, NULL, NULL, NULL, NULL, NULL, NULL, NULL, NULL, 21, 840000, NULL, NULL, NULL, NULL, NULL, NULL, NULL, NULL, NULL, NULL, NULL, NULL, NULL, NULL, NULL, NULL, '2025-09-01 13:32:34', 'superadmin', '2025-09-01 13:32:34', 'superadmin', 1),
	(314, NULL, 891, 32, 41, NULL, NULL, 6, 0, 22, 70600, 423600, 0, 1, NULL, NULL, NULL, NULL, NULL, NULL, NULL, NULL, NULL, NULL, 6, 423600, NULL, NULL, NULL, NULL, NULL, NULL, NULL, NULL, NULL, NULL, NULL, NULL, NULL, NULL, '2025-09-01 13:34:16', 'superadmin', '2025-09-01 13:34:16', 'superadmin', 1),
	(315, NULL, 893, 32, 41, NULL, NULL, 12, 0, 22, 10000, 120000, 0, 1, NULL, NULL, NULL, NULL, NULL, NULL, NULL, NULL, NULL, NULL, 12, 120000, NULL, NULL, NULL, NULL, NULL, NULL, NULL, NULL, NULL, NULL, NULL, NULL, NULL, NULL, '2025-09-01 13:35:39', 'superadmin', '2025-09-01 13:35:39', 'superadmin', 1),
	(316, NULL, 216, 32, 41, NULL, NULL, 10, 0, 22, 218000, 2180000, 0, 1, NULL, NULL, NULL, NULL, 10, 2180000, NULL, NULL, NULL, NULL, NULL, NULL, NULL, NULL, NULL, NULL, NULL, NULL, NULL, NULL, NULL, NULL, NULL, NULL, NULL, NULL, '2025-09-01 13:36:23', 'superadmin', '2025-09-01 13:36:23', 'superadmin', 1),
	(317, NULL, 217, 32, 41, NULL, NULL, 10, 0, 22, 144000, 1440000, 0, 1, NULL, NULL, NULL, NULL, 10, 1440000, NULL, NULL, NULL, NULL, NULL, NULL, NULL, NULL, NULL, NULL, NULL, NULL, NULL, NULL, NULL, NULL, NULL, NULL, NULL, NULL, '2025-09-01 13:36:52', 'superadmin', '2025-09-01 13:36:52', 'superadmin', 1),
	(318, NULL, 218, 32, 41, NULL, NULL, 5, 0, 16, 29000, 145000, 0, 1, NULL, NULL, NULL, NULL, NULL, NULL, NULL, NULL, NULL, NULL, NULL, NULL, 5, 145000, NULL, NULL, NULL, NULL, NULL, NULL, NULL, NULL, NULL, NULL, NULL, NULL, '2025-09-01 13:38:39', 'superadmin', '2025-09-01 13:38:39', 'superadmin', 1),
	(319, NULL, 219, 32, 41, NULL, NULL, 5, 0, 8, 29000, 145000, 0, 1, NULL, NULL, NULL, NULL, NULL, NULL, NULL, NULL, NULL, NULL, NULL, NULL, 5, 145000, NULL, NULL, NULL, NULL, NULL, NULL, NULL, NULL, NULL, NULL, NULL, NULL, '2025-09-01 13:41:47', 'superadmin', '2025-09-01 13:41:47', 'superadmin', 1),
	(320, NULL, 220, 32, 41, NULL, NULL, 5, 0, 8, 18500, 92500, 0, 1, NULL, NULL, NULL, NULL, NULL, NULL, NULL, NULL, NULL, NULL, NULL, NULL, 5, 92500, NULL, NULL, NULL, NULL, NULL, NULL, NULL, NULL, NULL, NULL, NULL, NULL, '2025-09-01 13:42:23', 'superadmin', '2025-09-01 13:42:23', 'superadmin', 1),
	(321, NULL, 221, 32, 41, NULL, NULL, 50, 0, 22, 10000, 500000, 0, 1, NULL, NULL, NULL, NULL, NULL, NULL, NULL, NULL, 50, 500000, NULL, NULL, NULL, NULL, NULL, NULL, NULL, NULL, NULL, NULL, NULL, NULL, NULL, NULL, NULL, NULL, '2025-09-01 13:47:39', 'superadmin', '2025-09-01 13:47:39', 'superadmin', 1),
	(322, NULL, 222, 32, 41, NULL, NULL, 35, 0, 22, 3500, 122500, 0, 1, NULL, NULL, NULL, NULL, NULL, NULL, NULL, NULL, 35, 122500, NULL, NULL, NULL, NULL, NULL, NULL, NULL, NULL, NULL, NULL, NULL, NULL, NULL, NULL, NULL, NULL, '2025-09-01 13:48:56', 'superadmin', '2025-09-01 13:48:56', 'superadmin', 1),
	(323, NULL, 223, 32, 41, NULL, NULL, 10, 0, 22, 4000, 40000, 0, 1, NULL, NULL, NULL, NULL, NULL, NULL, NULL, NULL, 10, 40000, NULL, NULL, NULL, NULL, NULL, NULL, NULL, NULL, NULL, NULL, NULL, NULL, NULL, NULL, NULL, NULL, '2025-09-01 13:49:53', 'superadmin', '2025-09-01 13:49:53', 'superadmin', 1),
	(324, NULL, 224, 32, 41, NULL, NULL, 5, 0, 22, 200000, 1000000, 0, 1, NULL, NULL, NULL, NULL, NULL, NULL, NULL, NULL, NULL, NULL, NULL, NULL, 5, 1000000, NULL, NULL, NULL, NULL, NULL, NULL, NULL, NULL, NULL, NULL, NULL, NULL, '2025-09-01 13:51:46', 'superadmin', '2025-09-01 13:51:46', 'superadmin', 1),
	(325, NULL, 226, 32, 41, NULL, NULL, 100, 0, 22, 70000, 7000000, 0, 1, NULL, NULL, NULL, NULL, 100, 7000000, NULL, NULL, NULL, NULL, NULL, NULL, NULL, NULL, NULL, NULL, NULL, NULL, NULL, NULL, NULL, NULL, NULL, NULL, NULL, NULL, '2025-09-01 13:52:50', 'superadmin', '2025-09-01 13:52:50', 'superadmin', 1),
	(326, NULL, 227, 32, 41, NULL, NULL, 10, 0, 22, 80000, 800000, 0, 1, NULL, NULL, NULL, NULL, NULL, NULL, NULL, NULL, 10, 800000, NULL, NULL, NULL, NULL, NULL, NULL, NULL, NULL, NULL, NULL, NULL, NULL, NULL, NULL, NULL, NULL, '2025-09-01 13:53:44', 'superadmin', '2025-09-01 13:53:44', 'superadmin', 1),
	(327, NULL, 228, 32, 41, NULL, NULL, 20, 0, 22, 255000, 5100000, 0, 1, NULL, NULL, NULL, NULL, NULL, NULL, NULL, NULL, 20, 5100000, NULL, NULL, NULL, NULL, NULL, NULL, NULL, NULL, NULL, NULL, NULL, NULL, NULL, NULL, NULL, NULL, '2025-09-01 13:54:33', 'superadmin', '2025-09-01 13:54:33', 'superadmin', 1),
	(328, NULL, 229, 32, 41, NULL, NULL, 2, 0, 22, 159000, 318000, 0, 1, NULL, NULL, NULL, NULL, NULL, NULL, 2, 318000, NULL, NULL, NULL, NULL, NULL, NULL, NULL, NULL, NULL, NULL, NULL, NULL, NULL, NULL, NULL, NULL, NULL, NULL, '2025-09-01 14:00:14', 'superadmin', '2025-09-01 14:00:14', 'superadmin', 1),
	(329, NULL, 231, 32, 41, NULL, NULL, 125, 0, 22, 90500, 11312500, 0, 1, NULL, NULL, 125, 11312500, NULL, NULL, NULL, NULL, NULL, NULL, NULL, NULL, NULL, NULL, NULL, NULL, NULL, NULL, NULL, NULL, NULL, NULL, NULL, NULL, NULL, NULL, '2025-09-01 14:01:04', 'superadmin', '2025-09-01 14:01:04', 'superadmin', 1),
	(330, NULL, 232, 32, 41, NULL, NULL, 30, 0, 22, 226000, 6780000, 0, 1, NULL, NULL, 30, 6780000, NULL, NULL, NULL, NULL, NULL, NULL, NULL, NULL, NULL, NULL, NULL, NULL, NULL, NULL, NULL, NULL, NULL, NULL, NULL, NULL, NULL, NULL, '2025-09-01 14:01:49', 'superadmin', '2025-09-01 14:01:49', 'superadmin', 1),
	(331, NULL, 233, 32, 41, NULL, NULL, 40, 0, 22, 64600, 2584000, 0, 1, NULL, NULL, 40, 2584000, NULL, NULL, NULL, NULL, NULL, NULL, NULL, NULL, NULL, NULL, NULL, NULL, NULL, NULL, NULL, NULL, NULL, NULL, NULL, NULL, NULL, NULL, '2025-09-01 14:02:26', 'superadmin', '2025-09-01 14:02:26', 'superadmin', 1),
	(332, NULL, 234, 32, 41, NULL, NULL, 30, 0, 22, 107670, 3230100, 0, 1, NULL, NULL, 30, 3230100, NULL, NULL, NULL, NULL, NULL, NULL, NULL, NULL, NULL, NULL, NULL, NULL, NULL, NULL, NULL, NULL, NULL, NULL, NULL, NULL, NULL, NULL, '2025-09-01 14:03:02', 'superadmin', '2025-09-01 14:03:02', 'superadmin', 1),
	(333, NULL, 235, 32, 41, NULL, NULL, 80, 0, 22, 65000, 5200000, 0, 1, NULL, NULL, 80, 5200000, NULL, NULL, NULL, NULL, NULL, NULL, NULL, NULL, NULL, NULL, NULL, NULL, NULL, NULL, NULL, NULL, NULL, NULL, NULL, NULL, NULL, NULL, '2025-09-01 14:03:39', 'superadmin', '2025-09-01 14:03:39', 'superadmin', 1),
	(334, NULL, 236, 32, 41, NULL, NULL, 15, 0, 22, 10000, 150000, 0, 1, NULL, NULL, NULL, NULL, NULL, NULL, NULL, NULL, 15, 150000, NULL, NULL, NULL, NULL, NULL, NULL, NULL, NULL, NULL, NULL, NULL, NULL, NULL, NULL, NULL, NULL, '2025-09-01 14:04:35', 'superadmin', '2025-09-01 14:04:35', 'superadmin', 1),
	(335, NULL, 237, 32, 41, NULL, NULL, 5, 0, 22, 32000, 160000, 0, 1, NULL, NULL, NULL, NULL, NULL, NULL, NULL, NULL, 5, 160000, NULL, NULL, NULL, NULL, NULL, NULL, NULL, NULL, NULL, NULL, NULL, NULL, NULL, NULL, NULL, NULL, '2025-09-01 14:23:16', 'superadmin', '2025-09-01 14:23:16', 'superadmin', 1),
	(336, NULL, 238, 32, 41, NULL, NULL, 6, 0, 29, 95000, 570000, 0, 1, NULL, NULL, NULL, NULL, NULL, NULL, NULL, NULL, 6, 570000, NULL, NULL, NULL, NULL, NULL, NULL, NULL, NULL, NULL, NULL, NULL, NULL, NULL, NULL, NULL, NULL, '2025-09-01 14:23:51', 'superadmin', '2025-09-01 14:23:51', 'superadmin', 1),
	(337, NULL, 239, 32, 41, NULL, NULL, 1, 0, 22, 154800, 154800, 0, 1, NULL, NULL, NULL, NULL, 1, 154800, NULL, NULL, NULL, NULL, NULL, NULL, NULL, NULL, NULL, NULL, NULL, NULL, NULL, NULL, NULL, NULL, NULL, NULL, NULL, NULL, '2025-09-01 14:24:28', 'superadmin', '2025-09-01 14:24:28', 'superadmin', 1),
	(338, NULL, 240, 32, 41, NULL, NULL, 1, 0, 22, 70000, 70000, 0, 1, NULL, NULL, NULL, NULL, NULL, NULL, NULL, NULL, 1, 70000, NULL, NULL, NULL, NULL, NULL, NULL, NULL, NULL, NULL, NULL, NULL, NULL, NULL, NULL, NULL, NULL, '2025-09-01 14:25:05', 'superadmin', '2025-09-01 14:25:05', 'superadmin', 1),
	(339, NULL, 241, 32, 41, NULL, NULL, 2, 0, 22, 20000, 40000, 0, 1, NULL, NULL, NULL, NULL, NULL, NULL, NULL, NULL, 2, 40000, NULL, NULL, NULL, NULL, NULL, NULL, NULL, NULL, NULL, NULL, NULL, NULL, NULL, NULL, NULL, NULL, '2025-09-01 14:25:44', 'superadmin', '2025-09-01 14:25:44', 'superadmin', 1),
	(340, NULL, 242, 32, 41, NULL, NULL, 2, 0, 10, 250160, 500320, 0, 1, NULL, NULL, NULL, NULL, NULL, NULL, NULL, NULL, NULL, NULL, 2, 500320, NULL, NULL, NULL, NULL, NULL, NULL, NULL, NULL, NULL, NULL, NULL, NULL, NULL, NULL, '2025-09-01 14:26:21', 'superadmin', '2025-09-01 14:26:21', 'superadmin', 1),
	(341, NULL, 243, 32, 41, NULL, NULL, 2, 0, 22, 1000000, 2000000, 0, 1, NULL, NULL, NULL, NULL, NULL, NULL, NULL, NULL, NULL, NULL, NULL, NULL, NULL, NULL, 2, 2000000, NULL, NULL, NULL, NULL, NULL, NULL, NULL, NULL, NULL, NULL, '2025-09-01 14:27:04', 'superadmin', '2025-09-01 14:27:04', 'superadmin', 1),
	(342, NULL, 244, 32, 41, NULL, NULL, 1, 0, 22, 2500000, 2500000, 0, 1, NULL, NULL, NULL, NULL, NULL, NULL, NULL, NULL, NULL, NULL, NULL, NULL, NULL, NULL, 1, 2500000, NULL, NULL, NULL, NULL, NULL, NULL, NULL, NULL, NULL, NULL, '2025-09-01 14:28:09', 'superadmin', '2025-09-01 14:28:09', 'superadmin', 1),
	(343, NULL, 246, 32, 41, NULL, NULL, 1, 0, 22, 2470500, 2470500, 0, 1, NULL, NULL, NULL, NULL, NULL, NULL, NULL, NULL, NULL, NULL, NULL, NULL, NULL, NULL, 1, 2470500, NULL, NULL, NULL, NULL, NULL, NULL, NULL, NULL, NULL, NULL, '2025-09-01 14:28:51', 'superadmin', '2025-09-01 14:28:51', 'superadmin', 1),
	(344, NULL, 247, 32, 41, NULL, NULL, 1, 0, 22, 2646000, 2646000, 0, 1, NULL, NULL, NULL, NULL, NULL, NULL, NULL, NULL, NULL, NULL, NULL, NULL, NULL, NULL, 1, 2646000, NULL, NULL, NULL, NULL, NULL, NULL, NULL, NULL, NULL, NULL, '2025-09-01 14:29:19', 'superadmin', '2025-09-01 14:29:19', 'superadmin', 1),
	(345, NULL, 263, 32, 41, NULL, NULL, 15, 0, 22, 35400, 531000, 0, 1, NULL, NULL, NULL, NULL, NULL, NULL, NULL, NULL, 15, 531000, NULL, NULL, NULL, NULL, NULL, NULL, NULL, NULL, NULL, NULL, NULL, NULL, NULL, NULL, NULL, NULL, '2025-09-01 14:30:11', 'superadmin', '2025-09-01 14:30:11', 'superadmin', 1),
	(346, NULL, 265, 32, 41, NULL, NULL, 7, 0, 23, 1889000, 13223000, 0, 1, NULL, NULL, NULL, NULL, NULL, NULL, NULL, NULL, NULL, NULL, 7, 13223000, NULL, NULL, NULL, NULL, NULL, NULL, NULL, NULL, NULL, NULL, NULL, NULL, NULL, NULL, '2025-09-01 14:31:00', 'superadmin', '2025-09-01 14:31:00', 'superadmin', 1),
	(347, NULL, 270, 32, 41, NULL, NULL, 3, 0, 22, 35500, 106500, 0, 1, NULL, NULL, NULL, NULL, NULL, NULL, NULL, NULL, NULL, NULL, 3, 106500, NULL, NULL, NULL, NULL, NULL, NULL, NULL, NULL, NULL, NULL, NULL, NULL, NULL, NULL, '2025-09-01 14:31:55', 'superadmin', '2025-09-01 14:31:55', 'superadmin', 1),
	(348, NULL, 272, 32, 41, NULL, NULL, 25, 0, 22, 35000, 875000, 0, 1, NULL, NULL, NULL, NULL, NULL, NULL, NULL, NULL, NULL, NULL, 25, 875000, NULL, NULL, NULL, NULL, NULL, NULL, NULL, NULL, NULL, NULL, NULL, NULL, NULL, NULL, '2025-09-01 14:32:38', 'superadmin', '2025-09-01 14:32:38', 'superadmin', 1),
	(349, NULL, 273, 32, 41, NULL, NULL, 5, 0, 24, 55000, 275000, 0, 1, NULL, NULL, NULL, NULL, NULL, NULL, NULL, NULL, NULL, NULL, NULL, NULL, NULL, NULL, NULL, NULL, NULL, NULL, 5, 275000, NULL, NULL, NULL, NULL, NULL, NULL, '2025-09-01 14:33:20', 'superadmin', '2025-09-01 14:33:20', 'superadmin', 1),
	(350, NULL, 275, 32, 41, NULL, NULL, 15, 0, 24, 55000, 825000, 0, 1, NULL, NULL, NULL, NULL, NULL, NULL, NULL, NULL, NULL, NULL, NULL, NULL, NULL, NULL, NULL, NULL, NULL, NULL, 15, 825000, NULL, NULL, NULL, NULL, NULL, NULL, '2025-09-01 14:34:04', 'superadmin', '2025-09-01 14:34:04', 'superadmin', 1),
	(351, NULL, 277, 32, 41, NULL, NULL, 10, 0, 24, 36000, 360000, 0, 1, NULL, NULL, NULL, NULL, NULL, NULL, NULL, NULL, NULL, NULL, NULL, NULL, NULL, NULL, NULL, NULL, NULL, NULL, 10, 360000, NULL, NULL, NULL, NULL, NULL, NULL, '2025-09-01 14:34:40', 'superadmin', '2025-09-01 14:34:40', 'superadmin', 1),
	(352, NULL, 278, 32, 41, NULL, NULL, 5, 0, 24, 41000, 205000, 0, 1, NULL, NULL, NULL, NULL, NULL, NULL, NULL, NULL, NULL, NULL, NULL, NULL, NULL, NULL, NULL, NULL, NULL, NULL, 5, 205000, NULL, NULL, NULL, NULL, NULL, NULL, '2025-09-01 14:35:13', 'superadmin', '2025-09-01 14:35:13', 'superadmin', 1),
	(353, NULL, 279, 32, 41, NULL, NULL, 3, 0, 24, 273000, 819000, 0, 1, NULL, NULL, NULL, NULL, NULL, NULL, NULL, NULL, NULL, NULL, NULL, NULL, NULL, NULL, NULL, NULL, NULL, NULL, 3, 819000, NULL, NULL, NULL, NULL, NULL, NULL, '2025-09-01 14:35:48', 'superadmin', '2025-09-01 14:35:48', 'superadmin', 1),
	(354, NULL, 280, 32, 41, NULL, NULL, 6, 0, 24, 45000, 270000, 0, 1, NULL, NULL, NULL, NULL, NULL, NULL, NULL, NULL, NULL, NULL, NULL, NULL, NULL, NULL, NULL, NULL, NULL, NULL, 6, 270000, NULL, NULL, NULL, NULL, NULL, NULL, '2025-09-01 14:36:26', 'superadmin', '2025-09-01 14:36:26', 'superadmin', 1),
	(355, NULL, 281, 32, 41, NULL, NULL, 2, 0, 24, 605000, 1210000, 0, 1, NULL, NULL, NULL, NULL, NULL, NULL, NULL, NULL, NULL, NULL, NULL, NULL, NULL, NULL, NULL, NULL, NULL, NULL, 2, 1210000, NULL, NULL, NULL, NULL, NULL, NULL, '2025-09-01 14:37:17', 'superadmin', '2025-09-01 14:37:17', 'superadmin', 1),
	(356, NULL, 282, 32, 41, NULL, NULL, 4, 0, 24, 575000, 2300000, 0, 1, NULL, NULL, NULL, NULL, NULL, NULL, NULL, NULL, NULL, NULL, NULL, NULL, NULL, NULL, NULL, NULL, NULL, NULL, 4, 2300000, NULL, NULL, NULL, NULL, NULL, NULL, '2025-09-01 14:37:56', 'superadmin', '2025-09-01 14:37:56', 'superadmin', 1),
	(357, NULL, 283, 32, 41, NULL, NULL, 5, 0, 22, 110000, 550000, 0, 1, NULL, NULL, NULL, NULL, 5, 550000, NULL, NULL, NULL, NULL, NULL, NULL, NULL, NULL, NULL, NULL, NULL, NULL, NULL, NULL, NULL, NULL, NULL, NULL, NULL, NULL, '2025-09-01 14:38:44', 'superadmin', '2025-09-01 14:38:44', 'superadmin', 1),
	(358, NULL, 284, 32, 41, NULL, NULL, 50, 0, 25, 17000, 850000, 0, 1, NULL, NULL, NULL, NULL, NULL, NULL, NULL, NULL, 50, 850000, NULL, NULL, NULL, NULL, NULL, NULL, NULL, NULL, NULL, NULL, NULL, NULL, NULL, NULL, NULL, NULL, '2025-09-01 14:39:27', 'superadmin', '2025-09-01 14:39:27', 'superadmin', 1),
	(359, NULL, 286, 32, 41, NULL, NULL, 5, 0, 22, 57000, 285000, 0, 1, NULL, NULL, NULL, NULL, 5, 285000, NULL, NULL, NULL, NULL, NULL, NULL, NULL, NULL, NULL, NULL, NULL, NULL, NULL, NULL, NULL, NULL, NULL, NULL, NULL, NULL, '2025-09-01 14:40:22', 'superadmin', '2025-09-01 14:40:22', 'superadmin', 1),
	(360, NULL, 287, 32, 41, NULL, NULL, 40, 0, 22, 313000, 12520000, 0, 1, NULL, NULL, NULL, NULL, 40, 12520000, NULL, NULL, NULL, NULL, NULL, NULL, NULL, NULL, NULL, NULL, NULL, NULL, NULL, NULL, NULL, NULL, NULL, NULL, NULL, NULL, '2025-09-01 14:41:12', 'superadmin', '2025-09-01 14:41:12', 'superadmin', 1),
	(361, NULL, 288, 32, 41, NULL, NULL, 15, 0, 22, 30000, 450000, 0, 1, NULL, NULL, NULL, NULL, NULL, NULL, NULL, NULL, NULL, NULL, 15, 450000, NULL, NULL, NULL, NULL, NULL, NULL, NULL, NULL, NULL, NULL, NULL, NULL, NULL, NULL, '2025-09-01 14:41:54', 'superadmin', '2025-09-01 14:41:54', 'superadmin', 1),
	(362, NULL, 289, 32, 41, NULL, NULL, 10, 0, 22, 34228, 342280, 0, 1, NULL, NULL, NULL, NULL, NULL, NULL, NULL, NULL, NULL, NULL, 10, 342280, NULL, NULL, NULL, NULL, NULL, NULL, NULL, NULL, NULL, NULL, NULL, NULL, NULL, NULL, '2025-09-01 14:44:08', 'superadmin', '2025-09-01 14:44:28', 'superadmin', 1),
	(363, NULL, 291, 32, 41, NULL, NULL, 5, 0, 22, 190000, 950000, 0, 1, NULL, NULL, NULL, NULL, NULL, NULL, NULL, NULL, NULL, NULL, 5, 950000, NULL, NULL, NULL, NULL, NULL, NULL, NULL, NULL, NULL, NULL, NULL, NULL, NULL, NULL, '2025-09-01 14:45:03', 'superadmin', '2025-09-01 14:45:03', 'superadmin', 1),
	(364, NULL, 292, 32, 41, NULL, NULL, 4, 0, 22, 280000, 1120000, 0, 1, NULL, NULL, NULL, NULL, NULL, NULL, NULL, NULL, NULL, NULL, 4, 1120000, NULL, NULL, NULL, NULL, NULL, NULL, NULL, NULL, NULL, NULL, NULL, NULL, NULL, NULL, '2025-09-01 14:45:43', 'superadmin', '2025-09-01 14:45:43', 'superadmin', 1),
	(365, NULL, 293, 32, 41, NULL, NULL, 30, 0, 10, 40000, 1200000, 0, 1, NULL, NULL, NULL, NULL, NULL, NULL, NULL, NULL, NULL, NULL, 30, 1200000, NULL, NULL, NULL, NULL, NULL, NULL, NULL, NULL, NULL, NULL, NULL, NULL, NULL, NULL, '2025-09-01 14:46:59', 'superadmin', '2025-09-01 14:46:59', 'superadmin', 1),
	(366, NULL, 296, 32, 41, NULL, NULL, 100, 0, 22, 10000, 1000000, 0, 1, NULL, NULL, NULL, NULL, NULL, NULL, NULL, NULL, NULL, NULL, 100, 1000000, NULL, NULL, NULL, NULL, NULL, NULL, NULL, NULL, NULL, NULL, NULL, NULL, NULL, NULL, '2025-09-01 14:47:39', 'superadmin', '2025-09-01 14:47:39', 'superadmin', 1),
	(367, NULL, 297, 32, 41, NULL, NULL, 54, 0, 22, 20000, 1080000, 0, 1, NULL, NULL, NULL, NULL, NULL, NULL, NULL, NULL, NULL, NULL, 54, 1080000, NULL, NULL, NULL, NULL, NULL, NULL, NULL, NULL, NULL, NULL, NULL, NULL, NULL, NULL, '2025-09-01 14:49:07', 'superadmin', '2025-09-01 14:49:07', 'superadmin', 1),
	(368, NULL, 299, 32, 41, NULL, NULL, 30, 0, 22, 77000, 2310000, 0, 1, NULL, NULL, NULL, NULL, NULL, NULL, NULL, NULL, NULL, NULL, 30, 2310000, NULL, NULL, NULL, NULL, NULL, NULL, NULL, NULL, NULL, NULL, NULL, NULL, NULL, NULL, '2025-09-01 14:49:53', 'superadmin', '2025-09-01 14:49:53', 'superadmin', 1),
	(369, NULL, 301, 32, 41, NULL, NULL, 30, 0, 25, 138000, 4140000, 0, 1, NULL, NULL, NULL, NULL, NULL, NULL, NULL, NULL, 30, 4140000, NULL, NULL, NULL, NULL, NULL, NULL, NULL, NULL, NULL, NULL, NULL, NULL, NULL, NULL, NULL, NULL, '2025-09-01 14:54:13', 'superadmin', '2025-09-01 14:54:13', 'superadmin', 1),
	(370, NULL, 303, 32, 41, NULL, NULL, 6, 0, 1, 350000, 2100000, 0, 1, NULL, NULL, NULL, NULL, NULL, NULL, NULL, NULL, 6, 2100000, NULL, NULL, NULL, NULL, NULL, NULL, NULL, NULL, NULL, NULL, NULL, NULL, NULL, NULL, NULL, NULL, '2025-09-01 14:54:57', 'superadmin', '2025-09-01 14:54:57', 'superadmin', 1),
	(371, NULL, 304, 32, 41, NULL, NULL, 33, 0, 22, 78200, 2580600, 0, 1, NULL, NULL, NULL, NULL, NULL, NULL, NULL, NULL, NULL, NULL, 33, 2580600, NULL, NULL, NULL, NULL, NULL, NULL, NULL, NULL, NULL, NULL, NULL, NULL, NULL, NULL, '2025-09-01 14:55:40', 'superadmin', '2025-09-01 14:55:40', 'superadmin', 1),
	(372, NULL, 306, 32, 41, NULL, NULL, 2, 0, 22, 57500, 115000, 0, 1, NULL, NULL, NULL, NULL, NULL, NULL, NULL, NULL, 2, 115000, NULL, NULL, NULL, NULL, NULL, NULL, NULL, NULL, NULL, NULL, NULL, NULL, NULL, NULL, NULL, NULL, '2025-09-01 14:56:23', 'superadmin', '2025-09-01 14:56:23', 'superadmin', 1),
	(373, NULL, 308, 32, 41, NULL, NULL, 5, 0, 22, 74000, 370000, 0, 1, NULL, NULL, NULL, NULL, NULL, NULL, NULL, NULL, NULL, NULL, 5, 370000, NULL, NULL, NULL, NULL, NULL, NULL, NULL, NULL, NULL, NULL, NULL, NULL, NULL, NULL, '2025-09-01 14:57:40', 'superadmin', '2025-09-01 14:57:40', 'superadmin', 1),
	(374, NULL, 309, 32, 41, NULL, NULL, 10, 0, 22, 105000, 1050000, 0, 1, NULL, NULL, NULL, NULL, NULL, NULL, NULL, NULL, NULL, NULL, NULL, NULL, NULL, NULL, 10, 1050000, NULL, NULL, NULL, NULL, NULL, NULL, NULL, NULL, NULL, NULL, '2025-09-01 14:58:29', 'superadmin', '2025-09-01 14:58:29', 'superadmin', 1),
	(375, NULL, 310, 32, 41, NULL, NULL, 20, 0, 22, 240000, 4800000, 0, 1, NULL, NULL, NULL, NULL, NULL, NULL, NULL, NULL, NULL, NULL, NULL, NULL, NULL, NULL, 20, 4800000, NULL, NULL, NULL, NULL, NULL, NULL, NULL, NULL, NULL, NULL, '2025-09-01 14:59:03', 'superadmin', '2025-09-01 14:59:03', 'superadmin', 1),
	(376, NULL, 312, 32, 41, NULL, NULL, 60, 0, 22, 5300, 318000, 0, 1, NULL, NULL, NULL, NULL, NULL, NULL, NULL, NULL, NULL, NULL, NULL, NULL, NULL, NULL, 60, 318000, NULL, NULL, NULL, NULL, NULL, NULL, NULL, NULL, NULL, NULL, '2025-09-01 14:59:37', 'superadmin', '2025-09-01 14:59:37', 'superadmin', 1),
	(377, NULL, 314, 32, 41, NULL, NULL, 200, 0, 22, 21500, 4300000, 0, 1, NULL, NULL, NULL, NULL, NULL, NULL, NULL, NULL, NULL, NULL, NULL, NULL, NULL, NULL, 200, 4300000, NULL, NULL, NULL, NULL, NULL, NULL, NULL, NULL, NULL, NULL, '2025-09-01 15:00:16', 'superadmin', '2025-09-01 15:00:16', 'superadmin', 1),
	(378, NULL, 315, 32, 41, NULL, NULL, 2, 0, 1, 305200, 610400, 0, 1, NULL, NULL, NULL, NULL, NULL, NULL, NULL, NULL, 2, 610400, NULL, NULL, NULL, NULL, NULL, NULL, NULL, NULL, NULL, NULL, NULL, NULL, NULL, NULL, NULL, NULL, '2025-09-01 15:00:58', 'superadmin', '2025-09-01 15:00:58', 'superadmin', 1),
	(379, NULL, 316, 32, 41, NULL, NULL, 10, 0, 22, 270000, 2700000, 0, 1, NULL, NULL, NULL, NULL, NULL, NULL, NULL, NULL, 10, 2700000, NULL, NULL, NULL, NULL, NULL, NULL, NULL, NULL, NULL, NULL, NULL, NULL, NULL, NULL, NULL, NULL, '2025-09-01 15:01:35', 'superadmin', '2025-09-01 15:01:35', 'superadmin', 1),
	(380, NULL, 320, 32, 43, NULL, NULL, 1, 0, 13, 6300000, 6300000, 0, 1, NULL, NULL, NULL, NULL, NULL, NULL, 1, 6300000, NULL, NULL, NULL, NULL, NULL, NULL, NULL, NULL, NULL, NULL, NULL, NULL, NULL, NULL, NULL, NULL, NULL, NULL, '2025-09-01 15:02:48', 'superadmin', '2025-09-01 15:02:48', 'superadmin', 1),
	(381, NULL, 321, 32, 43, NULL, NULL, 9, 0, 1, 9100000, 81900000, 0, 1, NULL, NULL, NULL, NULL, NULL, NULL, 6, 54600000, NULL, NULL, 3, 27300000, NULL, NULL, NULL, NULL, NULL, NULL, NULL, NULL, NULL, NULL, NULL, NULL, NULL, NULL, '2025-09-01 15:03:44', 'superadmin', '2025-09-01 15:03:44', 'superadmin', 1),
	(382, NULL, 322, 32, 43, NULL, NULL, 12, 0, 1, 10070000, 120840000, 0, 1, NULL, NULL, NULL, NULL, NULL, NULL, 2, 20140000, NULL, NULL, 10, 100700000, NULL, NULL, NULL, NULL, NULL, NULL, NULL, NULL, NULL, NULL, NULL, NULL, NULL, NULL, '2025-09-01 15:04:34', 'superadmin', '2025-09-01 15:04:34', 'superadmin', 1),
	(383, NULL, 323, 32, 43, NULL, NULL, 11, 0, 1, 1820000, 20020000, 0, 1, NULL, NULL, NULL, NULL, NULL, NULL, NULL, NULL, NULL, NULL, NULL, NULL, NULL, NULL, 11, 20020000, NULL, NULL, NULL, NULL, NULL, NULL, NULL, NULL, NULL, NULL, '2025-09-01 15:05:17', 'superadmin', '2025-09-01 15:05:17', 'superadmin', 1),
	(384, NULL, 324, 32, 43, NULL, NULL, 11, 0, 1, 4100000, 45100000, 0, 1, NULL, NULL, NULL, NULL, NULL, NULL, NULL, NULL, NULL, NULL, NULL, NULL, 11, 45100000, NULL, NULL, NULL, NULL, NULL, NULL, NULL, NULL, NULL, NULL, NULL, NULL, '2025-09-01 15:10:14', 'superadmin', '2025-09-01 15:10:14', 'superadmin', 1),
	(385, NULL, 326, 32, 43, NULL, NULL, 1, 0, 15, 6000000, 6000000, 0, 1, NULL, NULL, NULL, NULL, 1, 6000000, NULL, NULL, NULL, NULL, NULL, NULL, NULL, NULL, NULL, NULL, NULL, NULL, NULL, NULL, NULL, NULL, NULL, NULL, NULL, NULL, '2025-09-01 15:10:57', 'superadmin', '2025-09-01 15:10:57', 'superadmin', 1),
	(386, NULL, 328, 32, 43, NULL, NULL, 16, 0, 1, 475000, 7600000, 0, 1, NULL, NULL, NULL, NULL, 16, 7600000, NULL, NULL, NULL, NULL, NULL, NULL, NULL, NULL, NULL, NULL, NULL, NULL, NULL, NULL, NULL, NULL, NULL, NULL, NULL, NULL, '2025-09-01 15:11:55', 'superadmin', '2025-09-01 15:11:55', 'superadmin', 1),
	(387, NULL, 331, 32, 43, NULL, NULL, 4, 0, 10, 3590000, 14360000, 0, 1, NULL, NULL, NULL, NULL, NULL, NULL, NULL, NULL, 4, 14360000, NULL, NULL, NULL, NULL, NULL, NULL, NULL, NULL, NULL, NULL, NULL, NULL, NULL, NULL, NULL, NULL, '2025-09-01 15:13:20', 'superadmin', '2025-09-01 15:13:20', 'superadmin', 1),
	(388, NULL, 332, 32, 43, NULL, NULL, 1, 0, 13, 4850000, 4850000, 0, 1, NULL, NULL, NULL, NULL, NULL, NULL, NULL, NULL, NULL, NULL, NULL, NULL, NULL, NULL, NULL, NULL, NULL, NULL, NULL, NULL, 1, 4850000, NULL, NULL, NULL, NULL, '2025-09-01 15:15:38', 'superadmin', '2025-09-01 15:15:38', 'superadmin', 1),
	(389, NULL, 333, 32, 43, NULL, NULL, 1, 0, 22, 6510000, 6510000, 0, 1, NULL, NULL, NULL, NULL, NULL, NULL, NULL, NULL, 1, 6510000, NULL, NULL, NULL, NULL, NULL, NULL, NULL, NULL, NULL, NULL, NULL, NULL, NULL, NULL, NULL, NULL, '2025-09-01 15:18:21', 'superadmin', '2025-09-01 15:18:21', 'superadmin', 1),
	(390, NULL, 334, 32, 43, NULL, NULL, 1, 0, 22, 954000, 954000, 0, 1, NULL, NULL, NULL, NULL, 1, 954000, NULL, NULL, NULL, NULL, NULL, NULL, NULL, NULL, NULL, NULL, NULL, NULL, NULL, NULL, NULL, NULL, NULL, NULL, NULL, NULL, '2025-09-01 15:20:39', 'superadmin', '2025-09-01 15:20:39', 'superadmin', 1),
	(391, NULL, 338, 32, 43, NULL, NULL, 1, 0, 1, 700000, 700000, 0, 1, NULL, NULL, NULL, NULL, NULL, NULL, NULL, NULL, 1, 700000, NULL, NULL, NULL, NULL, NULL, NULL, NULL, NULL, NULL, NULL, NULL, NULL, NULL, NULL, NULL, NULL, '2025-09-01 15:21:29', 'superadmin', '2025-09-01 15:21:29', 'superadmin', 1),
	(392, NULL, 339, 32, 43, NULL, NULL, 5, 0, 1, 2120000, 10600000, 0, 1, NULL, NULL, NULL, NULL, NULL, NULL, NULL, NULL, NULL, NULL, 5, 10600000, NULL, NULL, NULL, NULL, NULL, NULL, NULL, NULL, NULL, NULL, NULL, NULL, NULL, NULL, '2025-09-01 15:22:38', 'superadmin', '2025-09-01 15:22:38', 'superadmin', 1),
	(393, NULL, 340, 32, 43, NULL, NULL, 1, 0, 1, 13000000, 13000000, 0, 1, NULL, NULL, NULL, NULL, NULL, NULL, NULL, NULL, NULL, NULL, NULL, NULL, 1, 13000000, NULL, NULL, NULL, NULL, NULL, NULL, NULL, NULL, NULL, NULL, NULL, NULL, '2025-09-01 15:23:29', 'superadmin', '2025-09-01 15:23:29', 'superadmin', 1),
	(394, NULL, 341, 32, 43, NULL, NULL, 6, 0, 1, 3765000, 22590000, 0, 1, NULL, NULL, NULL, NULL, NULL, NULL, NULL, NULL, 6, 22590000, NULL, NULL, NULL, NULL, NULL, NULL, NULL, NULL, NULL, NULL, NULL, NULL, NULL, NULL, NULL, NULL, '2025-09-01 15:24:24', 'superadmin', '2025-09-01 15:24:24', 'superadmin', 1),
	(395, NULL, 343, 32, 43, NULL, NULL, 2, 0, 1, 36631650, 73263300, 0, 1, NULL, NULL, NULL, NULL, 2, 73263300, NULL, NULL, NULL, NULL, NULL, NULL, NULL, NULL, NULL, NULL, NULL, NULL, NULL, NULL, NULL, NULL, NULL, NULL, NULL, NULL, '2025-09-01 16:06:08', 'superadmin', '2025-09-01 16:06:08', 'superadmin', 1),
	(396, NULL, 344, 32, 43, NULL, NULL, 5, 0, 22, 736700, 3683500, 0, 1, NULL, NULL, NULL, NULL, 5, 3683500, NULL, NULL, NULL, NULL, NULL, NULL, NULL, NULL, NULL, NULL, NULL, NULL, NULL, NULL, NULL, NULL, NULL, NULL, NULL, NULL, '2025-09-02 07:43:36', 'superadmin', '2025-09-02 07:43:36', 'superadmin', 1),
	(397, NULL, 345, 32, 43, NULL, NULL, 11, 0, 26, 6500000, 71500000, 0, 1, NULL, NULL, NULL, NULL, 11, 71500000, NULL, NULL, NULL, NULL, NULL, NULL, NULL, NULL, NULL, NULL, NULL, NULL, NULL, NULL, NULL, NULL, NULL, NULL, NULL, NULL, '2025-09-02 07:47:03', 'superadmin', '2025-09-02 07:47:03', 'superadmin', 1),
	(398, NULL, 346, 32, 43, NULL, NULL, 1, 0, 22, 700000, 700000, 0, 1, NULL, NULL, NULL, NULL, NULL, NULL, NULL, NULL, NULL, NULL, NULL, NULL, NULL, NULL, NULL, NULL, NULL, NULL, NULL, NULL, NULL, NULL, 1, 700000, NULL, NULL, '2025-09-02 07:48:25', 'superadmin', '2025-09-02 07:48:25', 'superadmin', 1),
	(399, NULL, 347, 32, 43, NULL, NULL, 1, 0, 13, 1100000, 1100000, 0, 1, NULL, NULL, NULL, NULL, NULL, NULL, NULL, NULL, NULL, NULL, 1, 1100000, NULL, NULL, NULL, NULL, NULL, NULL, NULL, NULL, NULL, NULL, NULL, NULL, NULL, NULL, '2025-09-02 07:49:59', 'superadmin', '2025-09-02 07:49:59', 'superadmin', 1),
	(400, NULL, 348, 32, 43, NULL, NULL, 1, 0, 1, 500000, 500000, 0, 1, NULL, NULL, NULL, NULL, NULL, NULL, NULL, NULL, NULL, NULL, 1, 500000, NULL, NULL, NULL, NULL, NULL, NULL, NULL, NULL, NULL, NULL, NULL, NULL, NULL, NULL, '2025-09-02 07:50:30', 'superadmin', '2025-09-02 07:50:30', 'superadmin', 1),
	(401, NULL, 357, 32, 43, NULL, NULL, 20, 0, 10, 1000000, 20000000, 0, 1, NULL, NULL, NULL, NULL, NULL, NULL, NULL, NULL, NULL, NULL, NULL, NULL, 20, 20000000, NULL, NULL, NULL, NULL, NULL, NULL, NULL, NULL, NULL, NULL, NULL, NULL, '2025-09-02 07:51:58', 'superadmin', '2025-09-02 07:51:58', 'superadmin', 1),
	(402, NULL, 358, 32, 43, NULL, NULL, 1, 0, 1, 2500000, 2500000, 0, 1, NULL, NULL, NULL, NULL, NULL, NULL, NULL, NULL, NULL, NULL, NULL, NULL, 1, 2500000, NULL, NULL, NULL, NULL, NULL, NULL, NULL, NULL, NULL, NULL, NULL, NULL, '2025-09-02 07:52:35', 'superadmin', '2025-09-02 07:52:35', 'superadmin', 1),
	(403, NULL, 359, 32, 43, NULL, NULL, 2, 0, 1, 3600000, 7200000, 0, 1, NULL, NULL, NULL, NULL, NULL, NULL, NULL, NULL, NULL, NULL, NULL, NULL, NULL, NULL, NULL, NULL, 2, 7200000, NULL, NULL, NULL, NULL, NULL, NULL, NULL, NULL, '2025-09-02 07:53:31', 'superadmin', '2025-09-02 07:53:31', 'superadmin', 1),
	(404, NULL, 360, 32, 43, NULL, NULL, 1, 0, 10, 36300000, 36300000, 0, 1, NULL, NULL, NULL, NULL, NULL, NULL, NULL, NULL, NULL, NULL, NULL, NULL, NULL, NULL, NULL, NULL, 1, 36300000, NULL, NULL, NULL, NULL, NULL, NULL, NULL, NULL, '2025-09-02 07:54:18', 'superadmin', '2025-09-02 07:54:18', 'superadmin', 1),
	(405, NULL, 361, 32, 43, NULL, NULL, 2, 0, 1, 4155200, 8310400, 0, 1, NULL, NULL, NULL, NULL, NULL, NULL, NULL, NULL, NULL, NULL, NULL, NULL, NULL, NULL, NULL, NULL, 2, 8310400, NULL, NULL, NULL, NULL, NULL, NULL, NULL, NULL, '2025-09-02 07:55:35', 'superadmin', '2025-09-02 07:55:35', 'superadmin', 1),
	(406, NULL, 362, 32, 43, NULL, NULL, 20, 0, 1, 1282600, 25652000, 0, 1, NULL, NULL, NULL, NULL, NULL, NULL, NULL, NULL, NULL, NULL, NULL, NULL, NULL, NULL, NULL, NULL, 20, 25652000, NULL, NULL, NULL, NULL, NULL, NULL, NULL, NULL, '2025-09-02 07:56:13', 'superadmin', '2025-09-02 07:56:13', 'superadmin', 1),
	(407, NULL, 363, 32, 43, NULL, NULL, 6, 0, 22, 635000, 3810000, 0, 1, NULL, NULL, NULL, NULL, NULL, NULL, NULL, NULL, NULL, NULL, NULL, NULL, NULL, NULL, NULL, NULL, 6, 3810000, NULL, NULL, NULL, NULL, NULL, NULL, NULL, NULL, '2025-09-02 07:56:40', 'superadmin', '2025-09-02 07:56:40', 'superadmin', 1),
	(408, NULL, 364, 32, 43, NULL, NULL, 36, 0, 22, 2200000, 79200000, 0, 1, NULL, NULL, NULL, NULL, NULL, NULL, NULL, NULL, NULL, NULL, NULL, NULL, NULL, NULL, NULL, NULL, 36, 79200000, NULL, NULL, NULL, NULL, NULL, NULL, NULL, NULL, '2025-09-02 07:57:18', 'superadmin', '2025-09-02 07:57:18', 'superadmin', 1),
	(409, NULL, 365, 32, 43, NULL, NULL, 2, 0, 1, 1550000, 3100000, 0, 1, NULL, NULL, NULL, NULL, NULL, NULL, NULL, NULL, NULL, NULL, NULL, NULL, NULL, NULL, NULL, NULL, 2, 3100000, NULL, NULL, NULL, NULL, NULL, NULL, NULL, NULL, '2025-09-02 07:57:53', 'superadmin', '2025-09-02 07:57:53', 'superadmin', 1),
	(410, NULL, 1197, 32, 43, NULL, NULL, 6, 0, 1, 3604000, 21624000, 0, 1, NULL, NULL, NULL, NULL, NULL, NULL, NULL, NULL, NULL, NULL, NULL, NULL, NULL, NULL, NULL, NULL, 6, 21624000, NULL, NULL, NULL, NULL, NULL, NULL, NULL, NULL, '2025-09-02 07:58:31', 'superadmin', '2025-09-02 07:58:31', 'superadmin', 1),
	(411, NULL, 367, 32, 43, NULL, NULL, 6, 0, 10, 3847800, 23086800, 0, 1, NULL, NULL, NULL, NULL, NULL, NULL, NULL, NULL, 6, 23086800, NULL, NULL, NULL, NULL, NULL, NULL, NULL, NULL, NULL, NULL, NULL, NULL, NULL, NULL, NULL, NULL, '2025-09-02 07:59:09', 'superadmin', '2025-09-02 07:59:09', 'superadmin', 1),
	(412, NULL, 368, 32, 43, NULL, NULL, 1, 0, 10, 13780000, 13780000, 0, 1, NULL, NULL, NULL, NULL, NULL, NULL, NULL, NULL, NULL, NULL, NULL, NULL, NULL, NULL, NULL, NULL, NULL, NULL, 1, 13780000, NULL, NULL, NULL, NULL, NULL, NULL, '2025-09-02 07:59:58', 'superadmin', '2025-09-02 07:59:58', 'superadmin', 1),
	(413, NULL, 369, 32, 43, NULL, NULL, 6, 0, 1, 3500000, 21000000, 0, 1, NULL, NULL, NULL, NULL, NULL, NULL, NULL, NULL, NULL, NULL, NULL, NULL, NULL, NULL, NULL, NULL, NULL, NULL, 6, 21000000, NULL, NULL, NULL, NULL, NULL, NULL, '2025-09-02 08:01:15', 'superadmin', '2025-09-02 08:01:15', 'superadmin', 1),
	(414, NULL, 370, 32, 43, NULL, NULL, 3, 0, 1, 5300000, 15900000, 0, 1, NULL, NULL, NULL, NULL, NULL, NULL, NULL, NULL, NULL, NULL, NULL, NULL, NULL, NULL, NULL, NULL, NULL, NULL, 3, 15900000, NULL, NULL, NULL, NULL, NULL, NULL, '2025-09-02 08:02:03', 'superadmin', '2025-09-02 08:02:03', 'superadmin', 1),
	(415, NULL, 371, 32, 43, NULL, NULL, 2, 0, 1, 3423800, 6847600, 0, 1, NULL, NULL, NULL, NULL, NULL, NULL, NULL, NULL, NULL, NULL, NULL, NULL, NULL, NULL, NULL, NULL, NULL, NULL, 2, 6847600, NULL, NULL, NULL, NULL, NULL, NULL, '2025-09-02 08:02:34', 'superadmin', '2025-09-02 08:02:34', 'superadmin', 1),
	(416, NULL, 372, 32, 43, NULL, NULL, 8, 0, 1, 3600000, 28800000, 0, 1, NULL, NULL, NULL, NULL, NULL, NULL, NULL, NULL, NULL, NULL, NULL, NULL, NULL, NULL, NULL, NULL, NULL, NULL, 8, 28800000, NULL, NULL, NULL, NULL, NULL, NULL, '2025-09-02 08:03:43', 'superadmin', '2025-09-02 08:03:43', 'superadmin', 1),
	(417, NULL, 373, 32, 43, NULL, NULL, 18, 0, 22, 3657000, 65826000, 0, 1, NULL, NULL, NULL, NULL, NULL, NULL, NULL, NULL, NULL, NULL, NULL, NULL, NULL, NULL, NULL, NULL, NULL, NULL, 18, 65826000, NULL, NULL, NULL, NULL, NULL, NULL, '2025-09-02 08:04:21', 'superadmin', '2025-09-02 08:04:21', 'superadmin', 1),
	(418, NULL, 374, 32, 43, NULL, NULL, 1, 0, 15, 35000000, 35000000, 0, 1, NULL, NULL, NULL, NULL, NULL, NULL, NULL, NULL, NULL, NULL, NULL, NULL, NULL, NULL, 1, 35000000, NULL, NULL, NULL, NULL, NULL, NULL, NULL, NULL, NULL, NULL, '2025-09-02 08:05:12', 'superadmin', '2025-09-02 08:05:12', 'superadmin', 1),
	(419, NULL, 375, 32, 43, NULL, NULL, 1, 0, 1, 6300000, 6300000, 0, 1, NULL, NULL, NULL, NULL, NULL, NULL, NULL, NULL, NULL, NULL, NULL, NULL, NULL, NULL, 1, 6300000, NULL, NULL, NULL, NULL, NULL, NULL, NULL, NULL, NULL, NULL, '2025-09-02 08:06:12', 'superadmin', '2025-09-02 08:06:12', 'superadmin', 1),
	(420, NULL, 376, 32, 43, NULL, NULL, 1, 0, 10, 3500000, 3500000, 0, 1, NULL, NULL, NULL, NULL, NULL, NULL, NULL, NULL, NULL, NULL, NULL, NULL, NULL, NULL, NULL, NULL, NULL, NULL, NULL, NULL, 1, 3500000, NULL, NULL, NULL, NULL, '2025-09-02 08:06:51', 'superadmin', '2025-09-02 08:06:51', 'superadmin', 1),
	(421, NULL, 377, 32, 43, NULL, NULL, 1, 0, 1, 1377000, 1377000, 0, 1, NULL, NULL, NULL, NULL, NULL, NULL, NULL, NULL, NULL, NULL, NULL, NULL, 1, 1377000, NULL, NULL, NULL, NULL, NULL, NULL, NULL, NULL, NULL, NULL, NULL, NULL, '2025-09-02 08:07:21', 'superadmin', '2025-09-02 08:07:21', 'superadmin', 1),
	(422, NULL, 378, 32, 43, NULL, NULL, 3, 0, 1, 9858000, 29574000, 0, 1, NULL, NULL, NULL, NULL, NULL, NULL, NULL, NULL, NULL, NULL, NULL, NULL, 3, 29574000, NULL, NULL, NULL, NULL, NULL, NULL, NULL, NULL, NULL, NULL, NULL, NULL, '2025-09-02 08:07:55', 'superadmin', '2025-09-02 08:07:55', 'superadmin', 1),
	(423, NULL, 379, 32, 43, NULL, NULL, 3, 0, 15, 1500000, 4500000, 0, 1, NULL, NULL, NULL, NULL, NULL, NULL, NULL, NULL, 3, 4500000, NULL, NULL, NULL, NULL, NULL, NULL, NULL, NULL, NULL, NULL, NULL, NULL, NULL, NULL, NULL, NULL, '2025-09-02 08:08:40', 'superadmin', '2025-09-02 08:08:40', 'superadmin', 1),
	(424, NULL, 380, 32, 43, NULL, NULL, 1, 0, 15, 8851000, 8851000, 0, 1, NULL, NULL, NULL, NULL, NULL, NULL, NULL, NULL, 1, 8851000, NULL, NULL, NULL, NULL, NULL, NULL, NULL, NULL, NULL, NULL, NULL, NULL, NULL, NULL, NULL, NULL, '2025-09-02 08:09:19', 'superadmin', '2025-09-02 08:09:19', 'superadmin', 1),
	(425, NULL, 381, 32, 43, NULL, NULL, 1, 0, 10, 3300000, 3300000, 0, 1, NULL, NULL, NULL, NULL, NULL, NULL, NULL, NULL, 1, 3300000, NULL, NULL, NULL, NULL, NULL, NULL, NULL, NULL, NULL, NULL, NULL, NULL, NULL, NULL, NULL, NULL, '2025-09-02 08:09:52', 'superadmin', '2025-09-02 08:09:52', 'superadmin', 1),
	(426, NULL, 382, 32, 43, NULL, NULL, 1, 0, 16, 720000, 720000, 0, 1, NULL, NULL, NULL, NULL, NULL, NULL, NULL, NULL, NULL, NULL, NULL, NULL, NULL, NULL, NULL, NULL, NULL, NULL, NULL, NULL, 1, 720000, NULL, NULL, NULL, NULL, '2025-09-02 08:10:33', 'superadmin', '2025-09-02 08:10:33', 'superadmin', 1),
	(427, NULL, 383, 32, 43, NULL, NULL, 3, 0, 10, 4664000, 13992000, 0, 1, NULL, NULL, NULL, NULL, NULL, NULL, NULL, NULL, 3, 13992000, NULL, NULL, NULL, NULL, NULL, NULL, NULL, NULL, NULL, NULL, NULL, NULL, NULL, NULL, NULL, NULL, '2025-09-02 08:11:16', 'superadmin', '2025-09-02 08:11:16', 'superadmin', 1),
	(428, NULL, 384, 32, 43, NULL, NULL, 1, 0, 15, 65958000, 65958000, 0, 1, NULL, NULL, NULL, NULL, NULL, NULL, NULL, NULL, NULL, NULL, NULL, NULL, NULL, NULL, 1, 65958000, NULL, NULL, NULL, NULL, NULL, NULL, NULL, NULL, NULL, NULL, '2025-09-02 08:11:50', 'superadmin', '2025-09-02 08:11:50', 'superadmin', 1),
	(429, NULL, 385, 32, 43, NULL, NULL, 10, 0, 10, 650000, 6500000, 0, 1, NULL, NULL, NULL, NULL, NULL, NULL, NULL, NULL, 10, 6500000, NULL, NULL, NULL, NULL, NULL, NULL, NULL, NULL, NULL, NULL, NULL, NULL, NULL, NULL, NULL, NULL, '2025-09-02 08:12:34', 'superadmin', '2025-09-02 08:12:34', 'superadmin', 1),
	(430, NULL, 386, 32, 43, NULL, NULL, 8, 0, 22, 2500000, 20000000, 0, 1, NULL, NULL, NULL, NULL, NULL, NULL, NULL, NULL, 8, 20000000, NULL, NULL, NULL, NULL, NULL, NULL, NULL, NULL, NULL, NULL, NULL, NULL, NULL, NULL, NULL, NULL, '2025-09-02 08:13:09', 'superadmin', '2025-09-02 08:13:09', 'superadmin', 1),
	(431, NULL, 387, 32, 43, NULL, NULL, 2, 0, 1, 795000, 1590000, 0, 1, NULL, NULL, NULL, NULL, NULL, NULL, NULL, NULL, 2, 1590000, NULL, NULL, NULL, NULL, NULL, NULL, NULL, NULL, NULL, NULL, NULL, NULL, NULL, NULL, NULL, NULL, '2025-09-02 08:13:45', 'superadmin', '2025-09-02 08:13:45', 'superadmin', 1),
	(432, NULL, 388, 32, 43, NULL, NULL, 2, 0, 22, 3710000, 7420000, 0, 1, NULL, NULL, NULL, NULL, NULL, NULL, NULL, NULL, 2, 7420000, NULL, NULL, NULL, NULL, NULL, NULL, NULL, NULL, NULL, NULL, NULL, NULL, NULL, NULL, NULL, NULL, '2025-09-02 08:15:26', 'superadmin', '2025-09-02 08:15:26', 'superadmin', 1),
	(433, NULL, 1171, 32, 43, NULL, NULL, 1, 0, 22, 750000, 750000, 0, 1, NULL, NULL, NULL, NULL, NULL, NULL, NULL, NULL, 1, 750000, NULL, NULL, NULL, NULL, NULL, NULL, NULL, NULL, NULL, NULL, NULL, NULL, NULL, NULL, NULL, NULL, '2025-09-02 08:16:16', 'superadmin', '2025-09-02 08:16:16', 'superadmin', 1),
	(434, NULL, 391, 32, 43, NULL, NULL, 1, 0, 1, 18500000, 18500000, 0, 1, NULL, NULL, NULL, NULL, NULL, NULL, NULL, NULL, 1, 18500000, NULL, NULL, NULL, NULL, NULL, NULL, NULL, NULL, NULL, NULL, NULL, NULL, NULL, NULL, NULL, NULL, '2025-09-02 08:16:51', 'superadmin', '2025-09-02 08:16:51', 'superadmin', 1),
	(435, NULL, 392, 32, 43, NULL, NULL, 1, 0, 1, 4000000, 4000000, 0, 1, NULL, NULL, NULL, NULL, NULL, NULL, NULL, NULL, NULL, NULL, NULL, NULL, 1, 4000000, NULL, NULL, NULL, NULL, NULL, NULL, NULL, NULL, NULL, NULL, NULL, NULL, '2025-09-02 08:17:21', 'superadmin', '2025-09-02 08:17:21', 'superadmin', 1),
	(436, NULL, 394, 32, 43, NULL, NULL, 3, 0, 1, 13418250, 40254750, 0, 1, NULL, NULL, NULL, NULL, NULL, NULL, NULL, NULL, NULL, NULL, NULL, NULL, 3, 40254750, NULL, NULL, NULL, NULL, NULL, NULL, NULL, NULL, NULL, NULL, NULL, NULL, '2025-09-02 08:17:59', 'superadmin', '2025-09-02 08:17:59', 'superadmin', 1),
	(437, NULL, 396, 32, 43, NULL, NULL, 1, 0, 10, 2900000, 2900000, 0, 1, NULL, NULL, NULL, NULL, NULL, NULL, NULL, NULL, 1, 2900000, NULL, NULL, NULL, NULL, NULL, NULL, NULL, NULL, NULL, NULL, NULL, NULL, NULL, NULL, NULL, NULL, '2025-09-02 08:18:29', 'superadmin', '2025-09-02 08:18:29', 'superadmin', 1),
	(438, NULL, 397, 32, 43, NULL, NULL, 1, 0, 15, 8000000, 8000000, 0, 1, NULL, NULL, NULL, NULL, NULL, NULL, NULL, NULL, NULL, NULL, NULL, NULL, 1, 8000000, NULL, NULL, NULL, NULL, NULL, NULL, NULL, NULL, NULL, NULL, NULL, NULL, '2025-09-02 08:19:01', 'superadmin', '2025-09-02 08:19:01', 'superadmin', 1),
	(439, NULL, 399, 32, 43, NULL, NULL, 1, 0, 1, 485000, 485000, 0, 1, NULL, NULL, NULL, NULL, NULL, NULL, NULL, NULL, NULL, NULL, NULL, NULL, NULL, NULL, 1, 485000, NULL, NULL, NULL, NULL, NULL, NULL, NULL, NULL, NULL, NULL, '2025-09-02 08:19:32', 'superadmin', '2025-09-02 08:19:32', 'superadmin', 1),
	(440, NULL, 400, 32, 43, NULL, NULL, 3, 0, 1, 7000000, 21000000, 0, 1, NULL, NULL, NULL, NULL, NULL, NULL, NULL, NULL, NULL, NULL, NULL, NULL, NULL, NULL, 3, 21000000, NULL, NULL, NULL, NULL, NULL, NULL, NULL, NULL, NULL, NULL, '2025-09-02 08:20:03', 'superadmin', '2025-09-02 08:20:03', 'superadmin', 1),
	(441, NULL, 401, 32, 43, NULL, NULL, 1, 0, 15, 4265000, 4265000, 0, 1, NULL, NULL, NULL, NULL, NULL, NULL, NULL, NULL, 1, 4265000, NULL, NULL, NULL, NULL, NULL, NULL, NULL, NULL, NULL, NULL, NULL, NULL, NULL, NULL, NULL, NULL, '2025-09-02 08:20:28', 'superadmin', '2025-09-02 08:20:28', 'superadmin', 1),
	(442, NULL, 402, 32, 43, NULL, NULL, 15, 0, 22, 422000, 6330000, 0, 1, NULL, NULL, NULL, NULL, NULL, NULL, NULL, NULL, NULL, NULL, 15, 6330000, NULL, NULL, NULL, NULL, NULL, NULL, NULL, NULL, NULL, NULL, NULL, NULL, NULL, NULL, '2025-09-02 08:20:56', 'superadmin', '2025-09-02 08:20:56', 'superadmin', 1),
	(443, NULL, 403, 32, 43, NULL, NULL, 1, 0, 1, 2607600, 2607600, 0, 1, NULL, NULL, NULL, NULL, NULL, NULL, NULL, NULL, NULL, NULL, NULL, NULL, NULL, NULL, 1, 2607600, NULL, NULL, NULL, NULL, NULL, NULL, NULL, NULL, NULL, NULL, '2025-09-02 08:21:27', 'superadmin', '2025-09-02 08:21:27', 'superadmin', 1),
	(444, NULL, 404, 32, 43, NULL, NULL, 1, 0, 1, 1250000, 1250000, 0, 1, NULL, NULL, NULL, NULL, NULL, NULL, NULL, NULL, NULL, NULL, NULL, NULL, NULL, NULL, 1, 1250000, NULL, NULL, NULL, NULL, NULL, NULL, NULL, NULL, NULL, NULL, '2025-09-02 08:22:05', 'superadmin', '2025-09-02 08:22:05', 'superadmin', 1),
	(445, NULL, 405, 32, 43, NULL, NULL, 1, 0, 22, 15700000, 15700000, 0, 1, NULL, NULL, NULL, NULL, NULL, NULL, NULL, NULL, NULL, NULL, NULL, NULL, NULL, NULL, 1, 15700000, NULL, NULL, NULL, NULL, NULL, NULL, NULL, NULL, NULL, NULL, '2025-09-02 08:22:35', 'superadmin', '2025-09-02 08:22:35', 'superadmin', 1),
	(446, NULL, 406, 32, 43, NULL, NULL, 2, 0, 22, 5000000, 10000000, 0, 1, NULL, NULL, NULL, NULL, NULL, NULL, NULL, NULL, NULL, NULL, NULL, NULL, 2, 10000000, NULL, NULL, NULL, NULL, NULL, NULL, NULL, NULL, NULL, NULL, NULL, NULL, '2025-09-02 08:23:20', 'superadmin', '2025-09-02 08:23:20', 'superadmin', 1),
	(447, NULL, 407, 32, 43, NULL, NULL, 21, 0, 1, 510000, 10710000, 0, 1, NULL, NULL, NULL, NULL, NULL, NULL, NULL, NULL, NULL, NULL, NULL, NULL, 21, 10710000, NULL, NULL, NULL, NULL, NULL, NULL, NULL, NULL, NULL, NULL, NULL, NULL, '2025-09-02 08:23:53', 'superadmin', '2025-09-02 08:23:53', 'superadmin', 1),
	(448, NULL, 408, 32, 43, NULL, NULL, 6, 0, 22, 477000, 2862000, 0, 1, NULL, NULL, NULL, NULL, NULL, NULL, NULL, NULL, 6, 2862000, NULL, NULL, NULL, NULL, NULL, NULL, NULL, NULL, NULL, NULL, NULL, NULL, NULL, NULL, NULL, NULL, '2025-09-02 08:24:33', 'superadmin', '2025-09-02 08:24:33', 'superadmin', 1),
	(449, NULL, 409, 32, 43, NULL, NULL, 2, 0, 15, 999900, 1999800, 0, 1, NULL, NULL, NULL, NULL, NULL, NULL, NULL, NULL, NULL, NULL, NULL, NULL, NULL, NULL, 2, 1999800, NULL, NULL, NULL, NULL, NULL, NULL, NULL, NULL, NULL, NULL, '2025-09-02 08:25:31', 'superadmin', '2025-09-02 08:25:31', 'superadmin', 1),
	(450, NULL, 410, 32, 43, NULL, NULL, 13, 0, 22, 4770000, 62010000, 0, 1, NULL, NULL, NULL, NULL, NULL, NULL, NULL, NULL, NULL, NULL, 13, 62010000, NULL, NULL, NULL, NULL, NULL, NULL, NULL, NULL, NULL, NULL, NULL, NULL, NULL, NULL, '2025-09-02 08:25:59', 'superadmin', '2025-09-02 08:25:59', 'superadmin', 1),
	(451, NULL, 411, 32, 43, NULL, NULL, 3, 0, 22, 6572000, 19716000, 0, 1, NULL, NULL, NULL, NULL, NULL, NULL, NULL, NULL, NULL, NULL, 3, 19716000, NULL, NULL, NULL, NULL, NULL, NULL, NULL, NULL, NULL, NULL, NULL, NULL, NULL, NULL, '2025-09-02 08:26:36', 'superadmin', '2025-09-02 08:26:36', 'superadmin', 1),
	(452, NULL, 1194, 32, 43, NULL, NULL, 6, 0, 1, 1060000, 6360000, 0, 1, NULL, NULL, NULL, NULL, NULL, NULL, NULL, NULL, NULL, NULL, NULL, NULL, NULL, NULL, 6, 6360000, NULL, NULL, NULL, NULL, NULL, NULL, NULL, NULL, NULL, NULL, '2025-09-02 08:27:24', 'superadmin', '2025-09-02 08:27:24', 'superadmin', 1),
	(453, NULL, 413, 32, 43, NULL, NULL, 1, 0, 1, 5247000, 5247000, 0, 1, NULL, NULL, NULL, NULL, NULL, NULL, NULL, NULL, NULL, NULL, NULL, NULL, NULL, NULL, 1, 5247000, NULL, NULL, NULL, NULL, NULL, NULL, NULL, NULL, NULL, NULL, '2025-09-02 08:28:04', 'superadmin', '2025-09-02 08:28:04', 'superadmin', 1),
	(454, NULL, 414, 32, 43, NULL, NULL, 20, 0, 22, 1828500, 36570000, 0, 1, NULL, NULL, NULL, NULL, NULL, NULL, NULL, NULL, NULL, NULL, NULL, NULL, NULL, NULL, NULL, NULL, NULL, NULL, 20, 36570000, NULL, NULL, NULL, NULL, NULL, NULL, '2025-09-02 08:28:35', 'superadmin', '2025-09-02 08:28:35', 'superadmin', 1),
	(455, NULL, 415, 32, 43, NULL, NULL, 8, 0, 1, 700000, 5600000, 0, 1, NULL, NULL, NULL, NULL, NULL, NULL, NULL, NULL, NULL, NULL, NULL, NULL, NULL, NULL, NULL, NULL, 8, 5600000, NULL, NULL, NULL, NULL, NULL, NULL, NULL, NULL, '2025-09-02 08:29:03', 'superadmin', '2025-09-02 08:29:03', 'superadmin', 1),
	(456, NULL, 416, 32, 43, NULL, NULL, 2, 0, 1, 1300000, 2600000, 0, 1, NULL, NULL, NULL, NULL, NULL, NULL, NULL, NULL, 2, 2600000, NULL, NULL, NULL, NULL, NULL, NULL, NULL, NULL, NULL, NULL, NULL, NULL, NULL, NULL, NULL, NULL, '2025-09-02 08:29:37', 'superadmin', '2025-09-02 08:29:37', 'superadmin', 1),
	(457, NULL, 417, 32, 43, NULL, NULL, 1, 0, 1, 500000, 500000, 0, 1, NULL, NULL, NULL, NULL, NULL, NULL, NULL, NULL, NULL, NULL, NULL, NULL, NULL, NULL, NULL, NULL, 1, 500000, NULL, NULL, NULL, NULL, NULL, NULL, NULL, NULL, '2025-09-02 08:30:07', 'superadmin', '2025-09-02 08:30:07', 'superadmin', 1),
	(458, NULL, 230, 32, 41, NULL, NULL, 10, 0, 22, 127500, 1275000, 0, 1, NULL, NULL, NULL, NULL, NULL, NULL, NULL, NULL, NULL, NULL, NULL, NULL, NULL, NULL, 10, 1275000, NULL, NULL, NULL, NULL, NULL, NULL, NULL, NULL, NULL, NULL, '2025-09-02 08:33:08', 'superadmin', '2025-09-02 08:33:08', 'superadmin', 1),
	(459, NULL, 418, 33, 44, NULL, NULL, 50, 0, 3, 100000, 5000000, 0, 1, NULL, NULL, NULL, NULL, NULL, NULL, NULL, NULL, NULL, NULL, 50, 5000000, NULL, NULL, NULL, NULL, NULL, NULL, NULL, NULL, NULL, NULL, NULL, NULL, NULL, NULL, '2025-09-02 08:34:23', 'superadmin', '2025-09-02 08:34:23', 'superadmin', 1),
	(460, NULL, 419, 33, 44, NULL, NULL, 70, 0, 3, 20000, 1400000, 0, 1, NULL, NULL, NULL, NULL, NULL, NULL, NULL, NULL, NULL, NULL, 70, 1400000, NULL, NULL, NULL, NULL, NULL, NULL, NULL, NULL, NULL, NULL, NULL, NULL, NULL, NULL, '2025-09-02 08:34:49', 'superadmin', '2025-09-02 08:34:49', 'superadmin', 1),
	(461, NULL, 420, 33, 44, NULL, NULL, 70, 0, 3, 40000, 2800000, 0, 1, NULL, NULL, NULL, NULL, NULL, NULL, NULL, NULL, NULL, NULL, 70, 2800000, NULL, NULL, NULL, NULL, NULL, NULL, NULL, NULL, NULL, NULL, NULL, NULL, NULL, NULL, '2025-09-02 08:35:22', 'superadmin', '2025-09-02 08:35:22', 'superadmin', 1),
	(462, NULL, 421, 33, 44, NULL, NULL, 2, 0, 3, 450000, 900000, 0, 1, NULL, NULL, NULL, NULL, NULL, NULL, NULL, NULL, NULL, NULL, 2, 900000, NULL, NULL, NULL, NULL, NULL, NULL, NULL, NULL, NULL, NULL, NULL, NULL, NULL, NULL, '2025-09-02 08:35:44', 'superadmin', '2025-09-02 08:35:44', 'superadmin', 1),
	(463, NULL, 422, 34, 45, NULL, NULL, 154, 0, 14, 29500, 4543000, 0, 1, NULL, NULL, NULL, NULL, 100, 2950000, NULL, NULL, NULL, NULL, NULL, NULL, NULL, NULL, NULL, NULL, 54, 1593000, NULL, NULL, NULL, NULL, NULL, NULL, NULL, NULL, '2025-09-02 08:37:10', 'superadmin', '2025-09-02 08:37:10', 'superadmin', 1),
	(464, NULL, 423, 34, 45, NULL, NULL, 155, 0, 14, 14500, 2247500, 0, 1, NULL, NULL, NULL, NULL, 100, 1450000, NULL, NULL, NULL, NULL, NULL, NULL, NULL, NULL, NULL, NULL, 55, 797500, NULL, NULL, NULL, NULL, NULL, NULL, NULL, NULL, '2025-09-02 08:37:57', 'superadmin', '2025-09-02 08:37:57', 'superadmin', 1),
	(465, NULL, 424, 34, 45, NULL, NULL, 1584, 0, 22, 4000, 6336000, 0, 1, NULL, NULL, NULL, NULL, 800, 3200000, NULL, NULL, NULL, NULL, NULL, NULL, NULL, NULL, NULL, NULL, 784, 3136000, NULL, NULL, NULL, NULL, NULL, NULL, NULL, NULL, '2025-09-02 08:39:12', 'superadmin', '2025-09-02 08:39:12', 'superadmin', 1),
	(466, NULL, 425, 34, 45, NULL, NULL, 20, 0, 22, 22000, 440000, 0, 1, NULL, NULL, NULL, NULL, 10, 220000, NULL, NULL, NULL, NULL, NULL, NULL, NULL, NULL, NULL, NULL, 10, 220000, NULL, NULL, NULL, NULL, NULL, NULL, NULL, NULL, '2025-09-02 08:39:41', 'superadmin', '2025-09-02 08:39:41', 'superadmin', 1),
	(467, NULL, 426, 34, 45, NULL, NULL, 5, 0, 14, 2500, 12500, 0, 1, NULL, NULL, NULL, NULL, 5, 12500, NULL, NULL, NULL, NULL, NULL, NULL, NULL, NULL, NULL, NULL, NULL, NULL, NULL, NULL, NULL, NULL, NULL, NULL, NULL, NULL, '2025-09-02 08:40:09', 'superadmin', '2025-09-02 08:40:09', 'superadmin', 1),
	(468, NULL, 427, 34, 45, NULL, NULL, 35, 0, 14, 4500, 157500, 0, 1, NULL, NULL, NULL, NULL, 20, 90000, NULL, NULL, NULL, NULL, NULL, NULL, NULL, NULL, NULL, NULL, 15, 67500, NULL, NULL, NULL, NULL, NULL, NULL, NULL, NULL, '2025-09-02 08:40:43', 'superadmin', '2025-09-02 08:40:43', 'superadmin', 1),
	(469, NULL, 428, 34, 45, NULL, NULL, 75, 0, 14, 6500, 487500, 0, 1, NULL, NULL, NULL, NULL, 40, 260000, NULL, NULL, NULL, NULL, NULL, NULL, NULL, NULL, NULL, NULL, 35, 227500, NULL, NULL, NULL, NULL, NULL, NULL, NULL, NULL, '2025-09-02 08:42:47', 'superadmin', '2025-09-02 08:42:47', 'superadmin', 1),
	(470, NULL, 429, 34, 45, NULL, NULL, 74, 0, 14, 10000, 740000, 0, 1, NULL, NULL, NULL, NULL, 40, 400000, NULL, NULL, NULL, NULL, NULL, NULL, NULL, NULL, NULL, NULL, 34, 340000, NULL, NULL, NULL, NULL, NULL, NULL, NULL, NULL, '2025-09-02 08:43:18', 'superadmin', '2025-09-02 08:43:18', 'superadmin', 1),
	(471, NULL, 430, 34, 45, NULL, NULL, 83, 0, 14, 16000, 1328000, 0, 1, NULL, NULL, NULL, NULL, 40, 640000, NULL, NULL, NULL, NULL, NULL, NULL, NULL, NULL, NULL, NULL, 43, 688000, NULL, NULL, NULL, NULL, NULL, NULL, NULL, NULL, '2025-09-02 08:43:48', 'superadmin', '2025-09-02 08:43:48', 'superadmin', 1),
	(472, NULL, 431, 34, 45, NULL, NULL, 118, 0, 14, 17000, 2006000, 0, 1, NULL, NULL, NULL, NULL, 60, 1020000, NULL, NULL, NULL, NULL, NULL, NULL, NULL, NULL, NULL, NULL, 58, 986000, NULL, NULL, NULL, NULL, NULL, NULL, NULL, NULL, '2025-09-02 08:44:25', 'superadmin', '2025-09-02 08:44:25', 'superadmin', 1),
	(473, NULL, 432, 34, 45, NULL, NULL, 81, 0, 22, 10000, 810000, 0, 1, NULL, NULL, NULL, NULL, 40, 400000, NULL, NULL, NULL, NULL, NULL, NULL, NULL, NULL, NULL, NULL, 41, 410000, NULL, NULL, NULL, NULL, NULL, NULL, NULL, NULL, '2025-09-02 08:45:02', 'superadmin', '2025-09-02 08:45:02', 'superadmin', 1),
	(474, NULL, 433, 34, 45, NULL, NULL, 246, 0, 22, 20000, 4920000, 0, 1, NULL, NULL, NULL, NULL, 150, 3000000, NULL, NULL, NULL, NULL, NULL, NULL, NULL, NULL, NULL, NULL, 96, 1920000, NULL, NULL, NULL, NULL, NULL, NULL, NULL, NULL, '2025-09-02 08:45:46', 'superadmin', '2025-09-02 08:45:46', 'superadmin', 1),
	(475, NULL, 434, 34, 45, NULL, NULL, 785, 0, 22, 35000, 27475000, 0, 1, NULL, NULL, NULL, NULL, 400, 14000000, NULL, NULL, NULL, NULL, NULL, NULL, NULL, NULL, NULL, NULL, 385, 13475000, NULL, NULL, NULL, NULL, NULL, NULL, NULL, NULL, '2025-09-02 08:46:38', 'superadmin', '2025-09-02 08:46:38', 'superadmin', 1),
	(476, NULL, 435, 34, 45, NULL, NULL, 107, 0, 10, 12000, 1284000, 0, 1, NULL, NULL, NULL, NULL, 60, 720000, NULL, NULL, NULL, NULL, NULL, NULL, NULL, NULL, NULL, NULL, 47, 564000, NULL, NULL, NULL, NULL, NULL, NULL, NULL, NULL, '2025-09-02 08:47:21', 'superadmin', '2025-09-02 08:47:21', 'superadmin', 1),
	(477, NULL, 436, 34, 45, NULL, NULL, 18, 0, 22, 10000, 180000, 0, 1, NULL, NULL, NULL, NULL, 10, 100000, NULL, NULL, NULL, NULL, NULL, NULL, NULL, NULL, NULL, NULL, 8, 80000, NULL, NULL, NULL, NULL, NULL, NULL, NULL, NULL, '2025-09-02 08:48:04', 'superadmin', '2025-09-02 08:48:04', 'superadmin', 1),
	(478, NULL, 437, 34, 45, NULL, NULL, 7, 0, 22, 43000, 301000, 0, 1, NULL, NULL, NULL, NULL, 7, 301000, NULL, NULL, NULL, NULL, NULL, NULL, NULL, NULL, NULL, NULL, NULL, NULL, NULL, NULL, NULL, NULL, NULL, NULL, NULL, NULL, '2025-09-02 08:48:31', 'superadmin', '2025-09-02 08:48:31', 'superadmin', 1),
	(479, NULL, 438, 34, 45, NULL, NULL, 1, 0, 22, 53000, 53000, 0, 1, NULL, NULL, NULL, NULL, 1, 53000, NULL, NULL, NULL, NULL, NULL, NULL, NULL, NULL, NULL, NULL, NULL, NULL, NULL, NULL, NULL, NULL, NULL, NULL, NULL, NULL, '2025-09-02 08:48:56', 'superadmin', '2025-09-02 08:48:56', 'superadmin', 1),
	(480, NULL, 439, 34, 45, NULL, NULL, 10, 0, 22, 53000, 530000, 0, 1, NULL, NULL, NULL, NULL, 10, 530000, NULL, NULL, NULL, NULL, NULL, NULL, NULL, NULL, NULL, NULL, NULL, NULL, NULL, NULL, NULL, NULL, NULL, NULL, NULL, NULL, '2025-09-02 08:49:39', 'superadmin', '2025-09-02 08:49:39', 'superadmin', 1),
	(481, NULL, 440, 34, 45, NULL, NULL, 12, 0, 10, 32000, 384000, 0, 1, NULL, NULL, NULL, NULL, 12, 384000, NULL, NULL, NULL, NULL, NULL, NULL, NULL, NULL, NULL, NULL, NULL, NULL, NULL, NULL, NULL, NULL, NULL, NULL, NULL, NULL, '2025-09-02 08:50:18', 'superadmin', '2025-09-02 08:50:18', 'superadmin', 1),
	(482, NULL, 441, 34, 45, NULL, NULL, 7, 0, 22, 20000, 140000, 0, 1, NULL, NULL, NULL, NULL, 7, 140000, NULL, NULL, NULL, NULL, NULL, NULL, NULL, NULL, NULL, NULL, NULL, NULL, NULL, NULL, NULL, NULL, NULL, NULL, NULL, NULL, '2025-09-02 08:50:59', 'superadmin', '2025-09-02 08:50:59', 'superadmin', 1),
	(483, NULL, 442, 34, 45, NULL, NULL, 7, 0, 22, 10000, 70000, 0, 1, NULL, NULL, NULL, NULL, 7, 70000, NULL, NULL, NULL, NULL, NULL, NULL, NULL, NULL, NULL, NULL, NULL, NULL, NULL, NULL, NULL, NULL, NULL, NULL, NULL, NULL, '2025-09-02 08:51:29', 'superadmin', '2025-09-02 08:51:29', 'superadmin', 1),
	(484, NULL, 443, 34, 45, NULL, NULL, 39, 0, 22, 150000, 5850000, 0, 1, NULL, NULL, NULL, NULL, 39, 5850000, NULL, NULL, NULL, NULL, NULL, NULL, NULL, NULL, NULL, NULL, NULL, NULL, NULL, NULL, NULL, NULL, NULL, NULL, NULL, NULL, '2025-09-02 08:52:06', 'superadmin', '2025-09-02 08:52:06', 'superadmin', 1),
	(485, NULL, 444, 34, 45, NULL, NULL, 15, 0, 22, 20000, 300000, 0, 1, NULL, NULL, NULL, NULL, 15, 300000, NULL, NULL, NULL, NULL, NULL, NULL, NULL, NULL, NULL, NULL, NULL, NULL, NULL, NULL, NULL, NULL, NULL, NULL, NULL, NULL, '2025-09-02 08:52:41', 'superadmin', '2025-09-02 08:52:41', 'superadmin', 1),
	(486, NULL, 445, 34, 45, NULL, NULL, 1, 0, 22, 27000, 27000, 0, 1, NULL, NULL, NULL, NULL, 1, 27000, NULL, NULL, NULL, NULL, NULL, NULL, NULL, NULL, NULL, NULL, NULL, NULL, NULL, NULL, NULL, NULL, NULL, NULL, NULL, NULL, '2025-09-02 08:53:19', 'superadmin', '2025-09-02 08:53:19', 'superadmin', 1),
	(487, NULL, 446, 34, 45, NULL, NULL, 16, 0, 10, 17000, 272000, 0, 1, NULL, NULL, NULL, NULL, 16, 272000, NULL, NULL, NULL, NULL, NULL, NULL, NULL, NULL, NULL, NULL, NULL, NULL, NULL, NULL, NULL, NULL, NULL, NULL, NULL, NULL, '2025-09-02 08:53:55', 'superadmin', '2025-09-02 08:53:55', 'superadmin', 1),
	(488, NULL, 447, 34, 45, NULL, NULL, 11, 0, 22, 15000, 165000, 0, 1, NULL, NULL, NULL, NULL, 11, 165000, NULL, NULL, NULL, NULL, NULL, NULL, NULL, NULL, NULL, NULL, NULL, NULL, NULL, NULL, NULL, NULL, NULL, NULL, NULL, NULL, '2025-09-02 08:54:39', 'superadmin', '2025-09-02 08:54:39', 'superadmin', 1),
	(489, NULL, 448, 34, 45, NULL, NULL, 5, 0, 23, 375000, 1875000, 0, 1, NULL, NULL, NULL, NULL, 5, 1875000, NULL, NULL, NULL, NULL, NULL, NULL, NULL, NULL, NULL, NULL, NULL, NULL, NULL, NULL, NULL, NULL, NULL, NULL, NULL, NULL, '2025-09-02 09:01:13', 'superadmin', '2025-09-02 09:01:13', 'superadmin', 1),
	(490, NULL, 449, 34, 45, NULL, NULL, 5, 0, 23, 375000, 1875000, 0, 1, NULL, NULL, NULL, NULL, 5, 1875000, NULL, NULL, NULL, NULL, NULL, NULL, NULL, NULL, NULL, NULL, NULL, NULL, NULL, NULL, NULL, NULL, NULL, NULL, NULL, NULL, '2025-09-02 09:01:48', 'superadmin', '2025-09-02 09:01:48', 'superadmin', 1),
	(491, NULL, 450, 34, 45, NULL, NULL, 25, 0, 23, 300000, 7500000, 0, 1, NULL, NULL, NULL, NULL, 25, 7500000, NULL, NULL, NULL, NULL, NULL, NULL, NULL, NULL, NULL, NULL, NULL, NULL, NULL, NULL, NULL, NULL, NULL, NULL, NULL, NULL, '2025-09-02 09:02:17', 'superadmin', '2025-09-02 09:02:17', 'superadmin', 1),
	(492, NULL, 451, 34, 45, NULL, NULL, 37, 0, 23, 300000, 11100000, 0, 1, NULL, NULL, NULL, NULL, 37, 11100000, NULL, NULL, NULL, NULL, NULL, NULL, NULL, NULL, NULL, NULL, NULL, NULL, NULL, NULL, NULL, NULL, NULL, NULL, NULL, NULL, '2025-09-02 09:02:57', 'superadmin', '2025-09-02 09:02:57', 'superadmin', 1),
	(493, NULL, 885, 34, 45, NULL, NULL, 19, 0, 10, 180000, 3420000, 0, 1, NULL, NULL, NULL, NULL, 10, 1800000, NULL, NULL, NULL, NULL, NULL, NULL, NULL, NULL, NULL, NULL, 9, 1620000, NULL, NULL, NULL, NULL, NULL, NULL, NULL, NULL, '2025-09-02 09:03:58', 'superadmin', '2025-09-02 09:03:58', 'superadmin', 1),
	(494, NULL, 453, 34, 45, NULL, NULL, 46, 0, 22, 12000, 552000, 0, 1, NULL, NULL, NULL, NULL, 25, 300000, NULL, NULL, NULL, NULL, NULL, NULL, NULL, NULL, NULL, NULL, 21, 252000, NULL, NULL, NULL, NULL, NULL, NULL, NULL, NULL, '2025-09-02 09:04:26', 'superadmin', '2025-09-02 09:04:26', 'superadmin', 1),
	(495, NULL, 454, 34, 45, NULL, NULL, 300, 0, 10, 28700, 8610000, 0, 1, NULL, NULL, NULL, NULL, 300, 8610000, NULL, NULL, NULL, NULL, NULL, NULL, NULL, NULL, NULL, NULL, NULL, NULL, NULL, NULL, NULL, NULL, NULL, NULL, NULL, NULL, '2025-09-02 09:04:57', 'superadmin', '2025-09-02 09:04:57', 'superadmin', 1),
	(496, NULL, 455, 34, 45, NULL, NULL, 26, 0, 8, 30000, 780000, 0, 1, NULL, NULL, NULL, NULL, 15, 450000, NULL, NULL, NULL, NULL, NULL, NULL, NULL, NULL, NULL, NULL, 11, 330000, NULL, NULL, NULL, NULL, NULL, NULL, NULL, NULL, '2025-09-02 09:05:42', 'superadmin', '2025-09-02 09:05:42', 'superadmin', 1),
	(497, NULL, 456, 34, 45, NULL, NULL, 3896, 0, 14, 3500, 13636000, 0, 1, NULL, NULL, NULL, NULL, 2000, 7000000, NULL, NULL, NULL, NULL, NULL, NULL, NULL, NULL, NULL, NULL, 1896, 6636000, NULL, NULL, NULL, NULL, NULL, NULL, NULL, NULL, '2025-09-02 09:06:24', 'superadmin', '2025-09-02 09:06:24', 'superadmin', 1),
	(498, NULL, 457, 34, 45, NULL, NULL, 4, 0, 14, 6500, 26000, 0, 1, NULL, NULL, NULL, NULL, 4, 26000, NULL, NULL, NULL, NULL, NULL, NULL, NULL, NULL, NULL, NULL, NULL, NULL, NULL, NULL, NULL, NULL, NULL, NULL, NULL, NULL, '2025-09-02 09:06:50', 'superadmin', '2025-09-02 09:06:50', 'superadmin', 1),
	(499, NULL, 1067, 34, 45, NULL, NULL, 67, 0, 8, 10500, 703500, 0, 1, NULL, NULL, NULL, NULL, 40, 420000, NULL, NULL, NULL, NULL, NULL, NULL, NULL, NULL, NULL, NULL, 27, 283500, NULL, NULL, NULL, NULL, NULL, NULL, NULL, NULL, '2025-09-02 09:07:38', 'superadmin', '2025-09-02 09:07:38', 'superadmin', 1),
	(500, NULL, 459, 34, 45, NULL, NULL, 18, 0, 10, 150000, 2700000, 0, 1, NULL, NULL, NULL, NULL, 10, 1500000, NULL, NULL, NULL, NULL, NULL, NULL, NULL, NULL, NULL, NULL, 8, 1200000, NULL, NULL, NULL, NULL, NULL, NULL, NULL, NULL, '2025-09-02 09:08:11', 'superadmin', '2025-09-02 09:08:11', 'superadmin', 1),
	(501, NULL, 460, 34, 45, NULL, NULL, 383, 0, 22, 200000, 76600000, 0, 1, NULL, NULL, NULL, NULL, 200, 40000000, NULL, NULL, NULL, NULL, NULL, NULL, NULL, NULL, NULL, NULL, 183, 36600000, NULL, NULL, NULL, NULL, NULL, NULL, NULL, NULL, '2025-09-02 09:08:47', 'superadmin', '2025-09-02 09:08:47', 'superadmin', 1),
	(502, NULL, 461, 34, 45, NULL, NULL, 1, 0, 16, 2000000, 2000000, 0, 1, NULL, NULL, NULL, NULL, 1, 2000000, NULL, NULL, NULL, NULL, NULL, NULL, NULL, NULL, NULL, NULL, NULL, NULL, NULL, NULL, NULL, NULL, NULL, NULL, NULL, NULL, '2025-09-02 09:09:21', 'superadmin', '2025-09-02 09:09:21', 'superadmin', 1),
	(503, NULL, 462, 34, 45, NULL, NULL, 574, 0, 23, 270000, 154980000, 0, 1, NULL, NULL, NULL, NULL, 300, 81000000, NULL, NULL, NULL, NULL, NULL, NULL, NULL, NULL, NULL, NULL, 274, 73980000, NULL, NULL, NULL, NULL, NULL, NULL, NULL, NULL, '2025-09-02 09:10:07', 'superadmin', '2025-09-02 09:10:07', 'superadmin', 1),
	(504, NULL, 463, 34, 45, NULL, NULL, 57, 0, 16, 650000, 37050000, 0, 1, NULL, NULL, NULL, NULL, 30, 19500000, NULL, NULL, NULL, NULL, NULL, NULL, NULL, NULL, NULL, NULL, 27, 17550000, NULL, NULL, NULL, NULL, NULL, NULL, NULL, NULL, '2025-09-02 09:10:46', 'superadmin', '2025-09-02 09:10:46', 'superadmin', 1),
	(505, NULL, 464, 34, 45, NULL, NULL, 1090, 0, 44, 55000, 59950000, 0, 1, NULL, NULL, NULL, NULL, 600, 33000000, NULL, NULL, NULL, NULL, NULL, NULL, NULL, NULL, NULL, NULL, 490, 26950000, NULL, NULL, NULL, NULL, NULL, NULL, NULL, NULL, '2025-09-02 09:11:32', 'superadmin', '2025-09-02 09:11:32', 'superadmin', 1),
	(506, NULL, 465, 34, 45, NULL, NULL, 610, 0, 44, 65000, 39650000, 0, 1, NULL, NULL, NULL, NULL, 350, 22750000, NULL, NULL, NULL, NULL, NULL, NULL, NULL, NULL, NULL, NULL, 260, 16900000, NULL, NULL, NULL, NULL, NULL, NULL, NULL, NULL, '2025-09-02 09:12:22', 'superadmin', '2025-09-02 09:12:22', 'superadmin', 1),
	(507, NULL, 466, 34, 45, NULL, NULL, 405, 0, 44, 60000, 24300000, 0, 1, NULL, NULL, NULL, NULL, 210, 12600000, NULL, NULL, NULL, NULL, NULL, NULL, NULL, NULL, NULL, NULL, 195, 11700000, NULL, NULL, NULL, NULL, NULL, NULL, NULL, NULL, '2025-09-02 09:13:51', 'superadmin', '2025-09-02 09:13:51', 'superadmin', 1),
	(508, NULL, 467, 34, 45, NULL, NULL, 50, 0, 44, 75000, 3750000, 0, 1, NULL, NULL, NULL, NULL, 50, 3750000, NULL, NULL, NULL, NULL, NULL, NULL, NULL, NULL, NULL, NULL, NULL, NULL, NULL, NULL, NULL, NULL, NULL, NULL, NULL, NULL, '2025-09-02 09:14:25', 'superadmin', '2025-09-02 09:14:25', 'superadmin', 1),
	(509, NULL, 468, 34, 45, NULL, NULL, 300000, 0, 27, 200, 60000000, 0, 1, NULL, NULL, NULL, NULL, 15000, 3000000, NULL, NULL, NULL, NULL, NULL, NULL, NULL, NULL, NULL, NULL, 285000, 57000000, NULL, NULL, NULL, NULL, NULL, NULL, NULL, NULL, '2025-09-02 09:15:14', 'superadmin', '2025-09-02 09:15:14', 'superadmin', 1),
	(510, NULL, 469, 34, 45, NULL, NULL, 12, 0, 8, 35000, 420000, 0, 1, NULL, NULL, NULL, NULL, 12, 420000, NULL, NULL, NULL, NULL, NULL, NULL, NULL, NULL, NULL, NULL, NULL, NULL, NULL, NULL, NULL, NULL, NULL, NULL, NULL, NULL, '2025-09-02 09:15:59', 'superadmin', '2025-09-02 09:15:59', 'superadmin', 1),
	(511, NULL, 470, 34, 45, NULL, NULL, 100, 0, 23, 50000, 5000000, 0, 1, NULL, NULL, NULL, NULL, 50, 2500000, NULL, NULL, NULL, NULL, NULL, NULL, NULL, NULL, NULL, NULL, 50, 2500000, NULL, NULL, NULL, NULL, NULL, NULL, NULL, NULL, '2025-09-02 09:16:23', 'superadmin', '2025-09-02 09:16:23', 'superadmin', 1),
	(512, NULL, 471, 34, 45, NULL, NULL, 20, 0, 23, 8500, 170000, 0, 1, NULL, NULL, NULL, NULL, 20, 170000, NULL, NULL, NULL, NULL, NULL, NULL, NULL, NULL, NULL, NULL, NULL, NULL, NULL, NULL, NULL, NULL, NULL, NULL, NULL, NULL, '2025-09-02 09:16:50', 'superadmin', '2025-09-02 09:16:50', 'superadmin', 1),
	(513, NULL, 472, 34, 45, NULL, NULL, 250, 0, 23, 50000, 12500000, 0, 1, NULL, NULL, NULL, NULL, 150, 7500000, NULL, NULL, NULL, NULL, NULL, NULL, NULL, NULL, NULL, NULL, 100, 5000000, NULL, NULL, NULL, NULL, NULL, NULL, NULL, NULL, '2025-09-02 09:17:41', 'superadmin', '2025-09-02 09:17:41', 'superadmin', 1),
	(514, NULL, 473, 34, 45, NULL, NULL, 30, 0, 22, 10000, 300000, 0, 1, NULL, NULL, NULL, NULL, 30, 300000, NULL, NULL, NULL, NULL, NULL, NULL, NULL, NULL, NULL, NULL, NULL, NULL, NULL, NULL, NULL, NULL, NULL, NULL, NULL, NULL, '2025-09-02 09:18:04', 'superadmin', '2025-09-02 09:18:04', 'superadmin', 1),
	(515, NULL, 474, 34, 45, NULL, NULL, 30, 0, 28, 50000, 1500000, 0, 1, NULL, NULL, NULL, NULL, 30, 1500000, NULL, NULL, NULL, NULL, NULL, NULL, NULL, NULL, NULL, NULL, NULL, NULL, NULL, NULL, NULL, NULL, NULL, NULL, NULL, NULL, '2025-09-02 09:18:42', 'superadmin', '2025-09-02 09:18:42', 'superadmin', 1),
	(516, NULL, 475, 34, 45, NULL, NULL, 324, 0, 23, 250000, 81000000, 0, 1, NULL, NULL, NULL, NULL, 200, 50000000, NULL, NULL, NULL, NULL, NULL, NULL, NULL, NULL, NULL, NULL, 124, 31000000, NULL, NULL, NULL, NULL, NULL, NULL, NULL, NULL, '2025-09-02 09:20:21', 'superadmin', '2025-09-02 09:20:21', 'superadmin', 1),
	(517, NULL, 476, 34, 45, NULL, NULL, 150, 0, 10, 25000, 3750000, 0, 1, NULL, NULL, NULL, NULL, 100, 2500000, NULL, NULL, NULL, NULL, NULL, NULL, NULL, NULL, NULL, NULL, 50, 1250000, NULL, NULL, NULL, NULL, NULL, NULL, NULL, NULL, '2025-09-02 09:21:05', 'superadmin', '2025-09-02 09:21:05', 'superadmin', 1),
	(518, NULL, 477, 34, 45, NULL, NULL, 21, 0, 10, 8000, 168000, 0, 1, NULL, NULL, NULL, NULL, 21, 168000, NULL, NULL, NULL, NULL, NULL, NULL, NULL, NULL, NULL, NULL, NULL, NULL, NULL, NULL, NULL, NULL, NULL, NULL, NULL, NULL, '2025-09-02 09:21:38', 'superadmin', '2025-09-02 09:21:38', 'superadmin', 1),
	(519, NULL, 478, 34, 45, NULL, NULL, 90, 0, 22, 15000, 1350000, 0, 1, NULL, NULL, NULL, NULL, 50, 750000, NULL, NULL, NULL, NULL, NULL, NULL, NULL, NULL, NULL, NULL, 40, 600000, NULL, NULL, NULL, NULL, NULL, NULL, NULL, NULL, '2025-09-02 09:22:16', 'superadmin', '2025-09-02 09:22:16', 'superadmin', 1),
	(520, NULL, 479, 34, 45, NULL, NULL, 90, 0, 10, 13000, 1170000, 0, 1, NULL, NULL, NULL, NULL, 50, 650000, NULL, NULL, NULL, NULL, NULL, NULL, NULL, NULL, NULL, NULL, 40, 520000, NULL, NULL, NULL, NULL, NULL, NULL, NULL, NULL, '2025-09-02 09:23:08', 'superadmin', '2025-09-02 09:23:08', 'superadmin', 1),
	(521, NULL, 480, 34, 45, NULL, NULL, 48, 0, 10, 25000, 1200000, 0, 1, NULL, NULL, NULL, NULL, 30, 750000, NULL, NULL, NULL, NULL, NULL, NULL, NULL, NULL, NULL, NULL, 18, 450000, NULL, NULL, NULL, NULL, NULL, NULL, NULL, NULL, '2025-09-02 09:24:21', 'superadmin', '2025-09-02 09:24:21', 'superadmin', 1),
	(522, NULL, 481, 34, 45, NULL, NULL, 23, 0, 22, 6000, 138000, 0, 1, NULL, NULL, NULL, NULL, 23, 138000, NULL, NULL, NULL, NULL, NULL, NULL, NULL, NULL, NULL, NULL, NULL, NULL, NULL, NULL, NULL, NULL, NULL, NULL, NULL, NULL, '2025-09-02 09:24:49', 'superadmin', '2025-09-02 09:24:49', 'superadmin', 1),
	(523, NULL, 482, 34, 45, NULL, NULL, 5, 0, 22, 6000, 30000, 0, 1, NULL, NULL, NULL, NULL, 5, 30000, NULL, NULL, NULL, NULL, NULL, NULL, NULL, NULL, NULL, NULL, NULL, NULL, NULL, NULL, NULL, NULL, NULL, NULL, NULL, NULL, '2025-09-02 09:25:12', 'superadmin', '2025-09-02 09:25:12', 'superadmin', 1),
	(524, NULL, 483, 34, 45, NULL, NULL, 62, 0, 10, 9000, 558000, 0, 1, NULL, NULL, NULL, NULL, 62, 558000, NULL, NULL, NULL, NULL, NULL, NULL, NULL, NULL, NULL, NULL, NULL, NULL, NULL, NULL, NULL, NULL, NULL, NULL, NULL, NULL, '2025-09-02 09:25:53', 'superadmin', '2025-09-02 09:25:53', 'superadmin', 1),
	(525, NULL, 484, 34, 45, NULL, NULL, 907, 0, 30, 10000, 9070000, 0, 1, NULL, NULL, NULL, NULL, 500, 5000000, NULL, NULL, NULL, NULL, NULL, NULL, NULL, NULL, NULL, NULL, 407, 4070000, NULL, NULL, NULL, NULL, NULL, NULL, NULL, NULL, '2025-09-02 09:26:49', 'superadmin', '2025-09-02 09:26:49', 'superadmin', 1),
	(526, NULL, 485, 34, 45, NULL, NULL, 100, 0, 10, 50000, 5000000, 0, 1, NULL, NULL, NULL, NULL, 50, 2500000, NULL, NULL, NULL, NULL, NULL, NULL, NULL, NULL, NULL, NULL, 50, 2500000, NULL, NULL, NULL, NULL, NULL, NULL, NULL, NULL, '2025-09-02 09:27:31', 'superadmin', '2025-09-02 09:27:31', 'superadmin', 1),
	(527, NULL, 486, 34, 45, NULL, NULL, 9, 0, 22, 15500, 139500, 0, 1, NULL, NULL, NULL, NULL, 9, 139500, NULL, NULL, NULL, NULL, NULL, NULL, NULL, NULL, NULL, NULL, NULL, NULL, NULL, NULL, NULL, NULL, NULL, NULL, NULL, NULL, '2025-09-02 09:28:43', 'superadmin', '2025-09-02 09:28:43', 'superadmin', 1),
	(528, NULL, 487, 34, 45, NULL, NULL, 464, 0, 10, 6000, 2784000, 0, 1, NULL, NULL, NULL, NULL, 300, 1800000, NULL, NULL, NULL, NULL, NULL, NULL, NULL, NULL, NULL, NULL, 164, 984000, NULL, NULL, NULL, NULL, NULL, NULL, NULL, NULL, '2025-09-02 09:29:18', 'superadmin', '2025-09-02 09:29:18', 'superadmin', 1),
	(529, NULL, 488, 34, 45, NULL, NULL, 126, 0, 14, 4500, 567000, 0, 1, NULL, NULL, NULL, NULL, 70, 315000, NULL, NULL, NULL, NULL, NULL, NULL, NULL, NULL, NULL, NULL, 56, 252000, NULL, NULL, NULL, NULL, NULL, NULL, NULL, NULL, '2025-09-02 09:29:55', 'superadmin', '2025-09-02 09:29:55', 'superadmin', 1),
	(530, NULL, 489, 34, 45, NULL, NULL, 9, 0, 22, 8000, 72000, 0, 1, NULL, NULL, NULL, NULL, 9, 72000, NULL, NULL, NULL, NULL, NULL, NULL, NULL, NULL, NULL, NULL, NULL, NULL, NULL, NULL, NULL, NULL, NULL, NULL, NULL, NULL, '2025-09-02 09:30:38', 'superadmin', '2025-09-02 09:30:38', 'superadmin', 1),
	(531, NULL, 490, 34, 45, NULL, NULL, 43, 0, 22, 3000, 129000, 0, 1, NULL, NULL, NULL, NULL, 43, 129000, NULL, NULL, NULL, NULL, NULL, NULL, NULL, NULL, NULL, NULL, NULL, NULL, NULL, NULL, NULL, NULL, NULL, NULL, NULL, NULL, '2025-09-02 09:31:04', 'superadmin', '2025-09-02 09:31:04', 'superadmin', 1),
	(532, NULL, 491, 34, 45, NULL, NULL, 40, 0, 10, 5000, 200000, 0, 1, NULL, NULL, NULL, NULL, 40, 200000, NULL, NULL, NULL, NULL, NULL, NULL, NULL, NULL, NULL, NULL, NULL, NULL, NULL, NULL, NULL, NULL, NULL, NULL, NULL, NULL, '2025-09-02 09:31:44', 'superadmin', '2025-09-02 09:31:44', 'superadmin', 1),
	(533, NULL, 492, 34, 45, NULL, NULL, 15, 0, 22, 5000, 75000, 0, 1, NULL, NULL, NULL, NULL, 15, 75000, NULL, NULL, NULL, NULL, NULL, NULL, NULL, NULL, NULL, NULL, NULL, NULL, NULL, NULL, NULL, NULL, NULL, NULL, NULL, NULL, '2025-09-02 09:32:25', 'superadmin', '2025-09-02 09:32:25', 'superadmin', 1),
	(534, NULL, 493, 34, 45, NULL, NULL, 2, 0, 22, 36000, 72000, 0, 1, NULL, NULL, NULL, NULL, 2, 72000, NULL, NULL, NULL, NULL, NULL, NULL, NULL, NULL, NULL, NULL, NULL, NULL, NULL, NULL, NULL, NULL, NULL, NULL, NULL, NULL, '2025-09-02 09:32:52', 'superadmin', '2025-09-02 09:32:52', 'superadmin', 1),
	(535, NULL, 494, 34, 45, NULL, NULL, 114, 0, 22, 150000, 17100000, 0, 1, NULL, NULL, NULL, NULL, 70, 10500000, NULL, NULL, NULL, NULL, NULL, NULL, NULL, NULL, NULL, NULL, 44, 6600000, NULL, NULL, NULL, NULL, NULL, NULL, NULL, NULL, '2025-09-02 09:33:22', 'superadmin', '2025-09-02 09:33:22', 'superadmin', 1),
	(536, NULL, 495, 34, 45, NULL, NULL, 105, 0, 23, 12000, 1260000, 0, 1, NULL, NULL, NULL, NULL, 60, 720000, NULL, NULL, NULL, NULL, NULL, NULL, NULL, NULL, NULL, NULL, 45, 540000, NULL, NULL, NULL, NULL, NULL, NULL, NULL, NULL, '2025-09-02 09:34:13', 'superadmin', '2025-09-02 09:34:13', 'superadmin', 1),
	(537, NULL, 496, 34, 45, NULL, NULL, 22, 0, 23, 12000, 264000, 0, 1, NULL, NULL, NULL, NULL, 22, 264000, NULL, NULL, NULL, NULL, NULL, NULL, NULL, NULL, NULL, NULL, NULL, NULL, NULL, NULL, NULL, NULL, NULL, NULL, NULL, NULL, '2025-09-02 09:34:41', 'superadmin', '2025-09-02 09:34:41', 'superadmin', 1),
	(538, NULL, 497, 34, 45, NULL, NULL, 28, 0, 23, 12000, 336000, 0, 1, NULL, NULL, NULL, NULL, 28, 336000, NULL, NULL, NULL, NULL, NULL, NULL, NULL, NULL, NULL, NULL, NULL, NULL, NULL, NULL, NULL, NULL, NULL, NULL, NULL, NULL, '2025-09-02 09:35:13', 'superadmin', '2025-09-02 09:35:13', 'superadmin', 1),
	(539, NULL, 498, 34, 45, NULL, NULL, 11, 0, 23, 12000, 132000, 0, 1, NULL, NULL, NULL, NULL, 11, 132000, NULL, NULL, NULL, NULL, NULL, NULL, NULL, NULL, NULL, NULL, NULL, NULL, NULL, NULL, NULL, NULL, NULL, NULL, NULL, NULL, '2025-09-02 09:35:37', 'superadmin', '2025-09-02 09:35:37', 'superadmin', 1),
	(540, NULL, 499, 34, 45, NULL, NULL, 5, 0, 16, 170000, 850000, 0, 1, NULL, NULL, NULL, NULL, 5, 850000, NULL, NULL, NULL, NULL, NULL, NULL, NULL, NULL, NULL, NULL, NULL, NULL, NULL, NULL, NULL, NULL, NULL, NULL, NULL, NULL, '2025-09-02 09:36:28', 'superadmin', '2025-09-02 09:36:28', 'superadmin', 1),
	(541, NULL, 500, 34, 45, NULL, NULL, 151, 0, 10, 12000, 1812000, 0, 1, NULL, NULL, NULL, NULL, 100, 1200000, NULL, NULL, NULL, NULL, NULL, NULL, NULL, NULL, NULL, NULL, 51, 612000, NULL, NULL, NULL, NULL, NULL, NULL, NULL, NULL, '2025-09-02 09:37:02', 'superadmin', '2025-09-02 09:37:02', 'superadmin', 1),
	(542, NULL, 501, 34, 45, NULL, NULL, 4, 0, 16, 1300000, 5200000, 0, 1, NULL, NULL, NULL, NULL, 2, 2600000, NULL, NULL, NULL, NULL, NULL, NULL, NULL, NULL, NULL, NULL, 2, 2600000, NULL, NULL, NULL, NULL, NULL, NULL, NULL, NULL, '2025-09-02 09:39:45', 'superadmin', '2025-09-02 09:39:45', 'superadmin', 1),
	(543, NULL, 502, 34, 45, NULL, NULL, 57, 0, 22, 10000, 570000, 0, 1, NULL, NULL, NULL, NULL, 57, 570000, NULL, NULL, NULL, NULL, NULL, NULL, NULL, NULL, NULL, NULL, NULL, NULL, NULL, NULL, NULL, NULL, NULL, NULL, NULL, NULL, '2025-09-02 09:40:41', 'superadmin', '2025-09-02 09:40:41', 'superadmin', 1),
	(544, NULL, 503, 34, 45, NULL, NULL, 163, 0, 22, 10000, 1630000, 0, 1, NULL, NULL, NULL, NULL, 100, 1000000, NULL, NULL, NULL, NULL, NULL, NULL, NULL, NULL, NULL, NULL, 63, 630000, NULL, NULL, NULL, NULL, NULL, NULL, NULL, NULL, '2025-09-02 09:41:30', 'superadmin', '2025-09-02 09:41:30', 'superadmin', 1),
	(545, NULL, 504, 34, 45, NULL, NULL, 30, 0, 10, 10000, 300000, 0, 1, NULL, NULL, NULL, NULL, 30, 300000, NULL, NULL, NULL, NULL, NULL, NULL, NULL, NULL, NULL, NULL, NULL, NULL, NULL, NULL, NULL, NULL, NULL, NULL, NULL, NULL, '2025-09-02 09:42:00', 'superadmin', '2025-09-02 09:42:00', 'superadmin', 1),
	(546, NULL, 505, 34, 45, NULL, NULL, 95, 0, 10, 97000, 9215000, 0, 1, NULL, NULL, NULL, NULL, 50, 4850000, NULL, NULL, NULL, NULL, NULL, NULL, NULL, NULL, NULL, NULL, 45, 4365000, NULL, NULL, NULL, NULL, NULL, NULL, NULL, NULL, '2025-09-02 09:42:38', 'superadmin', '2025-09-02 09:42:38', 'superadmin', 1),
	(547, NULL, 506, 34, 45, NULL, NULL, 47, 0, 10, 50000, 2350000, 0, 1, NULL, NULL, NULL, NULL, 30, 1500000, NULL, NULL, NULL, NULL, NULL, NULL, NULL, NULL, NULL, NULL, 17, 850000, NULL, NULL, NULL, NULL, NULL, NULL, NULL, NULL, '2025-09-02 09:43:14', 'superadmin', '2025-09-02 09:43:14', 'superadmin', 1),
	(548, NULL, 507, 34, 45, NULL, NULL, 14, 0, 10, 15000, 210000, 0, 1, NULL, NULL, NULL, NULL, 14, 210000, NULL, NULL, NULL, NULL, NULL, NULL, NULL, NULL, NULL, NULL, NULL, NULL, NULL, NULL, NULL, NULL, NULL, NULL, NULL, NULL, '2025-09-02 09:44:40', 'superadmin', '2025-09-02 09:44:40', 'superadmin', 1),
	(549, NULL, 508, 34, 45, NULL, NULL, 32, 0, 22, 12000, 384000, 0, 1, NULL, NULL, NULL, NULL, 32, 384000, NULL, NULL, NULL, NULL, NULL, NULL, NULL, NULL, NULL, NULL, NULL, NULL, NULL, NULL, NULL, NULL, NULL, NULL, NULL, NULL, '2025-09-02 09:45:08', 'superadmin', '2025-09-02 09:45:08', 'superadmin', 1),
	(550, NULL, 509, 34, 45, NULL, NULL, 105, 0, 10, 25000, 2625000, 0, 1, NULL, NULL, NULL, NULL, 60, 1500000, NULL, NULL, NULL, NULL, NULL, NULL, NULL, NULL, NULL, NULL, 45, 1125000, NULL, NULL, NULL, NULL, NULL, NULL, NULL, NULL, '2025-09-02 09:45:48', 'superadmin', '2025-09-02 09:45:48', 'superadmin', 1),
	(551, NULL, 510, 34, 45, NULL, NULL, 8, 0, 10, 70000, 560000, 0, 1, NULL, NULL, NULL, NULL, 8, 560000, NULL, NULL, NULL, NULL, NULL, NULL, NULL, NULL, NULL, NULL, NULL, NULL, NULL, NULL, NULL, NULL, NULL, NULL, NULL, NULL, '2025-09-02 09:46:14', 'superadmin', '2025-09-02 09:46:14', 'superadmin', 1),
	(552, NULL, 511, 34, 45, NULL, NULL, 11, 0, 22, 371000, 4081000, 0, 1, NULL, NULL, NULL, NULL, 11, 4081000, NULL, NULL, NULL, NULL, NULL, NULL, NULL, NULL, NULL, NULL, NULL, NULL, NULL, NULL, NULL, NULL, NULL, NULL, NULL, NULL, '2025-09-02 09:46:46', 'superadmin', '2025-09-02 09:46:46', 'superadmin', 1),
	(553, NULL, 512, 34, 45, NULL, NULL, 835, 0, 22, 5000, 4175000, 0, 1, NULL, NULL, NULL, NULL, 658, 3290000, NULL, NULL, NULL, NULL, NULL, NULL, NULL, NULL, NULL, NULL, 177, 885000, NULL, NULL, NULL, NULL, NULL, NULL, NULL, NULL, '2025-09-02 09:47:48', 'superadmin', '2025-09-02 09:47:48', 'superadmin', 1),
	(554, NULL, 513, 34, 45, NULL, NULL, 566, 0, 22, 5000, 2830000, 0, 1, NULL, NULL, NULL, NULL, 566, 2830000, NULL, NULL, NULL, NULL, NULL, NULL, NULL, NULL, NULL, NULL, NULL, NULL, NULL, NULL, NULL, NULL, NULL, NULL, NULL, NULL, '2025-09-02 09:48:36', 'superadmin', '2025-09-02 09:48:36', 'superadmin', 1),
	(555, NULL, 514, 34, 45, NULL, NULL, 20, 0, 10, 150000, 3000000, 0, 1, NULL, NULL, NULL, NULL, 10, 1500000, NULL, NULL, NULL, NULL, NULL, NULL, NULL, NULL, NULL, NULL, 10, 1500000, NULL, NULL, NULL, NULL, NULL, NULL, NULL, NULL, '2025-09-02 09:50:05', 'superadmin', '2025-09-02 09:50:05', 'superadmin', 1),
	(556, NULL, 515, 34, 45, NULL, NULL, 191, 0, 22, 370000, 70670000, 0, 1, NULL, NULL, NULL, NULL, 100, 37000000, NULL, NULL, NULL, NULL, NULL, NULL, NULL, NULL, NULL, NULL, 91, 33670000, NULL, NULL, NULL, NULL, NULL, NULL, NULL, NULL, '2025-09-02 09:51:18', 'superadmin', '2025-09-02 09:51:18', 'superadmin', 1),
	(557, NULL, 516, 34, 45, NULL, NULL, 82, 0, 22, 280000, 22960000, 0, 1, NULL, NULL, NULL, NULL, 50, 14000000, NULL, NULL, NULL, NULL, NULL, NULL, NULL, NULL, NULL, NULL, 32, 8960000, NULL, NULL, NULL, NULL, NULL, NULL, NULL, NULL, '2025-09-02 09:51:56', 'superadmin', '2025-09-02 09:51:56', 'superadmin', 1),
	(558, NULL, 517, 34, 45, NULL, NULL, 44, 0, 29, 400000, 17600000, 0, 1, NULL, NULL, NULL, NULL, 25, 10000000, NULL, NULL, NULL, NULL, NULL, NULL, NULL, NULL, NULL, NULL, 19, 7600000, NULL, NULL, NULL, NULL, NULL, NULL, NULL, NULL, '2025-09-02 09:52:26', 'superadmin', '2025-09-02 09:52:26', 'superadmin', 1),
	(559, NULL, 518, 34, 45, NULL, NULL, 44, 0, 29, 400000, 17600000, 0, 1, NULL, NULL, NULL, NULL, 25, 10000000, NULL, NULL, NULL, NULL, NULL, NULL, NULL, NULL, NULL, NULL, 19, 7600000, NULL, NULL, NULL, NULL, NULL, NULL, NULL, NULL, '2025-09-02 09:52:53', 'superadmin', '2025-09-02 09:52:53', 'superadmin', 1),
	(560, NULL, 519, 34, 45, NULL, NULL, 20, 0, 10, 150000, 3000000, 0, 1, NULL, NULL, NULL, NULL, 10, 1500000, NULL, NULL, NULL, NULL, NULL, NULL, NULL, NULL, NULL, NULL, 10, 1500000, NULL, NULL, NULL, NULL, NULL, NULL, NULL, NULL, '2025-09-02 09:53:48', 'superadmin', '2025-09-02 09:53:48', 'superadmin', 1),
	(561, NULL, 520, 34, 45, NULL, NULL, 44, 0, 29, 150000, 6600000, 0, 1, NULL, NULL, NULL, NULL, 25, 3750000, NULL, NULL, NULL, NULL, NULL, NULL, NULL, NULL, NULL, NULL, 19, 2850000, NULL, NULL, NULL, NULL, NULL, NULL, NULL, NULL, '2025-09-02 09:54:27', 'superadmin', '2025-09-02 09:54:27', 'superadmin', 1),
	(562, NULL, 521, 34, 45, NULL, NULL, 20, 0, 10, 150000, 3000000, 0, 1, NULL, NULL, NULL, NULL, 10, 1500000, NULL, NULL, NULL, NULL, NULL, NULL, NULL, NULL, NULL, NULL, 10, 1500000, NULL, NULL, NULL, NULL, NULL, NULL, NULL, NULL, '2025-09-02 09:55:01', 'superadmin', '2025-09-02 09:55:01', 'superadmin', 1),
	(563, NULL, 522, 34, 45, NULL, NULL, 5, 0, 16, 750000, 3750000, 0, 1, NULL, NULL, NULL, NULL, 3, 2250000, NULL, NULL, NULL, NULL, NULL, NULL, NULL, NULL, NULL, NULL, 2, 1500000, NULL, NULL, NULL, NULL, NULL, NULL, NULL, NULL, '2025-09-02 09:55:46', 'superadmin', '2025-09-02 09:55:46', 'superadmin', 1),
	(564, NULL, 523, 34, 45, NULL, NULL, 5, 0, 10, 550000, 2750000, 0, 1, NULL, NULL, NULL, NULL, 3, 1650000, NULL, NULL, NULL, NULL, NULL, NULL, NULL, NULL, NULL, NULL, 2, 1100000, NULL, NULL, NULL, NULL, NULL, NULL, NULL, NULL, '2025-09-02 09:56:18', 'superadmin', '2025-09-02 09:56:18', 'superadmin', 1),
	(565, NULL, 524, 34, 45, NULL, NULL, 77, 0, 29, 130000, 10010000, 0, 1, NULL, NULL, NULL, NULL, 40, 5200000, NULL, NULL, NULL, NULL, NULL, NULL, NULL, NULL, NULL, NULL, 37, 4810000, NULL, NULL, NULL, NULL, NULL, NULL, NULL, NULL, '2025-09-02 09:57:28', 'superadmin', '2025-09-02 09:57:28', 'superadmin', 1),
	(566, NULL, 525, 34, 45, NULL, NULL, 47, 0, 22, 125000, 5875000, 0, 1, NULL, NULL, NULL, NULL, 30, 3750000, NULL, NULL, NULL, NULL, NULL, NULL, NULL, NULL, NULL, NULL, 17, 2125000, NULL, NULL, NULL, NULL, NULL, NULL, NULL, NULL, '2025-09-02 09:59:39', 'superadmin', '2025-09-02 09:59:39', 'superadmin', 1),
	(567, NULL, 526, 34, 45, NULL, NULL, 18, 0, 22, 220000, 3960000, 0, 1, NULL, NULL, NULL, NULL, 10, 2200000, NULL, NULL, NULL, NULL, NULL, NULL, NULL, NULL, NULL, NULL, 8, 1760000, NULL, NULL, NULL, NULL, NULL, NULL, NULL, NULL, '2025-09-02 10:00:12', 'superadmin', '2025-09-02 10:00:12', 'superadmin', 1),
	(568, NULL, 527, 34, 45, NULL, NULL, 72, 0, 22, 220000, 15840000, 0, 1, NULL, NULL, NULL, NULL, 40, 8800000, NULL, NULL, NULL, NULL, NULL, NULL, NULL, NULL, NULL, NULL, 32, 7040000, NULL, NULL, NULL, NULL, NULL, NULL, NULL, NULL, '2025-09-02 10:00:50', 'superadmin', '2025-09-02 10:00:50', 'superadmin', 1),
	(569, NULL, 528, 34, 45, NULL, NULL, 51, 0, 22, 220000, 11220000, 0, 1, NULL, NULL, NULL, NULL, 30, 6600000, NULL, NULL, NULL, NULL, NULL, NULL, NULL, NULL, NULL, NULL, 21, 4620000, NULL, NULL, NULL, NULL, NULL, NULL, NULL, NULL, '2025-09-02 10:05:56', 'superadmin', '2025-09-02 10:05:56', 'superadmin', 1),
	(570, NULL, 529, 34, 45, NULL, NULL, 71, 0, 22, 220000, 15620000, 0, 1, NULL, NULL, NULL, NULL, 40, 8800000, NULL, NULL, NULL, NULL, NULL, NULL, NULL, NULL, NULL, NULL, 31, 6820000, NULL, NULL, NULL, NULL, NULL, NULL, NULL, NULL, '2025-09-02 10:07:19', 'superadmin', '2025-09-02 10:07:19', 'superadmin', 1),
	(571, NULL, 530, 34, 45, NULL, NULL, 71, 0, 22, 220000, 15620000, 0, 1, NULL, NULL, NULL, NULL, 40, 8800000, NULL, NULL, NULL, NULL, NULL, NULL, NULL, NULL, NULL, NULL, 31, 6820000, NULL, NULL, NULL, NULL, NULL, NULL, NULL, NULL, '2025-09-02 10:10:11', 'superadmin', '2025-09-02 10:10:11', 'superadmin', 1),
	(572, NULL, 531, 34, 45, NULL, NULL, 143, 0, 22, 125000, 17875000, 0, 1, NULL, NULL, NULL, NULL, 80, 10000000, NULL, NULL, NULL, NULL, NULL, NULL, NULL, NULL, NULL, NULL, 63, 7875000, NULL, NULL, NULL, NULL, NULL, NULL, NULL, NULL, '2025-09-02 10:10:53', 'superadmin', '2025-09-02 10:10:53', 'superadmin', 1),
	(573, NULL, 532, 34, 45, NULL, NULL, 21, 0, 22, 125000, 2625000, 0, 1, NULL, NULL, NULL, NULL, 11, 1375000, NULL, NULL, NULL, NULL, NULL, NULL, NULL, NULL, NULL, NULL, 10, 1250000, NULL, NULL, NULL, NULL, NULL, NULL, NULL, NULL, '2025-09-02 10:11:39', 'superadmin', '2025-09-02 10:11:39', 'superadmin', 1),
	(574, NULL, 533, 34, 45, NULL, NULL, 13, 0, 22, 76000, 988000, 0, 1, NULL, NULL, NULL, NULL, 13, 988000, NULL, NULL, NULL, NULL, NULL, NULL, NULL, NULL, NULL, NULL, NULL, NULL, NULL, NULL, NULL, NULL, NULL, NULL, NULL, NULL, '2025-09-02 10:12:14', 'superadmin', '2025-09-02 10:12:14', 'superadmin', 1),
	(575, NULL, 534, 34, 45, NULL, NULL, 38, 0, 22, 180000, 6840000, 0, 1, NULL, NULL, NULL, NULL, 20, 3600000, NULL, NULL, NULL, NULL, NULL, NULL, NULL, NULL, NULL, NULL, 18, 3240000, NULL, NULL, NULL, NULL, NULL, NULL, NULL, NULL, '2025-09-02 10:12:55', 'superadmin', '2025-09-02 10:12:55', 'superadmin', 1),
	(576, NULL, 535, 34, 45, NULL, NULL, 328, 0, 22, 125000, 41000000, 0, 1, NULL, NULL, NULL, NULL, 200, 25000000, NULL, NULL, NULL, NULL, NULL, NULL, NULL, NULL, NULL, NULL, 128, 16000000, NULL, NULL, NULL, NULL, NULL, NULL, NULL, NULL, '2025-09-02 10:14:24', 'superadmin', '2025-09-02 10:14:24', 'superadmin', 1),
	(577, NULL, 536, 34, 45, NULL, NULL, 14, 0, 22, 76000, 1064000, 0, 1, NULL, NULL, NULL, NULL, 7, 532000, NULL, NULL, NULL, NULL, NULL, NULL, NULL, NULL, NULL, NULL, 7, 532000, NULL, NULL, NULL, NULL, NULL, NULL, NULL, NULL, '2025-09-02 10:15:08', 'superadmin', '2025-09-02 10:15:08', 'superadmin', 1),
	(578, NULL, 537, 34, 45, NULL, NULL, 199, 0, 22, 125000, 24875000, 0, 1, NULL, NULL, NULL, NULL, 100, 12500000, NULL, NULL, NULL, NULL, NULL, NULL, NULL, NULL, NULL, NULL, 99, 12375000, NULL, NULL, NULL, NULL, NULL, NULL, NULL, NULL, '2025-09-02 10:15:51', 'superadmin', '2025-09-02 10:15:51', 'superadmin', 1),
	(579, NULL, 538, 34, 45, NULL, NULL, 22, 0, 22, 125000, 2750000, 0, 1, NULL, NULL, NULL, NULL, 6, 750000, NULL, NULL, NULL, NULL, NULL, NULL, NULL, NULL, NULL, NULL, 16, 2000000, NULL, NULL, NULL, NULL, NULL, NULL, NULL, NULL, '2025-09-02 10:17:18', 'superadmin', '2025-09-02 10:17:18', 'superadmin', 1),
	(580, NULL, 539, 34, 45, NULL, NULL, 122, 0, 29, 160000, 19520000, 0, 1, NULL, NULL, NULL, NULL, 70, 11200000, NULL, NULL, NULL, NULL, NULL, NULL, NULL, NULL, NULL, NULL, 52, 8320000, NULL, NULL, NULL, NULL, NULL, NULL, NULL, NULL, '2025-09-02 10:19:04', 'superadmin', '2025-09-02 10:19:04', 'superadmin', 1),
	(581, NULL, 540, 34, 45, NULL, NULL, 21, 0, 22, 125000, 2625000, 0, 1, NULL, NULL, NULL, NULL, 11, 1375000, NULL, NULL, NULL, NULL, NULL, NULL, NULL, NULL, NULL, NULL, 10, 1250000, NULL, NULL, NULL, NULL, NULL, NULL, NULL, NULL, '2025-09-02 10:19:53', 'superadmin', '2025-09-02 10:19:53', 'superadmin', 1),
	(582, NULL, 541, 34, 45, NULL, NULL, 14, 0, 22, 76000, 1064000, 0, 1, NULL, NULL, NULL, NULL, 14, 1064000, NULL, NULL, NULL, NULL, NULL, NULL, NULL, NULL, NULL, NULL, NULL, NULL, NULL, NULL, NULL, NULL, NULL, NULL, NULL, NULL, '2025-09-02 10:20:26', 'superadmin', '2025-09-02 10:20:26', 'superadmin', 1),
	(583, NULL, 542, 34, 45, NULL, NULL, 113, 0, 22, 200000, 22600000, 0, 1, NULL, NULL, NULL, NULL, 60, 12000000, NULL, NULL, NULL, NULL, NULL, NULL, NULL, NULL, NULL, NULL, 53, 10600000, NULL, NULL, NULL, NULL, NULL, NULL, NULL, NULL, '2025-09-02 10:21:48', 'superadmin', '2025-09-02 10:21:48', 'superadmin', 1),
	(584, NULL, 543, 34, 45, NULL, NULL, 8, 0, 29, 200000, 1600000, 0, 1, NULL, NULL, NULL, NULL, 4, 800000, NULL, NULL, NULL, NULL, NULL, NULL, NULL, NULL, NULL, NULL, 4, 800000, NULL, NULL, NULL, NULL, NULL, NULL, NULL, NULL, '2025-09-02 10:22:59', 'superadmin', '2025-09-02 10:22:59', 'superadmin', 1),
	(585, NULL, 544, 34, 45, NULL, NULL, 12, 0, 29, 170000, 2040000, 0, 1, NULL, NULL, NULL, NULL, 6, 1020000, NULL, NULL, NULL, NULL, NULL, NULL, NULL, NULL, NULL, NULL, 6, 1020000, NULL, NULL, NULL, NULL, NULL, NULL, NULL, NULL, '2025-09-02 10:23:36', 'superadmin', '2025-09-02 10:23:36', 'superadmin', 1),
	(586, NULL, 545, 34, 45, NULL, NULL, 8, 0, 29, 200000, 1600000, 0, 1, NULL, NULL, NULL, NULL, 4, 800000, NULL, NULL, NULL, NULL, NULL, NULL, NULL, NULL, NULL, NULL, 4, 800000, NULL, NULL, NULL, NULL, NULL, NULL, NULL, NULL, '2025-09-02 10:24:12', 'superadmin', '2025-09-02 10:24:12', 'superadmin', 1),
	(587, NULL, 546, 34, 45, NULL, NULL, 8, 0, 29, 200000, 1600000, 0, 1, NULL, NULL, NULL, NULL, 4, 800000, NULL, NULL, NULL, NULL, NULL, NULL, NULL, NULL, NULL, NULL, 4, 800000, NULL, NULL, NULL, NULL, NULL, NULL, NULL, NULL, '2025-09-02 10:24:51', 'superadmin', '2025-09-02 10:24:51', 'superadmin', 1),
	(588, NULL, 547, 34, 45, NULL, NULL, 8, 0, 29, 230000, 1840000, 0, 1, NULL, NULL, NULL, NULL, 4, 920000, NULL, NULL, NULL, NULL, NULL, NULL, NULL, NULL, NULL, NULL, 4, 920000, NULL, NULL, NULL, NULL, NULL, NULL, NULL, NULL, '2025-09-02 10:25:53', 'superadmin', '2025-09-02 10:25:53', 'superadmin', 1),
	(589, NULL, 548, 34, 45, NULL, NULL, 8, 0, 29, 200000, 1600000, 0, 1, NULL, NULL, NULL, NULL, 4, 800000, NULL, NULL, NULL, NULL, NULL, NULL, NULL, NULL, NULL, NULL, 4, 800000, NULL, NULL, NULL, NULL, NULL, NULL, NULL, NULL, '2025-09-02 10:26:24', 'superadmin', '2025-09-02 10:26:24', 'superadmin', 1),
	(590, NULL, 549, 34, 45, NULL, NULL, 4, 0, 22, 8000, 32000, 0, 1, NULL, NULL, NULL, NULL, 4, 32000, NULL, NULL, NULL, NULL, NULL, NULL, NULL, NULL, NULL, NULL, NULL, NULL, NULL, NULL, NULL, NULL, NULL, NULL, NULL, NULL, '2025-09-02 10:27:24', 'superadmin', '2025-09-02 10:27:24', 'superadmin', 1),
	(591, NULL, 550, 34, 45, NULL, NULL, 19, 0, 22, 30000, 570000, 0, 1, NULL, NULL, NULL, NULL, 10, 300000, NULL, NULL, NULL, NULL, NULL, NULL, NULL, NULL, NULL, NULL, 9, 270000, NULL, NULL, NULL, NULL, NULL, NULL, NULL, NULL, '2025-09-02 10:30:23', 'superadmin', '2025-09-02 10:30:23', 'superadmin', 1),
	(592, NULL, 551, 34, 45, NULL, NULL, 10, 0, 10, 35000, 350000, 0, 1, NULL, NULL, NULL, NULL, 10, 350000, NULL, NULL, NULL, NULL, NULL, NULL, NULL, NULL, NULL, NULL, NULL, NULL, NULL, NULL, NULL, NULL, NULL, NULL, NULL, NULL, '2025-09-02 10:31:14', 'superadmin', '2025-09-02 10:31:14', 'superadmin', 1),
	(593, NULL, 552, 34, 45, NULL, NULL, 8, 0, 22, 350000, 2800000, 0, 1, NULL, NULL, NULL, NULL, 8, 2800000, NULL, NULL, NULL, NULL, NULL, NULL, NULL, NULL, NULL, NULL, NULL, NULL, NULL, NULL, NULL, NULL, NULL, NULL, NULL, NULL, '2025-09-02 10:35:42', 'superadmin', '2025-09-02 10:35:42', 'superadmin', 1),
	(594, NULL, 553, 34, 45, NULL, NULL, 2, 0, 22, 1655000, 3310000, 0, 1, NULL, NULL, NULL, NULL, 2, 3310000, NULL, NULL, NULL, NULL, NULL, NULL, NULL, NULL, NULL, NULL, NULL, NULL, NULL, NULL, NULL, NULL, NULL, NULL, NULL, NULL, '2025-09-02 10:36:14', 'superadmin', '2025-09-02 10:36:14', 'superadmin', 1),
	(595, NULL, 554, 34, 45, NULL, NULL, 2, 0, 22, 2075000, 4150000, 0, 1, NULL, NULL, NULL, NULL, 2, 4150000, NULL, NULL, NULL, NULL, NULL, NULL, NULL, NULL, NULL, NULL, NULL, NULL, NULL, NULL, NULL, NULL, NULL, NULL, NULL, NULL, '2025-09-02 10:36:45', 'superadmin', '2025-09-02 10:36:45', 'superadmin', 1),
	(596, NULL, 555, 34, 45, NULL, NULL, 2, 0, 22, 2075000, 4150000, 0, 1, NULL, NULL, NULL, NULL, 2, 4150000, NULL, NULL, NULL, NULL, NULL, NULL, NULL, NULL, NULL, NULL, NULL, NULL, NULL, NULL, NULL, NULL, NULL, NULL, NULL, NULL, '2025-09-02 10:37:17', 'superadmin', '2025-09-02 10:37:17', 'superadmin', 1),
	(597, NULL, 556, 34, 45, NULL, NULL, 2, 0, 22, 2075000, 4150000, 0, 1, NULL, NULL, NULL, NULL, 2, 4150000, NULL, NULL, NULL, NULL, NULL, NULL, NULL, NULL, NULL, NULL, NULL, NULL, NULL, NULL, NULL, NULL, NULL, NULL, NULL, NULL, '2025-09-02 10:37:36', 'superadmin', '2025-09-02 10:37:36', 'superadmin', 1),
	(598, NULL, 557, 35, 46, NULL, NULL, 2, 0, 23, 32000, 64000, 0, 1, NULL, NULL, NULL, NULL, NULL, NULL, NULL, NULL, 2, 64000, NULL, NULL, NULL, NULL, NULL, NULL, NULL, NULL, NULL, NULL, NULL, NULL, NULL, NULL, NULL, NULL, '2025-09-02 10:39:40', 'superadmin', '2025-09-02 10:39:40', 'superadmin', 1),
	(599, NULL, 558, 35, 46, NULL, NULL, 2, 0, 23, 44000, 88000, 0, 1, NULL, NULL, NULL, NULL, NULL, NULL, NULL, NULL, 2, 88000, NULL, NULL, NULL, NULL, NULL, NULL, NULL, NULL, NULL, NULL, NULL, NULL, NULL, NULL, NULL, NULL, '2025-09-02 10:40:06', 'superadmin', '2025-09-02 10:40:06', 'superadmin', 1),
	(600, NULL, 559, 35, 46, NULL, NULL, 2, 0, 23, 63000, 126000, 0, 1, NULL, NULL, NULL, NULL, NULL, NULL, NULL, NULL, 2, 126000, NULL, NULL, NULL, NULL, NULL, NULL, NULL, NULL, NULL, NULL, NULL, NULL, NULL, NULL, NULL, NULL, '2025-09-02 10:40:28', 'superadmin', '2025-09-02 10:40:28', 'superadmin', 1),
	(601, NULL, 560, 35, 46, NULL, NULL, 8, 0, 22, 48000, 384000, 0, 1, NULL, NULL, NULL, NULL, NULL, NULL, NULL, NULL, 8, 384000, NULL, NULL, NULL, NULL, NULL, NULL, NULL, NULL, NULL, NULL, NULL, NULL, NULL, NULL, NULL, NULL, '2025-09-02 10:42:12', 'superadmin', '2025-09-02 10:42:12', 'superadmin', 1),
	(602, NULL, 561, 35, 46, NULL, NULL, 6, 0, 22, 64000, 384000, 0, 1, NULL, NULL, NULL, NULL, NULL, NULL, NULL, NULL, 6, 384000, NULL, NULL, NULL, NULL, NULL, NULL, NULL, NULL, NULL, NULL, NULL, NULL, NULL, NULL, NULL, NULL, '2025-09-02 10:42:36', 'superadmin', '2025-09-02 10:42:36', 'superadmin', 1),
	(603, NULL, 562, 35, 46, NULL, NULL, 30, 0, 23, 78000, 2340000, 0, 1, NULL, NULL, NULL, NULL, NULL, NULL, NULL, NULL, 30, 2340000, NULL, NULL, NULL, NULL, NULL, NULL, NULL, NULL, NULL, NULL, NULL, NULL, NULL, NULL, NULL, NULL, '2025-09-02 10:42:58', 'superadmin', '2025-09-02 10:42:58', 'superadmin', 1),
	(604, NULL, 563, 35, 46, NULL, NULL, 2, 0, 23, 512000, 1024000, 0, 1, NULL, NULL, NULL, NULL, NULL, NULL, NULL, NULL, 2, 1024000, NULL, NULL, NULL, NULL, NULL, NULL, NULL, NULL, NULL, NULL, NULL, NULL, NULL, NULL, NULL, NULL, '2025-09-02 10:43:20', 'superadmin', '2025-09-02 10:43:20', 'superadmin', 1),
	(605, NULL, 564, 35, 46, NULL, NULL, 2, 0, 8, 170000, 340000, 0, 1, NULL, NULL, NULL, NULL, NULL, NULL, NULL, NULL, 2, 340000, NULL, NULL, NULL, NULL, NULL, NULL, NULL, NULL, NULL, NULL, NULL, NULL, NULL, NULL, NULL, NULL, '2025-09-02 10:43:41', 'superadmin', '2025-09-02 10:43:41', 'superadmin', 1),
	(606, NULL, 565, 35, 46, NULL, NULL, 2, 0, 8, 60000, 120000, 0, 1, NULL, NULL, NULL, NULL, NULL, NULL, NULL, NULL, 2, 120000, NULL, NULL, NULL, NULL, NULL, NULL, NULL, NULL, NULL, NULL, NULL, NULL, NULL, NULL, NULL, NULL, '2025-09-02 10:44:01', 'superadmin', '2025-09-02 10:44:01', 'superadmin', 1),
	(607, NULL, 566, 35, 46, NULL, NULL, 12, 0, 10, 22000, 264000, 0, 1, NULL, NULL, NULL, NULL, NULL, NULL, NULL, NULL, 12, 264000, NULL, NULL, NULL, NULL, NULL, NULL, NULL, NULL, NULL, NULL, NULL, NULL, NULL, NULL, NULL, NULL, '2025-09-02 10:44:23', 'superadmin', '2025-09-02 10:44:23', 'superadmin', 1),
	(608, NULL, 1090, 35, 46, NULL, NULL, 3, 0, 8, 25000, 75000, 0, 1, NULL, NULL, NULL, NULL, NULL, NULL, NULL, NULL, 3, 75000, NULL, NULL, NULL, NULL, NULL, NULL, NULL, NULL, NULL, NULL, NULL, NULL, NULL, NULL, NULL, NULL, '2025-09-02 10:45:09', 'superadmin', '2025-09-02 10:45:09', 'superadmin', 1),
	(609, NULL, 568, 35, 46, NULL, NULL, 100, 0, 10, 50000, 5000000, 0, 1, NULL, NULL, NULL, NULL, NULL, NULL, NULL, NULL, 100, 5000000, NULL, NULL, NULL, NULL, NULL, NULL, NULL, NULL, NULL, NULL, NULL, NULL, NULL, NULL, NULL, NULL, '2025-09-02 10:45:36', 'superadmin', '2025-09-02 10:45:36', 'superadmin', 1),
	(610, NULL, 569, 35, 46, NULL, NULL, 2, 0, 8, 75000, 150000, 0, 1, NULL, NULL, NULL, NULL, NULL, NULL, NULL, NULL, 2, 150000, NULL, NULL, NULL, NULL, NULL, NULL, NULL, NULL, NULL, NULL, NULL, NULL, NULL, NULL, NULL, NULL, '2025-09-02 10:46:01', 'superadmin', '2025-09-02 10:46:01', 'superadmin', 1),
	(611, NULL, 570, 35, 46, NULL, NULL, 2, 0, 8, 60000, 120000, 0, 1, NULL, NULL, NULL, NULL, NULL, NULL, NULL, NULL, 2, 120000, NULL, NULL, NULL, NULL, NULL, NULL, NULL, NULL, NULL, NULL, NULL, NULL, NULL, NULL, NULL, NULL, '2025-09-02 10:46:24', 'superadmin', '2025-09-02 10:46:24', 'superadmin', 1),
	(612, NULL, 571, 35, 46, NULL, NULL, 50, 0, 36, 35000, 1750000, 0, 1, NULL, NULL, NULL, NULL, NULL, NULL, NULL, NULL, 50, 1750000, NULL, NULL, NULL, NULL, NULL, NULL, NULL, NULL, NULL, NULL, NULL, NULL, NULL, NULL, NULL, NULL, '2025-09-02 10:47:07', 'superadmin', '2025-09-02 10:47:07', 'superadmin', 1),
	(613, NULL, 572, 35, 46, NULL, NULL, 30, 0, 1, 170000, 5100000, 0, 1, NULL, NULL, NULL, NULL, NULL, NULL, NULL, NULL, 30, 5100000, NULL, NULL, NULL, NULL, NULL, NULL, NULL, NULL, NULL, NULL, NULL, NULL, NULL, NULL, NULL, NULL, '2025-09-02 10:47:29', 'superadmin', '2025-09-02 10:47:29', 'superadmin', 1),
	(614, NULL, 573, 35, 46, NULL, NULL, 15, 0, 16, 150000, 2250000, 0, 1, NULL, NULL, NULL, NULL, NULL, NULL, NULL, NULL, 15, 2250000, NULL, NULL, NULL, NULL, NULL, NULL, NULL, NULL, NULL, NULL, NULL, NULL, NULL, NULL, NULL, NULL, '2025-09-02 10:47:52', 'superadmin', '2025-09-02 10:47:52', 'superadmin', 1),
	(615, NULL, 574, 35, 46, NULL, NULL, 4, 0, 10, 31000, 124000, 0, 1, NULL, NULL, NULL, NULL, NULL, NULL, NULL, NULL, 4, 124000, NULL, NULL, NULL, NULL, NULL, NULL, NULL, NULL, NULL, NULL, NULL, NULL, NULL, NULL, NULL, NULL, '2025-09-02 10:50:14', 'superadmin', '2025-09-02 10:50:14', 'superadmin', 1),
	(616, NULL, 575, 35, 46, NULL, NULL, 4, 0, 1, 60000, 240000, 0, 1, NULL, NULL, NULL, NULL, NULL, NULL, NULL, NULL, 4, 240000, NULL, NULL, NULL, NULL, NULL, NULL, NULL, NULL, NULL, NULL, NULL, NULL, NULL, NULL, NULL, NULL, '2025-09-02 10:50:39', 'superadmin', '2025-09-02 10:50:39', 'superadmin', 1),
	(617, NULL, 859, 35, 46, NULL, NULL, 2, 0, 29, 10000, 20000, 0, 1, NULL, NULL, NULL, NULL, NULL, NULL, NULL, NULL, 2, 20000, NULL, NULL, NULL, NULL, NULL, NULL, NULL, NULL, NULL, NULL, NULL, NULL, NULL, NULL, NULL, NULL, '2025-09-02 10:51:14', 'superadmin', '2025-09-02 10:51:14', 'superadmin', 1),
	(618, NULL, 577, 35, 46, NULL, NULL, 5, 0, 22, 900000, 4500000, 0, 1, NULL, NULL, NULL, NULL, NULL, NULL, NULL, NULL, 5, 4500000, NULL, NULL, NULL, NULL, NULL, NULL, NULL, NULL, NULL, NULL, NULL, NULL, NULL, NULL, NULL, NULL, '2025-09-02 10:51:58', 'superadmin', '2025-09-02 10:51:58', 'superadmin', 1),
	(619, NULL, 578, 35, 46, NULL, NULL, 5, 0, 22, 790000, 3950000, 0, 1, NULL, NULL, NULL, NULL, NULL, NULL, NULL, NULL, 5, 3950000, NULL, NULL, NULL, NULL, NULL, NULL, NULL, NULL, NULL, NULL, NULL, NULL, NULL, NULL, NULL, NULL, '2025-09-02 10:52:26', 'superadmin', '2025-09-02 10:52:26', 'superadmin', 1),
	(620, NULL, 579, 35, 46, NULL, NULL, 10, 0, 22, 880000, 8800000, 0, 1, NULL, NULL, NULL, NULL, NULL, NULL, NULL, NULL, 10, 8800000, NULL, NULL, NULL, NULL, NULL, NULL, NULL, NULL, NULL, NULL, NULL, NULL, NULL, NULL, NULL, NULL, '2025-09-02 10:52:48', 'superadmin', '2025-09-02 10:52:48', 'superadmin', 1),
	(621, NULL, 580, 35, 46, NULL, NULL, 12, 0, 23, 78000, 936000, 0, 1, NULL, NULL, NULL, NULL, NULL, NULL, NULL, NULL, 12, 936000, NULL, NULL, NULL, NULL, NULL, NULL, NULL, NULL, NULL, NULL, NULL, NULL, NULL, NULL, NULL, NULL, '2025-09-02 10:53:07', 'superadmin', '2025-09-02 10:53:07', 'superadmin', 1),
	(622, NULL, 581, 35, 46, NULL, NULL, 6, 0, 10, 60000, 360000, 0, 1, NULL, NULL, NULL, NULL, NULL, NULL, NULL, NULL, 6, 360000, NULL, NULL, NULL, NULL, NULL, NULL, NULL, NULL, NULL, NULL, NULL, NULL, NULL, NULL, NULL, NULL, '2025-09-02 10:53:47', 'superadmin', '2025-09-02 10:53:47', 'superadmin', 1),
	(623, NULL, 582, 35, 46, NULL, NULL, 12, 0, 10, 92000, 1104000, 0, 1, NULL, NULL, NULL, NULL, NULL, NULL, NULL, NULL, 12, 1104000, NULL, NULL, NULL, NULL, NULL, NULL, NULL, NULL, NULL, NULL, NULL, NULL, NULL, NULL, NULL, NULL, '2025-09-02 10:54:07', 'superadmin', '2025-09-02 10:54:07', 'superadmin', 1),
	(624, NULL, 583, 35, 46, NULL, NULL, 12, 0, 10, 19700, 236400, 0, 1, NULL, NULL, NULL, NULL, NULL, NULL, NULL, NULL, 12, 236400, NULL, NULL, NULL, NULL, NULL, NULL, NULL, NULL, NULL, NULL, NULL, NULL, NULL, NULL, NULL, NULL, '2025-09-02 10:54:25', 'superadmin', '2025-09-02 10:54:25', 'superadmin', 1),
	(625, NULL, 584, 35, 46, NULL, NULL, 10, 0, 22, 63000, 630000, 0, 1, NULL, NULL, NULL, NULL, NULL, NULL, NULL, NULL, 10, 630000, NULL, NULL, NULL, NULL, NULL, NULL, NULL, NULL, NULL, NULL, NULL, NULL, NULL, NULL, NULL, NULL, '2025-09-02 10:54:49', 'superadmin', '2025-09-02 10:54:49', 'superadmin', 1),
	(626, NULL, 585, 35, 46, NULL, NULL, 8, 0, 22, 38000, 304000, 0, 1, NULL, NULL, NULL, NULL, NULL, NULL, NULL, NULL, 8, 304000, NULL, NULL, NULL, NULL, NULL, NULL, NULL, NULL, NULL, NULL, NULL, NULL, NULL, NULL, NULL, NULL, '2025-09-02 10:55:10', 'superadmin', '2025-09-02 10:55:10', 'superadmin', 1),
	(627, NULL, 586, 35, 46, NULL, NULL, 8, 0, 22, 45000, 360000, 0, 1, NULL, NULL, NULL, NULL, NULL, NULL, NULL, NULL, 8, 360000, NULL, NULL, NULL, NULL, NULL, NULL, NULL, NULL, NULL, NULL, NULL, NULL, NULL, NULL, NULL, NULL, '2025-09-02 10:55:34', 'superadmin', '2025-09-02 10:55:34', 'superadmin', 1),
	(628, NULL, 587, 35, 46, NULL, NULL, 10, 0, 22, 49000, 490000, 0, 1, NULL, NULL, NULL, NULL, NULL, NULL, NULL, NULL, 10, 490000, NULL, NULL, NULL, NULL, NULL, NULL, NULL, NULL, NULL, NULL, NULL, NULL, NULL, NULL, NULL, NULL, '2025-09-02 10:57:14', 'superadmin', '2025-09-02 10:57:14', 'superadmin', 1),
	(629, NULL, 588, 35, 46, NULL, NULL, 10, 0, 22, 52000, 520000, 0, 1, NULL, NULL, NULL, NULL, NULL, NULL, NULL, NULL, 10, 520000, NULL, NULL, NULL, NULL, NULL, NULL, NULL, NULL, NULL, NULL, NULL, NULL, NULL, NULL, NULL, NULL, '2025-09-02 10:57:37', 'superadmin', '2025-09-02 10:57:37', 'superadmin', 1),
	(630, NULL, 589, 35, 46, NULL, NULL, 10, 0, 22, 60000, 600000, 0, 1, NULL, NULL, NULL, NULL, NULL, NULL, NULL, NULL, 10, 600000, NULL, NULL, NULL, NULL, NULL, NULL, NULL, NULL, NULL, NULL, NULL, NULL, NULL, NULL, NULL, NULL, '2025-09-02 10:58:02', 'superadmin', '2025-09-02 10:58:02', 'superadmin', 1),
	(631, NULL, 590, 35, 46, NULL, NULL, 10, 0, 22, 295000, 2950000, 0, 1, NULL, NULL, NULL, NULL, NULL, NULL, NULL, NULL, 10, 2950000, NULL, NULL, NULL, NULL, NULL, NULL, NULL, NULL, NULL, NULL, NULL, NULL, NULL, NULL, NULL, NULL, '2025-09-02 10:58:24', 'superadmin', '2025-09-02 10:58:24', 'superadmin', 1),
	(632, NULL, 591, 35, 46, NULL, NULL, 100, 0, 10, 22000, 2200000, 0, 1, NULL, NULL, NULL, NULL, NULL, NULL, NULL, NULL, 100, 2200000, NULL, NULL, NULL, NULL, NULL, NULL, NULL, NULL, NULL, NULL, NULL, NULL, NULL, NULL, NULL, NULL, '2025-09-02 10:58:44', 'superadmin', '2025-09-02 10:58:44', 'superadmin', 1),
	(633, NULL, 592, 35, 46, NULL, NULL, 12, 0, 10, 290000, 3480000, 0, 1, NULL, NULL, NULL, NULL, NULL, NULL, NULL, NULL, 12, 3480000, NULL, NULL, NULL, NULL, NULL, NULL, NULL, NULL, NULL, NULL, NULL, NULL, NULL, NULL, NULL, NULL, '2025-09-02 10:59:02', 'superadmin', '2025-09-02 10:59:02', 'superadmin', 1),
	(634, NULL, 593, 35, 46, NULL, NULL, 5, 0, 10, 17000, 85000, 0, 1, NULL, NULL, NULL, NULL, NULL, NULL, NULL, NULL, 5, 85000, NULL, NULL, NULL, NULL, NULL, NULL, NULL, NULL, NULL, NULL, NULL, NULL, NULL, NULL, NULL, NULL, '2025-09-02 10:59:22', 'superadmin', '2025-09-02 10:59:22', 'superadmin', 1),
	(635, NULL, 594, 35, 46, NULL, NULL, 3, 0, 23, 220000, 660000, 0, 1, NULL, NULL, NULL, NULL, NULL, NULL, NULL, NULL, 3, 660000, NULL, NULL, NULL, NULL, NULL, NULL, NULL, NULL, NULL, NULL, NULL, NULL, NULL, NULL, NULL, NULL, '2025-09-02 10:59:45', 'superadmin', '2025-09-02 10:59:45', 'superadmin', 1),
	(636, NULL, 595, 36, 47, NULL, NULL, 3, 0, 8, 50000, 150000, 0, 1, NULL, NULL, NULL, NULL, 3, 150000, NULL, NULL, NULL, NULL, NULL, NULL, NULL, NULL, NULL, NULL, NULL, NULL, NULL, NULL, NULL, NULL, NULL, NULL, NULL, NULL, '2025-09-02 11:01:18', 'superadmin', '2025-09-02 11:01:18', 'superadmin', 1),
	(637, NULL, 596, 36, 47, NULL, NULL, 5000, 0, 30, 14000, 70000000, 0, 1, NULL, NULL, NULL, NULL, 2500, 35000000, NULL, NULL, NULL, NULL, NULL, NULL, NULL, NULL, NULL, NULL, 2500, 35000000, NULL, NULL, NULL, NULL, NULL, NULL, NULL, NULL, '2025-09-02 11:14:59', 'superadmin', '2025-09-02 11:14:59', 'superadmin', 1),
	(638, NULL, 597, 36, 47, NULL, NULL, 5000, 0, 30, 10000, 50000000, 0, 1, NULL, NULL, NULL, NULL, 2500, 25000000, NULL, NULL, NULL, NULL, NULL, NULL, NULL, NULL, NULL, NULL, 2500, 25000000, NULL, NULL, NULL, NULL, NULL, NULL, NULL, NULL, '2025-09-02 11:15:51', 'superadmin', '2025-09-02 11:15:51', 'superadmin', 1),
	(639, NULL, 598, 36, 47, NULL, NULL, 200, 0, 28, 20000, 4000000, 0, 1, NULL, NULL, NULL, NULL, 100, 2000000, NULL, NULL, NULL, NULL, NULL, NULL, NULL, NULL, NULL, NULL, 100, 2000000, NULL, NULL, NULL, NULL, NULL, NULL, NULL, NULL, '2025-09-02 11:16:32', 'superadmin', '2025-09-02 11:16:32', 'superadmin', 1),
	(640, NULL, 599, 36, 47, NULL, NULL, 1500, 0, 30, 500, 750000, 0, 1, NULL, NULL, NULL, NULL, 800, 400000, NULL, NULL, NULL, NULL, NULL, NULL, NULL, NULL, NULL, NULL, 700, 350000, NULL, NULL, NULL, NULL, NULL, NULL, NULL, NULL, '2025-09-02 11:17:44', 'superadmin', '2025-09-02 11:17:44', 'superadmin', 1),
	(641, NULL, 600, 36, 47, NULL, NULL, 1500, 0, 30, 500, 750000, 0, 1, NULL, NULL, NULL, NULL, 800, 400000, NULL, NULL, NULL, NULL, NULL, NULL, NULL, NULL, NULL, NULL, 700, 350000, NULL, NULL, NULL, NULL, NULL, NULL, NULL, NULL, '2025-09-02 11:21:56', 'superadmin', '2025-09-02 11:21:56', 'superadmin', 1),
	(642, NULL, 601, 36, 47, NULL, NULL, 1, 0, 22, 59000, 59000, 0, 1, NULL, NULL, NULL, NULL, 1, 59000, NULL, NULL, NULL, NULL, NULL, NULL, NULL, NULL, NULL, NULL, NULL, NULL, NULL, NULL, NULL, NULL, NULL, NULL, NULL, NULL, '2025-09-02 11:27:51', 'superadmin', '2025-09-02 11:27:51', 'superadmin', 1),
	(643, NULL, 602, 36, 47, NULL, NULL, 2000, 0, 30, 700, 1400000, 0, 1, NULL, NULL, NULL, NULL, 1000, 700000, NULL, NULL, NULL, NULL, NULL, NULL, NULL, NULL, NULL, NULL, 1000, 700000, NULL, NULL, NULL, NULL, NULL, NULL, NULL, NULL, '2025-09-02 11:42:29', 'superadmin', '2025-09-02 11:42:29', 'superadmin', 1),
	(644, NULL, 603, 36, 47, NULL, NULL, 7500, 0, 30, 15000, 112500000, 0, 1, NULL, NULL, NULL, NULL, 3800, 57000000, NULL, NULL, NULL, NULL, NULL, NULL, NULL, NULL, NULL, NULL, 3700, 55500000, NULL, NULL, NULL, NULL, NULL, NULL, NULL, NULL, '2025-09-02 11:43:46', 'superadmin', '2025-09-02 11:43:46', 'superadmin', 1),
	(645, NULL, 604, 36, 47, NULL, NULL, 2500, 0, 30, 15000, 37500000, 0, 1, NULL, NULL, NULL, NULL, 1300, 19500000, NULL, NULL, NULL, NULL, NULL, NULL, NULL, NULL, NULL, NULL, 1200, 18000000, NULL, NULL, NULL, NULL, NULL, NULL, NULL, NULL, '2025-09-02 11:46:06', 'superadmin', '2025-09-02 11:46:06', 'superadmin', 1),
	(646, NULL, 605, 36, 47, NULL, NULL, 10000, 0, 28, 15000, 150000000, 0, 1, NULL, NULL, NULL, NULL, 5000, 75000000, NULL, NULL, NULL, NULL, NULL, NULL, NULL, NULL, NULL, NULL, 5000, 75000000, NULL, NULL, NULL, NULL, NULL, NULL, NULL, NULL, '2025-09-02 13:21:05', 'superadmin', '2025-09-02 13:21:05', 'superadmin', 1),
	(647, NULL, 606, 36, 47, NULL, NULL, 300, 0, 30, 500, 150000, 0, 1, NULL, NULL, NULL, NULL, 300, 150000, NULL, NULL, NULL, NULL, NULL, NULL, NULL, NULL, NULL, NULL, NULL, NULL, NULL, NULL, NULL, NULL, NULL, NULL, NULL, NULL, '2025-09-02 13:21:38', 'superadmin', '2025-09-02 13:21:38', 'superadmin', 1),
	(648, NULL, 607, 36, 47, NULL, NULL, 6000, 0, 30, 1500, 9000000, 0, 1, NULL, NULL, NULL, NULL, 3000, 4500000, NULL, NULL, NULL, NULL, NULL, NULL, NULL, NULL, NULL, NULL, 3000, 4500000, NULL, NULL, NULL, NULL, NULL, NULL, NULL, NULL, '2025-09-02 13:23:27', 'superadmin', '2025-09-02 13:23:27', 'superadmin', 1),
	(649, NULL, 608, 36, 47, NULL, NULL, 100, 0, 30, 700, 70000, 0, 1, NULL, NULL, NULL, NULL, 100, 70000, NULL, NULL, NULL, NULL, NULL, NULL, NULL, NULL, NULL, NULL, NULL, NULL, NULL, NULL, NULL, NULL, NULL, NULL, NULL, NULL, '2025-09-02 13:26:05', 'superadmin', '2025-09-02 13:26:05', 'superadmin', 1),
	(650, NULL, 609, 36, 47, NULL, NULL, 3000, 0, 30, 1000, 3000000, 0, 1, NULL, NULL, NULL, NULL, 1500, 1500000, NULL, NULL, NULL, NULL, NULL, NULL, NULL, NULL, NULL, NULL, 1500, 1500000, NULL, NULL, NULL, NULL, NULL, NULL, NULL, NULL, '2025-09-02 13:26:40', 'superadmin', '2025-09-02 13:26:40', 'superadmin', 1),
	(651, NULL, 610, 36, 47, NULL, NULL, 3000, 0, 30, 1000, 3000000, 0, 1, NULL, NULL, NULL, NULL, 1500, 1500000, NULL, NULL, NULL, NULL, NULL, NULL, NULL, NULL, NULL, NULL, 1500, 1500000, NULL, NULL, NULL, NULL, NULL, NULL, NULL, NULL, '2025-09-02 13:27:48', 'superadmin', '2025-09-02 13:27:48', 'superadmin', 1),
	(652, NULL, 611, 36, 47, NULL, NULL, 3000, 0, 30, 1000, 3000000, 0, 1, NULL, NULL, NULL, NULL, 1500, 1500000, NULL, NULL, NULL, NULL, NULL, NULL, NULL, NULL, NULL, NULL, 1500, 1500000, NULL, NULL, NULL, NULL, NULL, NULL, NULL, NULL, '2025-09-02 13:28:14', 'superadmin', '2025-09-02 13:28:14', 'superadmin', 1),
	(653, NULL, 612, 36, 47, NULL, NULL, 4500, 0, 30, 1500, 6750000, 0, 1, NULL, NULL, NULL, NULL, 2300, 3450000, NULL, NULL, NULL, NULL, NULL, NULL, NULL, NULL, NULL, NULL, 2200, 3300000, NULL, NULL, NULL, NULL, NULL, NULL, NULL, NULL, '2025-09-02 13:28:45', 'superadmin', '2025-09-02 13:28:45', 'superadmin', 1),
	(654, NULL, 613, 36, 47, NULL, NULL, 100, 0, 30, 700, 70000, 0, 1, NULL, NULL, NULL, NULL, 100, 70000, NULL, NULL, NULL, NULL, NULL, NULL, NULL, NULL, NULL, NULL, NULL, NULL, NULL, NULL, NULL, NULL, NULL, NULL, NULL, NULL, '2025-09-02 13:29:37', 'superadmin', '2025-09-02 13:29:37', 'superadmin', 1),
	(655, NULL, 614, 36, 47, NULL, NULL, 10000, 0, 30, 1000, 10000000, 0, 1, NULL, NULL, NULL, NULL, 5000, 5000000, NULL, NULL, NULL, NULL, NULL, NULL, NULL, NULL, NULL, NULL, 5000, 5000000, NULL, NULL, NULL, NULL, NULL, NULL, NULL, NULL, '2025-09-02 13:31:13', 'superadmin', '2025-09-02 13:31:13', 'superadmin', 1),
	(656, NULL, 615, 36, 47, NULL, NULL, 1500, 0, 30, 700, 1050000, 0, 1, NULL, NULL, NULL, NULL, 800, 560000, NULL, NULL, NULL, NULL, NULL, NULL, NULL, NULL, NULL, NULL, 700, 490000, NULL, NULL, NULL, NULL, NULL, NULL, NULL, NULL, '2025-09-02 13:31:45', 'superadmin', '2025-09-02 13:31:45', 'superadmin', 1),
	(657, NULL, 616, 36, 47, NULL, NULL, 3000, 0, 30, 1000, 3000000, 0, 1, NULL, NULL, NULL, NULL, 1500, 1500000, NULL, NULL, NULL, NULL, NULL, NULL, NULL, NULL, NULL, NULL, 1500, 1500000, NULL, NULL, NULL, NULL, NULL, NULL, NULL, NULL, '2025-09-02 13:32:13', 'superadmin', '2025-09-02 13:32:13', 'superadmin', 1),
	(658, NULL, 616, 36, 47, NULL, NULL, 3000, 0, 30, 1000, 3000000, 0, 1, NULL, NULL, NULL, NULL, 1500, 1500000, NULL, NULL, NULL, NULL, NULL, NULL, NULL, NULL, NULL, NULL, 1500, 1500000, NULL, NULL, NULL, NULL, NULL, NULL, NULL, NULL, '2025-09-02 13:33:10', 'superadmin', '2025-09-03 08:23:13', 'superadmin', 0),
	(659, NULL, 617, 36, 47, NULL, NULL, 500, 0, 30, 700, 350000, 0, 1, NULL, NULL, NULL, NULL, 500, 350000, NULL, NULL, NULL, NULL, NULL, NULL, NULL, NULL, NULL, NULL, NULL, NULL, NULL, NULL, NULL, NULL, NULL, NULL, NULL, NULL, '2025-09-02 13:34:19', 'superadmin', '2025-09-02 13:34:19', 'superadmin', 1),
	(660, NULL, 618, 36, 47, NULL, NULL, 3000, 0, 30, 1000, 3000000, 0, 1, NULL, NULL, NULL, NULL, 1500, 1500000, NULL, NULL, NULL, NULL, NULL, NULL, NULL, NULL, NULL, NULL, 1500, 1500000, NULL, NULL, NULL, NULL, NULL, NULL, NULL, NULL, '2025-09-02 13:43:42', 'superadmin', '2025-09-02 13:43:42', 'superadmin', 1),
	(661, NULL, 619, 36, 47, NULL, NULL, 500, 0, 30, 1000, 500000, 0, 1, NULL, NULL, NULL, NULL, 500, 500000, NULL, NULL, NULL, NULL, NULL, NULL, NULL, NULL, NULL, NULL, NULL, NULL, NULL, NULL, NULL, NULL, NULL, NULL, NULL, NULL, '2025-09-02 13:45:51', 'superadmin', '2025-09-02 13:45:51', 'superadmin', 1),
	(662, NULL, 620, 36, 47, NULL, NULL, 500, 0, 30, 1000, 500000, 0, 1, NULL, NULL, NULL, NULL, 500, 500000, NULL, NULL, NULL, NULL, NULL, NULL, NULL, NULL, NULL, NULL, NULL, NULL, NULL, NULL, NULL, NULL, NULL, NULL, NULL, NULL, '2025-09-02 13:48:39', 'superadmin', '2025-09-02 13:48:39', 'superadmin', 1),
	(663, NULL, 621, 36, 47, NULL, NULL, 500, 0, 30, 1000, 500000, 0, 1, NULL, NULL, NULL, NULL, 500, 500000, NULL, NULL, NULL, NULL, NULL, NULL, NULL, NULL, NULL, NULL, NULL, NULL, NULL, NULL, NULL, NULL, NULL, NULL, NULL, NULL, '2025-09-02 13:49:51', 'superadmin', '2025-09-02 13:49:51', 'superadmin', 1),
	(664, NULL, 622, 36, 47, NULL, NULL, 500, 0, 30, 1000, 500000, 0, 1, NULL, NULL, NULL, NULL, 500, 500000, NULL, NULL, NULL, NULL, NULL, NULL, NULL, NULL, NULL, NULL, NULL, NULL, NULL, NULL, NULL, NULL, NULL, NULL, NULL, NULL, '2025-09-02 13:56:00', 'superadmin', '2025-09-02 13:56:00', 'superadmin', 1),
	(665, NULL, 623, 36, 47, NULL, NULL, 500, 0, 30, 1000, 500000, 0, 1, NULL, NULL, NULL, NULL, 500, 500000, NULL, NULL, NULL, NULL, NULL, NULL, NULL, NULL, NULL, NULL, NULL, NULL, NULL, NULL, NULL, NULL, NULL, NULL, NULL, NULL, '2025-09-02 13:56:38', 'superadmin', '2025-09-02 13:56:38', 'superadmin', 1),
	(666, NULL, 624, 36, 47, NULL, NULL, 2000, 0, 30, 1000, 2000000, 0, 1, NULL, NULL, NULL, NULL, 1000, 1000000, NULL, NULL, NULL, NULL, NULL, NULL, NULL, NULL, NULL, NULL, 1000, 1000000, NULL, NULL, NULL, NULL, NULL, NULL, NULL, NULL, '2025-09-02 13:57:19', 'superadmin', '2025-09-02 13:57:19', 'superadmin', 1),
	(667, NULL, 625, 36, 47, NULL, NULL, 2000, 0, 30, 1000, 2000000, 0, 1, NULL, NULL, NULL, NULL, 1000, 1000000, NULL, NULL, NULL, NULL, NULL, NULL, NULL, NULL, NULL, NULL, 1000, 1000000, NULL, NULL, NULL, NULL, NULL, NULL, NULL, NULL, '2025-09-02 13:57:51', 'superadmin', '2025-09-02 13:57:51', 'superadmin', 1),
	(668, NULL, 626, 36, 47, NULL, NULL, 2000, 0, 30, 1000, 2000000, 0, 1, NULL, NULL, NULL, NULL, 1000, 1000000, NULL, NULL, NULL, NULL, NULL, NULL, NULL, NULL, NULL, NULL, 1000, 1000000, NULL, NULL, NULL, NULL, NULL, NULL, NULL, NULL, '2025-09-02 13:58:15', 'superadmin', '2025-09-02 13:58:15', 'superadmin', 1),
	(669, NULL, 627, 36, 47, NULL, NULL, 100, 0, 30, 1500, 150000, 0, 1, NULL, NULL, NULL, NULL, 100, 150000, NULL, NULL, NULL, NULL, NULL, NULL, NULL, NULL, NULL, NULL, NULL, NULL, NULL, NULL, NULL, NULL, NULL, NULL, NULL, NULL, '2025-09-02 13:58:40', 'superadmin', '2025-09-02 13:58:40', 'superadmin', 1),
	(670, NULL, 628, 36, 47, NULL, NULL, 2500, 0, 30, 1000, 2500000, 0, 1, NULL, NULL, NULL, NULL, 1300, 1300000, NULL, NULL, NULL, NULL, NULL, NULL, NULL, NULL, NULL, NULL, 1200, 1200000, NULL, NULL, NULL, NULL, NULL, NULL, NULL, NULL, '2025-09-02 14:00:06', 'superadmin', '2025-09-02 14:00:06', 'superadmin', 1),
	(671, NULL, 629, 36, 47, NULL, NULL, 1000, 0, 30, 700, 700000, 0, 1, NULL, NULL, NULL, NULL, 500, 350000, NULL, NULL, NULL, NULL, NULL, NULL, NULL, NULL, NULL, NULL, 500, 350000, NULL, NULL, NULL, NULL, NULL, NULL, NULL, NULL, '2025-09-02 14:01:21', 'superadmin', '2025-09-02 14:01:21', 'superadmin', 1),
	(672, NULL, 630, 36, 47, NULL, NULL, 100, 0, 30, 1000, 100000, 0, 1, NULL, NULL, NULL, NULL, 100, 100000, NULL, NULL, NULL, NULL, NULL, NULL, NULL, NULL, NULL, NULL, NULL, NULL, NULL, NULL, NULL, NULL, NULL, NULL, NULL, NULL, '2025-09-02 14:02:01', 'superadmin', '2025-09-02 14:02:01', 'superadmin', 1),
	(673, NULL, 631, 36, 47, NULL, NULL, 500, 0, 30, 1000, 500000, 0, 1, NULL, NULL, NULL, NULL, 500, 500000, NULL, NULL, NULL, NULL, NULL, NULL, NULL, NULL, NULL, NULL, NULL, NULL, NULL, NULL, NULL, NULL, NULL, NULL, NULL, NULL, '2025-09-02 14:03:39', 'superadmin', '2025-09-02 14:03:39', 'superadmin', 1),
	(674, NULL, 632, 36, 47, NULL, NULL, 2000, 0, 30, 1000, 2000000, 0, 1, NULL, NULL, NULL, NULL, 1000, 1000000, NULL, NULL, NULL, NULL, NULL, NULL, NULL, NULL, NULL, NULL, 1000, 1000000, NULL, NULL, NULL, NULL, NULL, NULL, NULL, NULL, '2025-09-02 14:04:50', 'superadmin', '2025-09-02 14:04:50', 'superadmin', 1),
	(675, NULL, 633, 36, 47, NULL, NULL, 1700, 0, 30, 1000, 1700000, 0, 1, NULL, NULL, NULL, NULL, 1000, 1000000, NULL, NULL, NULL, NULL, NULL, NULL, NULL, NULL, NULL, NULL, 700, 700000, NULL, NULL, NULL, NULL, NULL, NULL, NULL, NULL, '2025-09-02 14:07:09', 'superadmin', '2025-09-02 14:07:09', 'superadmin', 1),
	(676, NULL, 634, 36, 47, NULL, NULL, 2000, 0, 30, 1000, 2000000, 0, 1, NULL, NULL, NULL, NULL, 1000, 1000000, NULL, NULL, NULL, NULL, NULL, NULL, NULL, NULL, NULL, NULL, 1000, 1000000, NULL, NULL, NULL, NULL, NULL, NULL, NULL, NULL, '2025-09-02 14:07:47', 'superadmin', '2025-09-02 14:07:47', 'superadmin', 1),
	(677, NULL, 635, 36, 47, NULL, NULL, 3000, 0, 30, 1000, 3000000, 0, 1, NULL, NULL, NULL, NULL, 1500, 1500000, NULL, NULL, NULL, NULL, NULL, NULL, NULL, NULL, NULL, NULL, 1500, 1500000, NULL, NULL, NULL, NULL, NULL, NULL, NULL, NULL, '2025-09-02 14:08:36', 'superadmin', '2025-09-03 08:22:29', 'superadmin', 1),
	(678, NULL, 636, 36, 47, NULL, NULL, 4000, 0, 30, 1500, 6000000, 0, 1, NULL, NULL, NULL, NULL, 2000, 3000000, NULL, NULL, NULL, NULL, NULL, NULL, NULL, NULL, NULL, NULL, 2000, 3000000, NULL, NULL, NULL, NULL, NULL, NULL, NULL, NULL, '2025-09-02 14:09:07', 'superadmin', '2025-09-02 14:09:07', 'superadmin', 1),
	(679, NULL, 637, 36, 47, NULL, NULL, 3500, 0, 30, 700, 2450000, 0, 1, NULL, NULL, NULL, NULL, 2000, 1400000, NULL, NULL, NULL, NULL, NULL, NULL, NULL, NULL, NULL, NULL, 1500, 1050000, NULL, NULL, NULL, NULL, NULL, NULL, NULL, NULL, '2025-09-02 14:09:52', 'superadmin', '2025-09-02 14:09:52', 'superadmin', 1),
	(680, NULL, 638, 36, 47, NULL, NULL, 150, 0, 30, 1000, 150000, 0, 1, NULL, NULL, NULL, NULL, 150, 150000, NULL, NULL, NULL, NULL, NULL, NULL, NULL, NULL, NULL, NULL, NULL, NULL, NULL, NULL, NULL, NULL, NULL, NULL, NULL, NULL, '2025-09-02 14:10:44', 'superadmin', '2025-09-02 14:10:44', 'superadmin', 1),
	(681, NULL, 639, 36, 47, NULL, NULL, 1000, 0, 30, 700, 700000, 0, 1, NULL, NULL, NULL, NULL, 500, 350000, NULL, NULL, NULL, NULL, NULL, NULL, NULL, NULL, NULL, NULL, 500, 350000, NULL, NULL, NULL, NULL, NULL, NULL, NULL, NULL, '2025-09-02 14:11:24', 'superadmin', '2025-09-02 14:11:24', 'superadmin', 1),
	(682, NULL, 640, 36, 47, NULL, NULL, 1000, 0, 30, 700, 700000, 0, 1, NULL, NULL, NULL, NULL, 500, 350000, NULL, NULL, NULL, NULL, NULL, NULL, NULL, NULL, NULL, NULL, 500, 350000, NULL, NULL, NULL, NULL, NULL, NULL, NULL, NULL, '2025-09-02 14:11:55', 'superadmin', '2025-09-02 14:11:55', 'superadmin', 1),
	(683, NULL, 641, 36, 47, NULL, NULL, 4000, 0, 30, 1000, 4000000, 0, 1, NULL, NULL, NULL, NULL, 2000, 2000000, NULL, NULL, NULL, NULL, NULL, NULL, NULL, NULL, NULL, NULL, 2000, 2000000, NULL, NULL, NULL, NULL, NULL, NULL, NULL, NULL, '2025-09-02 14:12:30', 'superadmin', '2025-09-02 14:12:30', 'superadmin', 1),
	(684, NULL, 642, 36, 47, NULL, NULL, 300, 0, 30, 1000, 300000, 0, 1, NULL, NULL, NULL, NULL, 300, 300000, NULL, NULL, NULL, NULL, NULL, NULL, NULL, NULL, NULL, NULL, NULL, NULL, NULL, NULL, NULL, NULL, NULL, NULL, NULL, NULL, '2025-09-02 14:13:22', 'superadmin', '2025-09-02 14:13:22', 'superadmin', 1),
	(685, NULL, 643, 36, 47, NULL, NULL, 1000, 0, 30, 700, 700000, 0, 1, NULL, NULL, NULL, NULL, 500, 350000, NULL, NULL, NULL, NULL, NULL, NULL, NULL, NULL, NULL, NULL, 500, 350000, NULL, NULL, NULL, NULL, NULL, NULL, NULL, NULL, '2025-09-02 14:17:42', 'superadmin', '2025-09-02 14:17:42', 'superadmin', 1),
	(686, NULL, 644, 36, 47, NULL, NULL, 1000, 0, 30, 700, 700000, 0, 1, NULL, NULL, NULL, NULL, 500, 350000, NULL, NULL, NULL, NULL, NULL, NULL, NULL, NULL, NULL, NULL, 500, 350000, NULL, NULL, NULL, NULL, NULL, NULL, NULL, NULL, '2025-09-02 14:18:34', 'superadmin', '2025-09-02 14:18:34', 'superadmin', 1),
	(687, NULL, 646, 36, 47, NULL, NULL, 1000, 0, 30, 700, 700000, 0, 1, NULL, NULL, NULL, NULL, 500, 350000, NULL, NULL, NULL, NULL, NULL, NULL, NULL, NULL, NULL, NULL, 500, 350000, NULL, NULL, NULL, NULL, NULL, NULL, NULL, NULL, '2025-09-02 14:37:30', 'superadmin', '2025-09-02 14:37:30', 'superadmin', 1),
	(688, NULL, 1203, 36, 47, NULL, NULL, 1000, 0, 30, 700, 700000, 0, 1, NULL, NULL, NULL, NULL, 500, 350000, NULL, NULL, NULL, NULL, NULL, NULL, NULL, NULL, NULL, NULL, 500, 350000, NULL, NULL, NULL, NULL, NULL, NULL, NULL, NULL, '2025-09-02 14:38:31', 'superadmin', '2025-09-02 14:38:31', 'superadmin', 1),
	(689, NULL, 647, 36, 47, NULL, NULL, 500, 0, 30, 700, 350000, 0, 1, NULL, NULL, NULL, NULL, 500, 350000, NULL, NULL, NULL, NULL, NULL, NULL, NULL, NULL, NULL, NULL, NULL, NULL, NULL, NULL, NULL, NULL, NULL, NULL, NULL, NULL, '2025-09-02 14:39:45', 'superadmin', '2025-09-02 14:39:45', 'superadmin', 1),
	(690, NULL, 648, 36, 47, NULL, NULL, 500, 0, 30, 700, 350000, 0, 1, NULL, NULL, NULL, NULL, 500, 350000, NULL, NULL, NULL, NULL, NULL, NULL, NULL, NULL, NULL, NULL, NULL, NULL, NULL, NULL, NULL, NULL, NULL, NULL, NULL, NULL, '2025-09-02 14:40:13', 'superadmin', '2025-09-02 14:40:13', 'superadmin', 1),
	(691, NULL, 649, 36, 47, NULL, NULL, 500, 0, 30, 700, 350000, 0, 1, NULL, NULL, NULL, NULL, 500, 350000, NULL, NULL, NULL, NULL, NULL, NULL, NULL, NULL, NULL, NULL, NULL, NULL, NULL, NULL, NULL, NULL, NULL, NULL, NULL, NULL, '2025-09-02 14:40:42', 'superadmin', '2025-09-02 14:40:42', 'superadmin', 1),
	(692, NULL, 650, 36, 47, NULL, NULL, 3000, 0, 30, 1000, 3000000, 0, 1, NULL, NULL, NULL, NULL, 1500, 1500000, NULL, NULL, NULL, NULL, NULL, NULL, NULL, NULL, NULL, NULL, 1500, 1500000, NULL, NULL, NULL, NULL, NULL, NULL, NULL, NULL, '2025-09-02 14:41:17', 'superadmin', '2025-09-02 14:41:17', 'superadmin', 1),
	(693, NULL, 651, 36, 47, NULL, NULL, 500, 0, 30, 700, 350000, 0, 1, NULL, NULL, NULL, NULL, 500, 350000, NULL, NULL, NULL, NULL, NULL, NULL, NULL, NULL, NULL, NULL, NULL, NULL, NULL, NULL, NULL, NULL, NULL, NULL, NULL, NULL, '2025-09-02 14:41:54', 'superadmin', '2025-09-02 14:41:54', 'superadmin', 1),
	(694, NULL, 652, 36, 47, NULL, NULL, 6, 0, 30, 65000, 390000, 0, 1, NULL, NULL, NULL, NULL, 6, 390000, NULL, NULL, NULL, NULL, NULL, NULL, NULL, NULL, NULL, NULL, NULL, NULL, NULL, NULL, NULL, NULL, NULL, NULL, NULL, NULL, '2025-09-02 14:42:30', 'superadmin', '2025-09-02 14:42:30', 'superadmin', 1),
	(695, NULL, 653, 36, 47, NULL, NULL, 1000, 0, 30, 1000, 1000000, 0, 1, NULL, NULL, NULL, NULL, 500, 500000, NULL, NULL, NULL, NULL, NULL, NULL, NULL, NULL, NULL, NULL, 500, 500000, NULL, NULL, NULL, NULL, NULL, NULL, NULL, NULL, '2025-09-02 15:23:36', 'superadmin', '2025-09-02 15:23:36', 'superadmin', 1),
	(696, NULL, 654, 36, 47, NULL, NULL, 700, 0, 30, 700, 490000, 0, 1, NULL, NULL, NULL, NULL, 700, 490000, NULL, NULL, NULL, NULL, NULL, NULL, NULL, NULL, NULL, NULL, NULL, NULL, NULL, NULL, NULL, NULL, NULL, NULL, NULL, NULL, '2025-09-02 15:24:20', 'superadmin', '2025-09-02 15:24:20', 'superadmin', 1),
	(697, NULL, 655, 36, 47, NULL, NULL, 3000, 0, 30, 1000, 3000000, 0, 1, NULL, NULL, NULL, NULL, 1500, 1500000, NULL, NULL, NULL, NULL, NULL, NULL, NULL, NULL, NULL, NULL, 1500, 1500000, NULL, NULL, NULL, NULL, NULL, NULL, NULL, NULL, '2025-09-02 15:25:11', 'superadmin', '2025-09-02 15:25:11', 'superadmin', 1),
	(698, NULL, 656, 36, 47, NULL, NULL, 20, 0, 28, 50000, 1000000, 0, 1, NULL, NULL, NULL, NULL, 10, 500000, NULL, NULL, NULL, NULL, NULL, NULL, NULL, NULL, NULL, NULL, 10, 500000, NULL, NULL, NULL, NULL, NULL, NULL, NULL, NULL, '2025-09-02 15:25:47', 'superadmin', '2025-09-02 15:25:47', 'superadmin', 1),
	(699, NULL, 657, 36, 47, NULL, NULL, 500, 0, 30, 1000, 500000, 0, 1, NULL, NULL, NULL, NULL, 500, 500000, NULL, NULL, NULL, NULL, NULL, NULL, NULL, NULL, NULL, NULL, NULL, NULL, NULL, NULL, NULL, NULL, NULL, NULL, NULL, NULL, '2025-09-02 15:26:27', 'superadmin', '2025-09-02 15:26:27', 'superadmin', 1),
	(700, NULL, 658, 36, 47, NULL, NULL, 1500, 0, 30, 1000, 1500000, 0, 1, NULL, NULL, NULL, NULL, 800, 800000, NULL, NULL, NULL, NULL, NULL, NULL, NULL, NULL, NULL, NULL, 700, 700000, NULL, NULL, NULL, NULL, NULL, NULL, NULL, NULL, '2025-09-02 15:27:03', 'superadmin', '2025-09-02 15:27:03', 'superadmin', 1),
	(701, NULL, 659, 36, 47, NULL, NULL, 7000, 0, 30, 1000, 7000000, 0, 1, NULL, NULL, NULL, NULL, 3500, 3500000, NULL, NULL, NULL, NULL, NULL, NULL, NULL, NULL, NULL, NULL, 3500, 3500000, NULL, NULL, NULL, NULL, NULL, NULL, NULL, NULL, '2025-09-02 15:27:39', 'superadmin', '2025-09-02 15:27:39', 'superadmin', 1),
	(702, NULL, 660, 36, 47, NULL, NULL, 250, 0, 30, 1000, 250000, 0, 1, NULL, NULL, NULL, NULL, 250, 250000, NULL, NULL, NULL, NULL, NULL, NULL, NULL, NULL, NULL, NULL, NULL, NULL, NULL, NULL, NULL, NULL, NULL, NULL, NULL, NULL, '2025-09-02 15:28:25', 'superadmin', '2025-09-02 15:28:25', 'superadmin', 1),
	(703, NULL, 661, 36, 47, NULL, NULL, 200, 0, 30, 1000, 200000, 0, 1, NULL, NULL, NULL, NULL, 200, 200000, NULL, NULL, NULL, NULL, NULL, NULL, NULL, NULL, NULL, NULL, NULL, NULL, NULL, NULL, NULL, NULL, NULL, NULL, NULL, NULL, '2025-09-02 15:28:51', 'superadmin', '2025-09-02 15:28:51', 'superadmin', 1),
	(704, NULL, 662, 36, 47, NULL, NULL, 900, 0, 30, 1000, 900000, 0, 1, NULL, NULL, NULL, NULL, 500, 500000, NULL, NULL, NULL, NULL, NULL, NULL, NULL, NULL, NULL, NULL, 400, 400000, NULL, NULL, NULL, NULL, NULL, NULL, NULL, NULL, '2025-09-02 15:29:22', 'superadmin', '2025-09-02 15:29:22', 'superadmin', 1),
	(705, NULL, 663, 36, 47, NULL, NULL, 300, 0, 30, 1000, 300000, 0, 1, NULL, NULL, NULL, NULL, 300, 300000, NULL, NULL, NULL, NULL, NULL, NULL, NULL, NULL, NULL, NULL, NULL, NULL, NULL, NULL, NULL, NULL, NULL, NULL, NULL, NULL, '2025-09-02 15:30:00', 'superadmin', '2025-09-02 15:30:00', 'superadmin', 1),
	(706, NULL, 664, 36, 47, NULL, NULL, 700, 0, 30, 1000, 700000, 0, 1, NULL, NULL, NULL, NULL, 700, 700000, NULL, NULL, NULL, NULL, NULL, NULL, NULL, NULL, NULL, NULL, NULL, NULL, NULL, NULL, NULL, NULL, NULL, NULL, NULL, NULL, '2025-09-03 07:37:06', 'superadmin', '2025-09-03 07:37:06', 'superadmin', 1),
	(707, NULL, 665, 36, 47, NULL, NULL, 100, 0, 30, 1000, 100000, 0, 1, NULL, NULL, NULL, NULL, 100, 100000, NULL, NULL, NULL, NULL, NULL, NULL, NULL, NULL, NULL, NULL, NULL, NULL, NULL, NULL, NULL, NULL, NULL, NULL, NULL, NULL, '2025-09-03 07:38:47', 'superadmin', '2025-09-03 07:38:47', 'superadmin', 1),
	(708, NULL, 666, 36, 47, NULL, NULL, 700, 0, 30, 1000, 700000, 0, 1, NULL, NULL, NULL, NULL, 700, 700000, NULL, NULL, NULL, NULL, NULL, NULL, NULL, NULL, NULL, NULL, NULL, NULL, NULL, NULL, NULL, NULL, NULL, NULL, NULL, NULL, '2025-09-03 07:39:14', 'superadmin', '2025-09-03 07:39:14', 'superadmin', 1),
	(709, NULL, 667, 36, 47, NULL, NULL, 1000, 0, 30, 1000, 1000000, 0, 1, NULL, NULL, NULL, NULL, 500, 500000, NULL, NULL, NULL, NULL, NULL, NULL, NULL, NULL, NULL, NULL, 500, 500000, NULL, NULL, NULL, NULL, NULL, NULL, NULL, NULL, '2025-09-03 07:40:30', 'superadmin', '2025-09-03 07:40:30', 'superadmin', 1),
	(710, NULL, 668, 36, 47, NULL, NULL, 2000, 0, 30, 700, 1400000, 0, 1, NULL, NULL, NULL, NULL, 1000, 700000, NULL, NULL, NULL, NULL, NULL, NULL, NULL, NULL, NULL, NULL, 1000, 700000, NULL, NULL, NULL, NULL, NULL, NULL, NULL, NULL, '2025-09-03 07:41:06', 'superadmin', '2025-09-03 07:41:06', 'superadmin', 1),
	(711, NULL, 669, 36, 47, NULL, NULL, 500, 0, 30, 700, 350000, 0, 1, NULL, NULL, NULL, NULL, 500, 350000, NULL, NULL, NULL, NULL, NULL, NULL, NULL, NULL, NULL, NULL, NULL, NULL, NULL, NULL, NULL, NULL, NULL, NULL, NULL, NULL, '2025-09-03 07:41:44', 'superadmin', '2025-09-03 07:41:44', 'superadmin', 1),
	(712, NULL, 670, 36, 47, NULL, NULL, 35, 0, 28, 50000, 1750000, 0, 1, NULL, NULL, NULL, NULL, 20, 1000000, NULL, NULL, NULL, NULL, NULL, NULL, NULL, NULL, NULL, NULL, 15, 750000, NULL, NULL, NULL, NULL, NULL, NULL, NULL, NULL, '2025-09-03 07:42:25', 'superadmin', '2025-09-03 07:42:25', 'superadmin', 1),
	(713, NULL, 672, 36, 47, NULL, NULL, 3000, 0, 30, 700, 2100000, 0, 1, NULL, NULL, NULL, NULL, 1500, 1050000, NULL, NULL, NULL, NULL, NULL, NULL, NULL, NULL, NULL, NULL, 1500, 1050000, NULL, NULL, NULL, NULL, NULL, NULL, NULL, NULL, '2025-09-03 07:43:22', 'superadmin', '2025-09-03 07:43:22', 'superadmin', 1),
	(714, NULL, 1204, 36, 47, NULL, NULL, 2100, 0, 30, 1000, 2100000, 0, 1, NULL, NULL, NULL, NULL, 1100, 1100000, NULL, NULL, NULL, NULL, NULL, NULL, NULL, NULL, NULL, NULL, 1000, 1000000, NULL, NULL, NULL, NULL, NULL, NULL, NULL, NULL, '2025-09-03 07:44:27', 'superadmin', '2025-09-03 07:44:27', 'superadmin', 1),
	(715, NULL, 673, 36, 47, NULL, NULL, 2100, 0, 30, 1000, 2100000, 0, 1, NULL, NULL, NULL, NULL, 100, 100000, NULL, NULL, NULL, NULL, NULL, NULL, NULL, NULL, NULL, NULL, 2000, 2000000, NULL, NULL, NULL, NULL, NULL, NULL, NULL, NULL, '2025-09-03 07:45:00', 'superadmin', '2025-09-03 07:45:00', 'superadmin', 1),
	(716, NULL, 674, 36, 47, NULL, NULL, 100, 0, 30, 700, 70000, 0, 1, NULL, NULL, NULL, NULL, 100, 70000, NULL, NULL, NULL, NULL, NULL, NULL, NULL, NULL, NULL, NULL, NULL, NULL, NULL, NULL, NULL, NULL, NULL, NULL, NULL, NULL, '2025-09-03 07:45:35', 'superadmin', '2025-09-03 07:45:35', 'superadmin', 1),
	(717, NULL, 675, 36, 47, NULL, NULL, 150, 0, 30, 700, 105000, 0, 1, NULL, NULL, NULL, NULL, 150, 105000, NULL, NULL, NULL, NULL, NULL, NULL, NULL, NULL, NULL, NULL, NULL, NULL, NULL, NULL, NULL, NULL, NULL, NULL, NULL, NULL, '2025-09-03 07:46:17', 'superadmin', '2025-09-03 07:46:17', 'superadmin', 1),
	(718, NULL, 676, 36, 47, NULL, NULL, 100, 0, 30, 700, 70000, 0, 1, NULL, NULL, NULL, NULL, 100, 70000, NULL, NULL, NULL, NULL, NULL, NULL, NULL, NULL, NULL, NULL, NULL, NULL, NULL, NULL, NULL, NULL, NULL, NULL, NULL, NULL, '2025-09-03 07:47:16', 'superadmin', '2025-09-03 07:47:16', 'superadmin', 1),
	(719, NULL, 677, 36, 47, NULL, NULL, 1500, 0, 30, 1000, 1500000, 0, 1, NULL, NULL, NULL, NULL, 800, 800000, NULL, NULL, NULL, NULL, NULL, NULL, NULL, NULL, NULL, NULL, 700, 700000, NULL, NULL, NULL, NULL, NULL, NULL, NULL, NULL, '2025-09-03 07:47:53', 'superadmin', '2025-09-03 07:47:53', 'superadmin', 1),
	(720, NULL, 678, 36, 47, NULL, NULL, 1500, 0, 30, 700, 1050000, 0, 1, NULL, NULL, NULL, NULL, 800, 560000, NULL, NULL, NULL, NULL, NULL, NULL, NULL, NULL, NULL, NULL, 700, 490000, NULL, NULL, NULL, NULL, NULL, NULL, NULL, NULL, '2025-09-03 07:48:37', 'superadmin', '2025-09-03 07:48:37', 'superadmin', 1),
	(721, NULL, 679, 36, 47, NULL, NULL, 500, 0, 30, 700, 350000, 0, 1, NULL, NULL, NULL, NULL, 500, 350000, NULL, NULL, NULL, NULL, NULL, NULL, NULL, NULL, NULL, NULL, NULL, NULL, NULL, NULL, NULL, NULL, NULL, NULL, NULL, NULL, '2025-09-03 07:49:25', 'superadmin', '2025-09-03 07:49:25', 'superadmin', 1),
	(722, NULL, 680, 36, 47, NULL, NULL, 15, 0, 28, 35000, 525000, 0, 1, NULL, NULL, NULL, NULL, 8, 280000, NULL, NULL, NULL, NULL, NULL, NULL, NULL, NULL, NULL, NULL, 7, 245000, NULL, NULL, NULL, NULL, NULL, NULL, NULL, NULL, '2025-09-03 07:49:58', 'superadmin', '2025-09-03 07:49:58', 'superadmin', 1),
	(723, NULL, 681, 36, 47, NULL, NULL, 5000, 0, 30, 700, 3500000, 0, 1, NULL, NULL, NULL, NULL, 2500, 1750000, NULL, NULL, NULL, NULL, NULL, NULL, NULL, NULL, NULL, NULL, 2500, 1750000, NULL, NULL, NULL, NULL, NULL, NULL, NULL, NULL, '2025-09-03 07:50:41', 'superadmin', '2025-09-03 07:50:41', 'superadmin', 1),
	(724, NULL, 682, 36, 47, NULL, NULL, 200, 0, 30, 700, 140000, 0, 1, NULL, NULL, NULL, NULL, 200, 140000, NULL, NULL, NULL, NULL, NULL, NULL, NULL, NULL, NULL, NULL, NULL, NULL, NULL, NULL, NULL, NULL, NULL, NULL, NULL, NULL, '2025-09-03 07:51:21', 'superadmin', '2025-09-03 07:51:21', 'superadmin', 1),
	(725, NULL, 683, 36, 47, NULL, NULL, 4000, 0, 30, 700, 2800000, 0, 1, NULL, NULL, NULL, NULL, 2000, 1400000, NULL, NULL, NULL, NULL, NULL, NULL, NULL, NULL, NULL, NULL, 2000, 1400000, NULL, NULL, NULL, NULL, NULL, NULL, NULL, NULL, '2025-09-03 07:52:03', 'superadmin', '2025-09-03 07:52:03', 'superadmin', 1),
	(726, NULL, 684, 36, 47, NULL, NULL, 1500, 0, 30, 700, 1050000, 0, 1, NULL, NULL, NULL, NULL, 800, 560000, NULL, NULL, NULL, NULL, NULL, NULL, NULL, NULL, NULL, NULL, 700, 490000, NULL, NULL, NULL, NULL, NULL, NULL, NULL, NULL, '2025-09-03 07:52:37', 'superadmin', '2025-09-03 07:52:37', 'superadmin', 1),
	(727, NULL, 685, 36, 47, NULL, NULL, 1000, 0, 30, 700, 700000, 0, 1, NULL, NULL, NULL, NULL, 500, 350000, NULL, NULL, NULL, NULL, NULL, NULL, NULL, NULL, NULL, NULL, 500, 350000, NULL, NULL, NULL, NULL, NULL, NULL, NULL, NULL, '2025-09-03 07:53:17', 'superadmin', '2025-09-03 07:53:17', 'superadmin', 1),
	(728, NULL, 686, 36, 47, NULL, NULL, 2000, 0, 30, 700, 1400000, 0, 1, NULL, NULL, NULL, NULL, 1000, 700000, NULL, NULL, NULL, NULL, NULL, NULL, NULL, NULL, NULL, NULL, 1000, 700000, NULL, NULL, NULL, NULL, NULL, NULL, NULL, NULL, '2025-09-03 07:53:55', 'superadmin', '2025-09-03 07:53:55', 'superadmin', 1),
	(729, NULL, 687, 36, 47, NULL, NULL, 1000, 0, 30, 700, 700000, 0, 1, NULL, NULL, NULL, NULL, 500, 350000, NULL, NULL, NULL, NULL, NULL, NULL, NULL, NULL, NULL, NULL, 500, 350000, NULL, NULL, NULL, NULL, NULL, NULL, NULL, NULL, '2025-09-03 07:54:49', 'superadmin', '2025-09-03 07:54:49', 'superadmin', 1),
	(730, NULL, 688, 36, 47, NULL, NULL, 520, 0, 30, 1000, 520000, 0, 1, NULL, NULL, NULL, NULL, 520, 520000, NULL, NULL, NULL, NULL, NULL, NULL, NULL, NULL, NULL, NULL, NULL, NULL, NULL, NULL, NULL, NULL, NULL, NULL, NULL, NULL, '2025-09-03 07:55:23', 'superadmin', '2025-09-03 07:55:23', 'superadmin', 1),
	(731, NULL, 689, 36, 47, NULL, NULL, 200, 0, 30, 1000, 200000, 0, 1, NULL, NULL, NULL, NULL, 200, 200000, NULL, NULL, NULL, NULL, NULL, NULL, NULL, NULL, NULL, NULL, NULL, NULL, NULL, NULL, NULL, NULL, NULL, NULL, NULL, NULL, '2025-09-03 07:56:12', 'superadmin', '2025-09-03 07:56:12', 'superadmin', 1),
	(732, NULL, 690, 36, 47, NULL, NULL, 100, 0, 30, 700, 70000, 0, 1, NULL, NULL, NULL, NULL, 100, 70000, NULL, NULL, NULL, NULL, NULL, NULL, NULL, NULL, NULL, NULL, NULL, NULL, NULL, NULL, NULL, NULL, NULL, NULL, NULL, NULL, '2025-09-03 07:56:50', 'superadmin', '2025-09-03 07:56:50', 'superadmin', 1),
	(733, NULL, 691, 36, 47, NULL, NULL, 300, 0, 30, 1000, 300000, 0, 1, NULL, NULL, NULL, NULL, 300, 300000, NULL, NULL, NULL, NULL, NULL, NULL, NULL, NULL, NULL, NULL, NULL, NULL, NULL, NULL, NULL, NULL, NULL, NULL, NULL, NULL, '2025-09-03 07:57:23', 'superadmin', '2025-09-03 07:57:23', 'superadmin', 1),
	(734, NULL, 692, 36, 47, NULL, NULL, 1500, 0, 30, 1000, 1500000, 0, 1, NULL, NULL, NULL, NULL, 800, 800000, NULL, NULL, NULL, NULL, NULL, NULL, NULL, NULL, NULL, NULL, 700, 700000, NULL, NULL, NULL, NULL, NULL, NULL, NULL, NULL, '2025-09-03 07:57:57', 'superadmin', '2025-09-03 07:57:57', 'superadmin', 1),
	(735, NULL, 693, 36, 47, NULL, NULL, 10000, 0, 30, 1000, 10000000, 0, 1, NULL, NULL, NULL, NULL, 5000, 5000000, NULL, NULL, NULL, NULL, NULL, NULL, NULL, NULL, NULL, NULL, 5000, 5000000, NULL, NULL, NULL, NULL, NULL, NULL, NULL, NULL, '2025-09-03 07:58:51', 'superadmin', '2025-09-03 07:58:51', 'superadmin', 1),
	(736, NULL, 694, 36, 47, NULL, NULL, 200, 0, 30, 700, 140000, 0, 1, NULL, NULL, NULL, NULL, 200, 140000, NULL, NULL, NULL, NULL, NULL, NULL, NULL, NULL, NULL, NULL, NULL, NULL, NULL, NULL, NULL, NULL, NULL, NULL, NULL, NULL, '2025-09-03 07:59:36', 'superadmin', '2025-09-03 07:59:36', 'superadmin', 1),
	(737, NULL, 695, 36, 47, NULL, NULL, 2000, 0, 30, 1000, 2000000, 0, 1, NULL, NULL, NULL, NULL, 1000, 1000000, NULL, NULL, NULL, NULL, NULL, NULL, NULL, NULL, NULL, NULL, 1000, 1000000, NULL, NULL, NULL, NULL, NULL, NULL, NULL, NULL, '2025-09-03 08:00:23', 'superadmin', '2025-09-03 08:00:23', 'superadmin', 1),
	(738, NULL, 696, 36, 47, NULL, NULL, 2000, 0, 30, 700, 1400000, 0, 1, NULL, NULL, NULL, NULL, 1000, 700000, NULL, NULL, NULL, NULL, NULL, NULL, NULL, NULL, NULL, NULL, 1000, 700000, NULL, NULL, NULL, NULL, NULL, NULL, NULL, NULL, '2025-09-03 08:01:10', 'superadmin', '2025-09-03 08:01:10', 'superadmin', 1),
	(739, NULL, 697, 36, 47, NULL, NULL, 5000, 0, 30, 700, 3500000, 0, 1, NULL, NULL, NULL, NULL, 2500, 1750000, NULL, NULL, NULL, NULL, NULL, NULL, NULL, NULL, NULL, NULL, 2500, 1750000, NULL, NULL, NULL, NULL, NULL, NULL, NULL, NULL, '2025-09-03 08:01:46', 'superadmin', '2025-09-03 08:01:46', 'superadmin', 1),
	(740, NULL, 698, 36, 47, NULL, NULL, 17, 0, 28, 50000, 850000, 0, 1, NULL, NULL, NULL, NULL, 9, 450000, NULL, NULL, NULL, NULL, NULL, NULL, NULL, NULL, NULL, NULL, 8, 400000, NULL, NULL, NULL, NULL, NULL, NULL, NULL, NULL, '2025-09-03 08:02:19', 'superadmin', '2025-09-03 08:02:19', 'superadmin', 1),
	(741, NULL, 699, 36, 47, NULL, NULL, 1000, 0, 30, 700, 700000, 0, 1, NULL, NULL, NULL, NULL, 500, 350000, NULL, NULL, NULL, NULL, NULL, NULL, NULL, NULL, NULL, NULL, 500, 350000, NULL, NULL, NULL, NULL, NULL, NULL, NULL, NULL, '2025-09-03 08:02:55', 'superadmin', '2025-09-03 08:02:55', 'superadmin', 1),
	(742, NULL, 700, 36, 47, NULL, NULL, 500, 0, 30, 700, 350000, 0, 1, NULL, NULL, NULL, NULL, 500, 350000, NULL, NULL, NULL, NULL, NULL, NULL, NULL, NULL, NULL, NULL, NULL, NULL, NULL, NULL, NULL, NULL, NULL, NULL, NULL, NULL, '2025-09-03 08:03:31', 'superadmin', '2025-09-03 08:03:31', 'superadmin', 1),
	(743, NULL, 701, 36, 47, NULL, NULL, 8500, 0, 30, 700, 5950000, 0, 1, NULL, NULL, NULL, NULL, 4250, 2975000, NULL, NULL, NULL, NULL, NULL, NULL, NULL, NULL, NULL, NULL, 4250, 2975000, NULL, NULL, NULL, NULL, NULL, NULL, NULL, NULL, '2025-09-03 08:04:07', 'superadmin', '2025-09-03 08:04:07', 'superadmin', 1),
	(744, NULL, 702, 36, 47, NULL, NULL, 100, 0, 30, 700, 70000, 0, 1, NULL, NULL, NULL, NULL, 100, 70000, NULL, NULL, NULL, NULL, NULL, NULL, NULL, NULL, NULL, NULL, NULL, NULL, NULL, NULL, NULL, NULL, NULL, NULL, NULL, NULL, '2025-09-03 08:04:42', 'superadmin', '2025-09-03 08:04:42', 'superadmin', 1),
	(745, NULL, 703, 36, 47, NULL, NULL, 500, 0, 30, 700, 350000, 0, 1, NULL, NULL, NULL, NULL, 500, 350000, NULL, NULL, NULL, NULL, NULL, NULL, NULL, NULL, NULL, NULL, NULL, NULL, NULL, NULL, NULL, NULL, NULL, NULL, NULL, NULL, '2025-09-03 08:05:14', 'superadmin', '2025-09-03 08:05:14', 'superadmin', 1),
	(746, NULL, 704, 36, 47, NULL, NULL, 500, 0, 30, 1000, 500000, 0, 1, NULL, NULL, NULL, NULL, 500, 500000, NULL, NULL, NULL, NULL, NULL, NULL, NULL, NULL, NULL, NULL, NULL, NULL, NULL, NULL, NULL, NULL, NULL, NULL, NULL, NULL, '2025-09-03 08:05:49', 'superadmin', '2025-09-03 08:05:49', 'superadmin', 1),
	(747, NULL, 705, 36, 47, NULL, NULL, 30000, 0, 30, 700, 21000000, 0, 1, NULL, NULL, NULL, NULL, 15000, 10500000, NULL, NULL, NULL, NULL, NULL, NULL, NULL, NULL, NULL, NULL, 15000, 10500000, NULL, NULL, NULL, NULL, NULL, NULL, NULL, NULL, '2025-09-03 08:06:23', 'superadmin', '2025-09-03 08:06:23', 'superadmin', 1),
	(748, NULL, 706, 36, 47, NULL, NULL, 200, 0, 30, 700, 140000, 0, 1, NULL, NULL, NULL, NULL, 200, 140000, NULL, NULL, NULL, NULL, NULL, NULL, NULL, NULL, NULL, NULL, NULL, NULL, NULL, NULL, NULL, NULL, NULL, NULL, NULL, NULL, '2025-09-03 08:06:55', 'superadmin', '2025-09-03 08:06:55', 'superadmin', 1),
	(749, NULL, 707, 36, 47, NULL, NULL, 1000, 0, 30, 700, 700000, 0, 1, NULL, NULL, NULL, NULL, 500, 350000, NULL, NULL, NULL, NULL, NULL, NULL, NULL, NULL, NULL, NULL, 500, 350000, NULL, NULL, NULL, NULL, NULL, NULL, NULL, NULL, '2025-09-03 08:07:44', 'superadmin', '2025-09-03 08:07:44', 'superadmin', 1),
	(750, NULL, 708, 36, 47, NULL, NULL, 1500, 0, 30, 700, 1050000, 0, 1, NULL, NULL, NULL, NULL, 800, 560000, NULL, NULL, NULL, NULL, NULL, NULL, NULL, NULL, 700, 490000, NULL, NULL, NULL, NULL, NULL, NULL, NULL, NULL, NULL, NULL, '2025-09-03 08:08:21', 'superadmin', '2025-09-03 08:08:21', 'superadmin', 1),
	(751, NULL, 709, 36, 47, NULL, NULL, 2000, 0, 30, 1000, 2000000, 0, 1, NULL, NULL, NULL, NULL, 1000, 1000000, NULL, NULL, NULL, NULL, NULL, NULL, NULL, NULL, NULL, NULL, 1000, 1000000, NULL, NULL, NULL, NULL, NULL, NULL, NULL, NULL, '2025-09-03 08:08:51', 'superadmin', '2025-09-03 08:08:51', 'superadmin', 1),
	(752, NULL, 710, 36, 47, NULL, NULL, 300, 0, 30, 700, 210000, 0, 1, NULL, NULL, NULL, NULL, 300, 210000, NULL, NULL, NULL, NULL, NULL, NULL, NULL, NULL, NULL, NULL, NULL, NULL, NULL, NULL, NULL, NULL, NULL, NULL, NULL, NULL, '2025-09-03 08:09:29', 'superadmin', '2025-09-03 08:09:29', 'superadmin', 1),
	(753, NULL, 711, 36, 47, NULL, NULL, 600, 0, 30, 1500, 900000, 0, 1, NULL, NULL, NULL, NULL, 300, 450000, NULL, NULL, NULL, NULL, NULL, NULL, NULL, NULL, NULL, NULL, 300, 450000, NULL, NULL, NULL, NULL, NULL, NULL, NULL, NULL, '2025-09-03 08:10:07', 'superadmin', '2025-09-03 08:10:07', 'superadmin', 1),
	(754, NULL, 712, 36, 47, NULL, NULL, 900, 0, 30, 700, 630000, 0, 1, NULL, NULL, NULL, NULL, 500, 350000, NULL, NULL, 400, 280000, NULL, NULL, NULL, NULL, NULL, NULL, NULL, NULL, NULL, NULL, NULL, NULL, NULL, NULL, NULL, NULL, '2025-09-03 08:10:49', 'superadmin', '2025-09-03 08:10:49', 'superadmin', 1),
	(755, NULL, 713, 36, 47, NULL, NULL, 500, 0, 30, 700, 350000, 0, 1, NULL, NULL, NULL, NULL, 500, 350000, NULL, NULL, NULL, NULL, NULL, NULL, NULL, NULL, NULL, NULL, NULL, NULL, NULL, NULL, NULL, NULL, NULL, NULL, NULL, NULL, '2025-09-03 08:11:23', 'superadmin', '2025-09-03 08:11:23', 'superadmin', 1),
	(756, NULL, 714, 36, 47, NULL, NULL, 2000, 0, 30, 700, 1400000, 0, 1, NULL, NULL, NULL, NULL, 1000, 700000, NULL, NULL, NULL, NULL, NULL, NULL, NULL, NULL, NULL, NULL, 1000, 700000, NULL, NULL, NULL, NULL, NULL, NULL, NULL, NULL, '2025-09-03 08:11:58', 'superadmin', '2025-09-03 08:11:58', 'superadmin', 1),
	(757, NULL, 715, 36, 47, NULL, NULL, 100, 0, 31, 2000, 200000, 0, 1, NULL, NULL, NULL, NULL, 100, 200000, NULL, NULL, NULL, NULL, NULL, NULL, NULL, NULL, NULL, NULL, NULL, NULL, NULL, NULL, NULL, NULL, NULL, NULL, NULL, NULL, '2025-09-03 08:12:26', 'superadmin', '2025-09-03 08:12:26', 'superadmin', 1),
	(758, NULL, 716, 36, 47, NULL, NULL, 500, 0, 30, 700, 350000, 0, 1, NULL, NULL, NULL, NULL, 500, 350000, NULL, NULL, NULL, NULL, NULL, NULL, NULL, NULL, NULL, NULL, NULL, NULL, NULL, NULL, NULL, NULL, NULL, NULL, NULL, NULL, '2025-09-03 08:12:56', 'superadmin', '2025-09-03 08:12:56', 'superadmin', 1),
	(759, NULL, 717, 36, 47, NULL, NULL, 1000, 0, 30, 700, 700000, 0, 1, NULL, NULL, NULL, NULL, 500, 350000, NULL, NULL, NULL, NULL, NULL, NULL, NULL, NULL, NULL, NULL, 500, 350000, NULL, NULL, NULL, NULL, NULL, NULL, NULL, NULL, '2025-09-03 08:13:27', 'superadmin', '2025-09-03 08:13:27', 'superadmin', 1),
	(760, NULL, 718, 36, 47, NULL, NULL, 500, 0, 30, 3000, 1500000, 0, 1, NULL, NULL, NULL, NULL, 500, 1500000, NULL, NULL, NULL, NULL, NULL, NULL, NULL, NULL, NULL, NULL, NULL, NULL, NULL, NULL, NULL, NULL, NULL, NULL, NULL, NULL, '2025-09-03 08:13:57', 'superadmin', '2025-09-03 08:13:57', 'superadmin', 1),
	(761, NULL, 719, 36, 47, NULL, NULL, 1000, 0, 30, 1500, 1500000, 0, 1, NULL, NULL, NULL, NULL, 500, 750000, NULL, NULL, NULL, NULL, NULL, NULL, NULL, NULL, NULL, NULL, 500, 750000, NULL, NULL, NULL, NULL, NULL, NULL, NULL, NULL, '2025-09-03 08:14:40', 'superadmin', '2025-09-03 08:14:40', 'superadmin', 1),
	(762, NULL, 720, 36, 47, NULL, NULL, 4, 0, 16, 4118100, 16472400, 0, 1, NULL, NULL, NULL, NULL, 2, 8236200, NULL, NULL, NULL, NULL, NULL, NULL, NULL, NULL, NULL, NULL, 2, 8236200, NULL, NULL, NULL, NULL, NULL, NULL, NULL, NULL, '2025-09-03 08:15:15', 'superadmin', '2025-09-03 08:15:15', 'superadmin', 1),
	(763, NULL, 721, 36, 47, NULL, NULL, 500, 0, 30, 1000, 500000, 0, 1, NULL, NULL, NULL, NULL, 500, 500000, NULL, NULL, NULL, NULL, NULL, NULL, NULL, NULL, NULL, NULL, NULL, NULL, NULL, NULL, NULL, NULL, NULL, NULL, NULL, NULL, '2025-09-03 08:15:51', 'superadmin', '2025-09-03 08:15:51', 'superadmin', 1),
	(764, NULL, 722, 36, 47, NULL, NULL, 500, 0, 30, 1000, 500000, 0, 1, NULL, NULL, NULL, NULL, 500, 500000, NULL, NULL, NULL, NULL, NULL, NULL, NULL, NULL, NULL, NULL, NULL, NULL, NULL, NULL, NULL, NULL, NULL, NULL, NULL, NULL, '2025-09-03 08:16:09', 'superadmin', '2025-09-03 08:16:09', 'superadmin', 1),
	(765, NULL, 723, 36, 47, NULL, NULL, 50, 0, 44, 159000, 7950000, 0, 1, NULL, NULL, NULL, NULL, 25, 3975000, NULL, NULL, NULL, NULL, NULL, NULL, NULL, NULL, NULL, NULL, 25, 3975000, NULL, NULL, NULL, NULL, NULL, NULL, NULL, NULL, '2025-09-03 08:16:35', 'superadmin', '2025-09-03 08:16:35', 'superadmin', 1),
	(766, NULL, 724, 36, 47, NULL, NULL, 50, 0, 44, 159000, 7950000, 0, 1, NULL, NULL, NULL, NULL, 25, 3975000, NULL, NULL, NULL, NULL, NULL, NULL, NULL, NULL, NULL, NULL, 25, 3975000, NULL, NULL, NULL, NULL, NULL, NULL, NULL, NULL, '2025-09-03 08:17:06', 'superadmin', '2025-09-03 08:17:06', 'superadmin', 1),
	(767, NULL, 725, 36, 47, NULL, NULL, 5, 0, 10, 30000, 150000, 0, 1, NULL, NULL, NULL, NULL, 5, 150000, NULL, NULL, NULL, NULL, NULL, NULL, NULL, NULL, NULL, NULL, NULL, NULL, NULL, NULL, NULL, NULL, NULL, NULL, NULL, NULL, '2025-09-03 08:17:31', 'superadmin', '2025-09-03 08:17:31', 'superadmin', 1),
	(768, NULL, 726, 36, 47, NULL, NULL, 1000, 0, 30, 700, 700000, 0, 1, NULL, NULL, NULL, NULL, 500, 350000, NULL, NULL, NULL, NULL, NULL, NULL, NULL, NULL, NULL, NULL, 500, 350000, NULL, NULL, NULL, NULL, NULL, NULL, NULL, NULL, '2025-09-03 08:18:07', 'superadmin', '2025-09-03 08:18:07', 'superadmin', 1),
	(769, NULL, 727, 36, 47, NULL, NULL, 1, 0, 1, 60000, 60000, 0, 1, NULL, NULL, NULL, NULL, 1, 60000, NULL, NULL, NULL, NULL, NULL, NULL, NULL, NULL, NULL, NULL, NULL, NULL, NULL, NULL, NULL, NULL, NULL, NULL, NULL, NULL, '2025-09-03 08:18:35', 'superadmin', '2025-09-03 08:18:35', 'superadmin', 1),
	(770, NULL, 728, 36, 47, NULL, NULL, 500, 0, 10, 12720, 6360000, 0, 1, NULL, NULL, NULL, NULL, 300, 3816000, NULL, NULL, NULL, NULL, NULL, NULL, NULL, NULL, NULL, NULL, 200, 2544000, NULL, NULL, NULL, NULL, NULL, NULL, NULL, NULL, '2025-09-03 08:19:21', 'superadmin', '2025-09-03 08:19:21', 'superadmin', 1),
	(771, NULL, 729, 36, 47, NULL, NULL, 5000, 0, 30, 700, 3500000, 0, 1, NULL, NULL, NULL, NULL, 2500, 1750000, NULL, NULL, NULL, NULL, NULL, NULL, NULL, NULL, NULL, NULL, 2500, 1750000, NULL, NULL, NULL, NULL, NULL, NULL, NULL, NULL, '2025-09-03 08:19:49', 'superadmin', '2025-09-03 08:19:49', 'superadmin', 1),
	(772, NULL, 730, 36, 47, NULL, NULL, 8000, 0, 30, 700, 5600000, 0, 1, NULL, NULL, NULL, NULL, 4000, 2800000, NULL, NULL, NULL, NULL, NULL, NULL, NULL, NULL, NULL, NULL, 4000, 2800000, NULL, NULL, NULL, NULL, NULL, NULL, NULL, NULL, '2025-09-03 08:20:16', 'superadmin', '2025-09-03 08:20:16', 'superadmin', 1),
	(773, NULL, 731, 36, 47, NULL, NULL, 1, 0, 4, 1900000, 1900000, 0, 1, NULL, NULL, NULL, NULL, 1, 1900000, NULL, NULL, NULL, NULL, NULL, NULL, NULL, NULL, NULL, NULL, NULL, NULL, NULL, NULL, NULL, NULL, NULL, NULL, NULL, NULL, '2025-09-03 08:20:42', 'superadmin', '2025-09-03 08:20:42', 'superadmin', 1),
	(774, NULL, 732, 36, 47, NULL, NULL, 1, 0, 4, 3000000, 3000000, 0, 1, NULL, NULL, NULL, NULL, 1, 3000000, NULL, NULL, NULL, NULL, NULL, NULL, NULL, NULL, NULL, NULL, NULL, NULL, NULL, NULL, NULL, NULL, NULL, NULL, NULL, NULL, '2025-09-03 08:21:09', 'superadmin', '2025-09-03 08:21:09', 'superadmin', 1),
	(775, NULL, 733, 37, 48, NULL, NULL, 1, 0, 20, 2200000, 2200000, 0, 1, NULL, NULL, NULL, NULL, 1, 2200000, NULL, NULL, NULL, NULL, NULL, NULL, NULL, NULL, NULL, NULL, NULL, NULL, NULL, NULL, NULL, NULL, NULL, NULL, NULL, NULL, '2025-09-03 08:24:36', 'superadmin', '2025-09-03 08:24:36', 'superadmin', 1),
	(776, NULL, 734, 37, 48, NULL, NULL, 1, 0, 20, 2860000, 2860000, 0, 1, NULL, NULL, NULL, NULL, 1, 2860000, NULL, NULL, NULL, NULL, NULL, NULL, NULL, NULL, NULL, NULL, NULL, NULL, NULL, NULL, NULL, NULL, NULL, NULL, NULL, NULL, '2025-09-03 08:25:00', 'superadmin', '2025-09-03 08:25:00', 'superadmin', 1),
	(777, NULL, 735, 37, 48, NULL, NULL, 1, 0, 20, 2420000, 2420000, 0, 1, NULL, NULL, NULL, NULL, 1, 2420000, NULL, NULL, NULL, NULL, NULL, NULL, NULL, NULL, NULL, NULL, NULL, NULL, NULL, NULL, NULL, NULL, NULL, NULL, NULL, NULL, '2025-09-03 08:25:28', 'superadmin', '2025-09-03 08:25:28', 'superadmin', 1),
	(778, NULL, 736, 37, 48, NULL, NULL, 56, 0, 9, 150000, 8400000, 0, 1, NULL, NULL, NULL, NULL, NULL, NULL, 14, 2100000, NULL, NULL, NULL, NULL, 14, 2100000, NULL, NULL, NULL, NULL, 14, 2100000, NULL, NULL, NULL, NULL, 14, 2100000, '2025-09-03 08:26:20', 'superadmin', '2025-09-03 08:26:20', 'superadmin', 1),
	(779, NULL, 737, 37, 48, NULL, NULL, 2, 0, 22, 350000, 700000, 0, 1, NULL, NULL, NULL, NULL, NULL, NULL, NULL, NULL, 2, 700000, NULL, NULL, NULL, NULL, NULL, NULL, NULL, NULL, NULL, NULL, NULL, NULL, NULL, NULL, NULL, NULL, '2025-09-03 08:26:48', 'superadmin', '2025-09-03 08:26:48', 'superadmin', 1),
	(780, NULL, 738, 37, 48, NULL, NULL, 16, 0, 9, 150000, 2400000, 0, 1, NULL, NULL, NULL, NULL, NULL, NULL, 4, 600000, NULL, NULL, NULL, NULL, 4, 600000, NULL, NULL, NULL, NULL, 4, 600000, NULL, NULL, NULL, NULL, 4, 600000, '2025-09-03 08:27:34', 'superadmin', '2025-09-03 08:27:34', 'superadmin', 1),
	(781, NULL, 739, 37, 48, NULL, NULL, 1, 0, 1, 1040000, 1040000, 0, 1, NULL, NULL, 1, 1040000, NULL, NULL, NULL, NULL, NULL, NULL, NULL, NULL, NULL, NULL, NULL, NULL, NULL, NULL, NULL, NULL, NULL, NULL, NULL, NULL, NULL, NULL, '2025-09-03 08:28:02', 'superadmin', '2025-09-03 08:28:02', 'superadmin', 1),
	(782, 37, NULL, 37, 48, NULL, NULL, NULL, 0, NULL, NULL, NULL, 1, 0, NULL, NULL, NULL, NULL, NULL, NULL, NULL, NULL, NULL, NULL, NULL, NULL, NULL, NULL, NULL, NULL, NULL, NULL, NULL, NULL, NULL, NULL, NULL, NULL, NULL, NULL, '2025-09-03 08:28:11', 'superadmin', '2025-09-03 08:28:11', 'superadmin', 1),
	(783, NULL, 740, NULL, NULL, 782, NULL, 2, 0, 1, 225000, 450000, 0, 1, NULL, NULL, NULL, NULL, NULL, NULL, NULL, NULL, NULL, NULL, NULL, NULL, NULL, NULL, NULL, NULL, NULL, NULL, 2, 450000, NULL, NULL, NULL, NULL, NULL, NULL, '2025-09-03 08:28:56', 'superadmin', '2025-09-03 08:28:56', 'superadmin', 1),
	(784, NULL, 741, NULL, NULL, 782, NULL, 18, 0, 1, 450000, 8100000, 0, 1, NULL, NULL, NULL, NULL, NULL, NULL, NULL, NULL, NULL, NULL, NULL, NULL, NULL, NULL, NULL, NULL, NULL, NULL, 18, 8100000, NULL, NULL, NULL, NULL, NULL, NULL, '2025-09-03 08:29:26', 'superadmin', '2025-09-03 08:29:26', 'superadmin', 1),
	(785, NULL, 742, NULL, NULL, 782, NULL, 14, 0, 1, 130000, 1820000, 0, 1, NULL, NULL, NULL, NULL, NULL, NULL, NULL, NULL, NULL, NULL, NULL, NULL, NULL, NULL, NULL, NULL, NULL, NULL, 14, 1820000, NULL, NULL, NULL, NULL, NULL, NULL, '2025-09-03 08:29:52', 'superadmin', '2025-09-03 08:29:52', 'superadmin', 1),
	(786, NULL, 743, NULL, NULL, 782, NULL, 4, 0, 1, 390000, 1560000, 0, 1, NULL, NULL, NULL, NULL, NULL, NULL, NULL, NULL, NULL, NULL, NULL, NULL, NULL, NULL, NULL, NULL, NULL, NULL, 4, 1560000, NULL, NULL, NULL, NULL, NULL, NULL, '2025-09-03 08:30:15', 'superadmin', '2025-09-03 08:30:15', 'superadmin', 1),
	(787, NULL, 744, NULL, NULL, 782, NULL, 14, 0, 1, 405000, 5670000, 0, 1, NULL, NULL, NULL, NULL, NULL, NULL, NULL, NULL, NULL, NULL, NULL, NULL, NULL, NULL, NULL, NULL, NULL, NULL, 14, 5670000, NULL, NULL, NULL, NULL, NULL, NULL, '2025-09-03 08:30:43', 'superadmin', '2025-09-03 08:30:43', 'superadmin', 1),
	(788, NULL, 745, NULL, NULL, 782, NULL, 73, 0, 1, 735000, 53655000, 0, 1, NULL, NULL, NULL, NULL, NULL, NULL, NULL, NULL, NULL, NULL, NULL, NULL, NULL, NULL, NULL, NULL, NULL, NULL, 73, 53655000, NULL, NULL, NULL, NULL, NULL, NULL, '2025-09-03 08:31:21', 'superadmin', '2025-09-03 08:31:21', 'superadmin', 1),
	(789, NULL, 746, NULL, NULL, 782, NULL, 10, 0, 1, 238000, 2380000, 0, 1, NULL, NULL, NULL, NULL, NULL, NULL, NULL, NULL, NULL, NULL, NULL, NULL, NULL, NULL, NULL, NULL, NULL, NULL, 10, 2380000, NULL, NULL, NULL, NULL, NULL, NULL, '2025-09-03 08:31:46', 'superadmin', '2025-09-03 08:31:46', 'superadmin', 1),
	(790, NULL, 747, NULL, NULL, 782, NULL, 4, 0, 1, 300000, 1200000, 0, 1, NULL, NULL, NULL, NULL, NULL, NULL, NULL, NULL, NULL, NULL, NULL, NULL, NULL, NULL, NULL, NULL, NULL, NULL, 4, 1200000, NULL, NULL, NULL, NULL, NULL, NULL, '2025-09-03 08:32:06', 'superadmin', '2025-09-03 08:32:06', 'superadmin', 1),
	(791, NULL, 748, NULL, NULL, 782, NULL, 4, 0, 1, 195000, 780000, 0, 1, NULL, NULL, NULL, NULL, NULL, NULL, NULL, NULL, NULL, NULL, NULL, NULL, NULL, NULL, NULL, NULL, NULL, NULL, 4, 780000, NULL, NULL, NULL, NULL, NULL, NULL, '2025-09-03 08:32:30', 'superadmin', '2025-09-03 08:32:30', 'superadmin', 1),
	(792, NULL, 749, NULL, NULL, 782, NULL, 4, 0, 1, 210000, 840000, 0, 1, NULL, NULL, NULL, NULL, NULL, NULL, NULL, NULL, NULL, NULL, NULL, NULL, NULL, NULL, NULL, NULL, NULL, NULL, 4, 840000, NULL, NULL, NULL, NULL, NULL, NULL, '2025-09-03 08:32:54', 'superadmin', '2025-09-03 08:32:54', 'superadmin', 1),
	(793, NULL, 750, NULL, NULL, 782, NULL, 4, 0, 1, 132000, 528000, 0, 1, NULL, NULL, NULL, NULL, NULL, NULL, NULL, NULL, NULL, NULL, NULL, NULL, NULL, NULL, NULL, NULL, NULL, NULL, 4, 528000, NULL, NULL, NULL, NULL, NULL, NULL, '2025-09-03 08:33:16', 'superadmin', '2025-09-03 08:33:16', 'superadmin', 1),
	(794, NULL, 751, NULL, NULL, 782, NULL, 5, 0, 1, 195000, 975000, 0, 1, NULL, NULL, NULL, NULL, NULL, NULL, NULL, NULL, NULL, NULL, NULL, NULL, NULL, NULL, NULL, NULL, NULL, NULL, 5, 975000, NULL, NULL, NULL, NULL, NULL, NULL, '2025-09-03 08:33:37', 'superadmin', '2025-09-03 08:33:37', 'superadmin', 1),
	(795, NULL, 752, NULL, NULL, 782, NULL, 18, 0, 1, 225000, 4050000, 0, 1, NULL, NULL, NULL, NULL, NULL, NULL, NULL, NULL, NULL, NULL, NULL, NULL, NULL, NULL, NULL, NULL, NULL, NULL, 18, 4050000, NULL, NULL, NULL, NULL, NULL, NULL, '2025-09-03 08:34:03', 'superadmin', '2025-09-03 08:34:03', 'superadmin', 1),
	(796, NULL, 753, NULL, NULL, 782, NULL, 12, 0, 1, 435000, 5220000, 0, 1, NULL, NULL, NULL, NULL, NULL, NULL, NULL, NULL, NULL, NULL, NULL, NULL, NULL, NULL, NULL, NULL, NULL, NULL, 12, 5220000, NULL, NULL, NULL, NULL, NULL, NULL, '2025-09-03 08:34:39', 'superadmin', '2025-09-03 08:34:39', 'superadmin', 1),
	(797, NULL, 754, NULL, NULL, 782, NULL, 70, 0, 1, 240000, 16800000, 0, 1, NULL, NULL, NULL, NULL, NULL, NULL, NULL, NULL, NULL, NULL, NULL, NULL, NULL, NULL, NULL, NULL, NULL, NULL, 70, 16800000, NULL, NULL, NULL, NULL, NULL, NULL, '2025-09-03 08:35:04', 'superadmin', '2025-09-03 08:35:04', 'superadmin', 1),
	(798, NULL, 755, NULL, NULL, 782, NULL, 2, 0, 1, 315000, 630000, 0, 1, NULL, NULL, NULL, NULL, NULL, NULL, NULL, NULL, NULL, NULL, NULL, NULL, NULL, NULL, NULL, NULL, NULL, NULL, 2, 630000, NULL, NULL, NULL, NULL, NULL, NULL, '2025-09-03 08:35:25', 'superadmin', '2025-09-03 08:35:25', 'superadmin', 1),
	(799, NULL, 756, NULL, NULL, 782, NULL, 2, 0, 1, 405000, 810000, 0, 1, NULL, NULL, NULL, NULL, NULL, NULL, NULL, NULL, NULL, NULL, NULL, NULL, NULL, NULL, NULL, NULL, NULL, NULL, 2, 810000, NULL, NULL, NULL, NULL, NULL, NULL, '2025-09-03 08:35:48', 'superadmin', '2025-09-03 08:35:48', 'superadmin', 1),
	(800, NULL, 757, NULL, NULL, 782, NULL, 6, 0, 1, 300000, 1800000, 0, 1, NULL, NULL, NULL, NULL, NULL, NULL, NULL, NULL, NULL, NULL, NULL, NULL, NULL, NULL, NULL, NULL, NULL, NULL, 6, 1800000, NULL, NULL, NULL, NULL, NULL, NULL, '2025-09-03 08:36:08', 'superadmin', '2025-09-03 08:36:08', 'superadmin', 1),
	(801, NULL, 758, NULL, NULL, 782, NULL, 39, 0, 1, 360000, 14040000, 0, 1, NULL, NULL, NULL, NULL, NULL, NULL, NULL, NULL, NULL, NULL, NULL, NULL, NULL, NULL, NULL, NULL, NULL, NULL, 39, 14040000, NULL, NULL, NULL, NULL, NULL, NULL, '2025-09-03 08:36:42', 'superadmin', '2025-09-03 08:36:42', 'superadmin', 1),
	(802, NULL, 759, NULL, NULL, 782, NULL, 9, 0, 1, 315000, 2835000, 0, 1, NULL, NULL, NULL, NULL, NULL, NULL, NULL, NULL, NULL, NULL, NULL, NULL, NULL, NULL, NULL, NULL, NULL, NULL, 9, 2835000, NULL, NULL, NULL, NULL, NULL, NULL, '2025-09-03 08:37:07', 'superadmin', '2025-09-03 08:37:07', 'superadmin', 1),
	(803, NULL, 760, NULL, NULL, 782, NULL, 8, 0, 1, 240000, 1920000, 0, 1, NULL, NULL, NULL, NULL, NULL, NULL, NULL, NULL, NULL, NULL, NULL, NULL, NULL, NULL, NULL, NULL, NULL, NULL, 8, 1920000, NULL, NULL, NULL, NULL, NULL, NULL, '2025-09-03 08:37:29', 'superadmin', '2025-09-03 08:37:29', 'superadmin', 1),
	(804, NULL, 761, NULL, NULL, 782, NULL, 12, 0, 1, 240000, 2880000, 0, 1, NULL, NULL, NULL, NULL, NULL, NULL, NULL, NULL, NULL, NULL, NULL, NULL, NULL, NULL, NULL, NULL, NULL, NULL, 12, 2880000, NULL, NULL, NULL, NULL, NULL, NULL, '2025-09-03 08:38:12', 'superadmin', '2025-09-03 08:38:12', 'superadmin', 1),
	(805, NULL, 762, NULL, NULL, 782, NULL, 4, 0, 1, 360000, 1440000, 0, 1, NULL, NULL, NULL, NULL, NULL, NULL, NULL, NULL, NULL, NULL, NULL, NULL, NULL, NULL, NULL, NULL, NULL, NULL, 4, 1440000, NULL, NULL, NULL, NULL, NULL, NULL, '2025-09-03 08:38:35', 'superadmin', '2025-09-03 08:38:35', 'superadmin', 1),
	(806, NULL, 763, NULL, NULL, 782, NULL, 34, 0, 1, 285000, 9690000, 0, 1, NULL, NULL, NULL, NULL, NULL, NULL, NULL, NULL, NULL, NULL, NULL, NULL, NULL, NULL, NULL, NULL, NULL, NULL, 34, 9690000, NULL, NULL, NULL, NULL, NULL, NULL, '2025-09-03 08:39:01', 'superadmin', '2025-09-03 08:39:01', 'superadmin', 1),
	(807, NULL, 764, NULL, NULL, 782, NULL, 4, 0, 1, 210000, 840000, 0, 1, NULL, NULL, NULL, NULL, NULL, NULL, NULL, NULL, NULL, NULL, NULL, NULL, NULL, NULL, NULL, NULL, NULL, NULL, 4, 840000, NULL, NULL, NULL, NULL, NULL, NULL, '2025-09-03 08:39:23', 'superadmin', '2025-09-03 08:39:23', 'superadmin', 1),
	(808, NULL, 765, NULL, NULL, 782, NULL, 4, 0, 1, 180000, 720000, 0, 1, NULL, NULL, NULL, NULL, NULL, NULL, NULL, NULL, NULL, NULL, NULL, NULL, NULL, NULL, NULL, NULL, NULL, NULL, 4, 720000, NULL, NULL, NULL, NULL, NULL, NULL, '2025-09-03 08:41:55', 'superadmin', '2025-09-03 08:41:55', 'superadmin', 1),
	(809, NULL, 766, NULL, NULL, 782, NULL, 10, 0, 1, 180000, 1800000, 0, 1, NULL, NULL, NULL, NULL, NULL, NULL, NULL, NULL, NULL, NULL, NULL, NULL, NULL, NULL, NULL, NULL, NULL, NULL, 10, 1800000, NULL, NULL, NULL, NULL, NULL, NULL, '2025-09-03 08:42:22', 'superadmin', '2025-09-03 08:42:22', 'superadmin', 1),
	(810, NULL, 767, NULL, NULL, 782, NULL, 20, 0, 1, 180000, 3600000, 0, 1, NULL, NULL, NULL, NULL, NULL, NULL, NULL, NULL, NULL, NULL, NULL, NULL, NULL, NULL, NULL, NULL, NULL, NULL, 20, 3600000, NULL, NULL, NULL, NULL, NULL, NULL, '2025-09-03 08:42:51', 'superadmin', '2025-09-03 08:42:51', 'superadmin', 1),
	(811, NULL, 768, NULL, NULL, 782, NULL, 6, 0, 1, 255000, 1530000, 0, 1, NULL, NULL, NULL, NULL, NULL, NULL, NULL, NULL, NULL, NULL, NULL, NULL, NULL, NULL, NULL, NULL, NULL, NULL, 6, 1530000, NULL, NULL, NULL, NULL, NULL, NULL, '2025-09-03 08:43:36', 'superadmin', '2025-09-03 08:43:36', 'superadmin', 1),
	(812, NULL, 769, NULL, NULL, 782, NULL, 12, 0, 1, 200000, 2400000, 0, 1, NULL, NULL, NULL, NULL, NULL, NULL, NULL, NULL, NULL, NULL, NULL, NULL, NULL, NULL, NULL, NULL, NULL, NULL, 12, 2400000, NULL, NULL, NULL, NULL, NULL, NULL, '2025-09-03 08:44:21', 'superadmin', '2025-09-03 08:44:21', 'superadmin', 1),
	(813, NULL, 770, NULL, NULL, 782, NULL, 2, 0, 1, 255000, 510000, 0, 1, NULL, NULL, NULL, NULL, NULL, NULL, NULL, NULL, NULL, NULL, NULL, NULL, NULL, NULL, NULL, NULL, NULL, NULL, 2, 510000, NULL, NULL, NULL, NULL, NULL, NULL, '2025-09-03 08:44:57', 'superadmin', '2025-09-03 08:44:57', 'superadmin', 1),
	(814, NULL, 771, NULL, NULL, 782, NULL, 2, 0, 1, 1700000, 3400000, 0, 1, NULL, NULL, NULL, NULL, NULL, NULL, NULL, NULL, NULL, NULL, NULL, NULL, NULL, NULL, NULL, NULL, NULL, NULL, 2, 3400000, NULL, NULL, NULL, NULL, NULL, NULL, '2025-09-03 08:45:47', 'superadmin', '2025-09-03 08:45:47', 'superadmin', 1),
	(815, NULL, 772, NULL, NULL, 782, NULL, 2, 0, 1, 250000, 500000, 0, 1, NULL, NULL, NULL, NULL, NULL, NULL, NULL, NULL, NULL, NULL, NULL, NULL, NULL, NULL, NULL, NULL, NULL, NULL, 2, 500000, NULL, NULL, NULL, NULL, NULL, NULL, '2025-09-03 08:46:08', 'superadmin', '2025-09-03 08:46:08', 'superadmin', 1),
	(816, NULL, 773, NULL, NULL, 782, NULL, 3, 0, 1, 2340000, 7020000, 0, 1, NULL, NULL, NULL, NULL, NULL, NULL, NULL, NULL, NULL, NULL, NULL, NULL, NULL, NULL, NULL, NULL, NULL, NULL, 3, 7020000, NULL, NULL, NULL, NULL, NULL, NULL, '2025-09-03 08:46:31', 'superadmin', '2025-09-03 08:46:31', 'superadmin', 1),
	(817, NULL, 774, NULL, NULL, 782, NULL, 2, 0, 1, 1400000, 2800000, 0, 1, NULL, NULL, NULL, NULL, NULL, NULL, NULL, NULL, NULL, NULL, NULL, NULL, NULL, NULL, NULL, NULL, NULL, NULL, 2, 2800000, NULL, NULL, NULL, NULL, NULL, NULL, '2025-09-03 08:46:55', 'superadmin', '2025-09-03 08:46:55', 'superadmin', 1),
	(818, NULL, 775, NULL, NULL, 782, NULL, 68, 0, 1, 360000, 24480000, 0, 1, NULL, NULL, NULL, NULL, NULL, NULL, NULL, NULL, NULL, NULL, NULL, NULL, NULL, NULL, NULL, NULL, NULL, NULL, 68, 24480000, NULL, NULL, NULL, NULL, NULL, NULL, '2025-09-03 08:47:24', 'superadmin', '2025-09-03 08:47:24', 'superadmin', 1),
	(819, NULL, 776, NULL, NULL, 782, NULL, 2, 0, 1, 290000, 580000, 0, 1, NULL, NULL, NULL, NULL, NULL, NULL, NULL, NULL, NULL, NULL, NULL, NULL, NULL, NULL, NULL, NULL, NULL, NULL, 2, 580000, NULL, NULL, NULL, NULL, NULL, NULL, '2025-09-03 08:47:48', 'superadmin', '2025-09-03 08:47:48', 'superadmin', 1),
	(820, NULL, 777, NULL, NULL, 782, NULL, 47, 0, 1, 105000, 4935000, 0, 1, NULL, NULL, NULL, NULL, NULL, NULL, NULL, NULL, NULL, NULL, NULL, NULL, NULL, NULL, NULL, NULL, NULL, NULL, 47, 4935000, NULL, NULL, NULL, NULL, NULL, NULL, '2025-09-03 08:48:12', 'superadmin', '2025-09-03 08:48:12', 'superadmin', 1),
	(821, NULL, 778, NULL, NULL, 782, NULL, 11, 0, 1, 225000, 2475000, 0, 1, NULL, NULL, NULL, NULL, NULL, NULL, NULL, NULL, NULL, NULL, NULL, NULL, NULL, NULL, NULL, NULL, NULL, NULL, 11, 2475000, NULL, NULL, NULL, NULL, NULL, NULL, '2025-09-03 08:48:36', 'superadmin', '2025-09-03 08:48:36', 'superadmin', 1),
	(822, NULL, 779, NULL, NULL, 782, NULL, 6, 0, 1, 220000, 1320000, 0, 1, NULL, NULL, NULL, NULL, NULL, NULL, NULL, NULL, NULL, NULL, NULL, NULL, NULL, NULL, NULL, NULL, NULL, NULL, 6, 1320000, NULL, NULL, NULL, NULL, NULL, NULL, '2025-09-03 08:48:57', 'superadmin', '2025-09-03 08:48:57', 'superadmin', 1),
	(823, NULL, 780, NULL, NULL, 782, NULL, 12, 0, 1, 375000, 4500000, 0, 1, NULL, NULL, NULL, NULL, NULL, NULL, NULL, NULL, NULL, NULL, NULL, NULL, NULL, NULL, NULL, NULL, NULL, NULL, 12, 4500000, NULL, NULL, NULL, NULL, NULL, NULL, '2025-09-03 08:49:18', 'superadmin', '2025-09-03 08:49:18', 'superadmin', 1),
	(824, NULL, 781, NULL, NULL, 782, NULL, 38, 0, 1, 160000, 6080000, 0, 1, NULL, NULL, NULL, NULL, NULL, NULL, NULL, NULL, NULL, NULL, NULL, NULL, NULL, NULL, NULL, NULL, NULL, NULL, 38, 6080000, NULL, NULL, NULL, NULL, NULL, NULL, '2025-09-03 08:49:43', 'superadmin', '2025-09-03 08:49:43', 'superadmin', 1),
	(825, NULL, 782, NULL, NULL, 782, NULL, 15, 0, 1, 495000, 7425000, 0, 1, NULL, NULL, NULL, NULL, NULL, NULL, NULL, NULL, NULL, NULL, NULL, NULL, NULL, NULL, NULL, NULL, NULL, NULL, 15, 7425000, NULL, NULL, NULL, NULL, NULL, NULL, '2025-09-03 08:50:25', 'superadmin', '2025-09-03 08:50:25', 'superadmin', 1),
	(826, NULL, 783, NULL, NULL, 782, NULL, 18, 0, 1, 202500, 3645000, 0, 1, NULL, NULL, NULL, NULL, NULL, NULL, NULL, NULL, NULL, NULL, NULL, NULL, NULL, NULL, NULL, NULL, NULL, NULL, 18, 3645000, NULL, NULL, NULL, NULL, NULL, NULL, '2025-09-03 08:51:04', 'superadmin', '2025-09-03 08:51:04', 'superadmin', 1),
	(827, NULL, 784, NULL, NULL, 782, NULL, 2, 0, 1, 175000, 350000, 0, 1, NULL, NULL, NULL, NULL, NULL, NULL, NULL, NULL, NULL, NULL, NULL, NULL, NULL, NULL, NULL, NULL, NULL, NULL, 2, 350000, NULL, NULL, NULL, NULL, NULL, NULL, '2025-09-03 08:51:26', 'superadmin', '2025-09-03 08:51:26', 'superadmin', 1),
	(828, NULL, 785, NULL, NULL, 782, NULL, 4, 0, 1, 345000, 1380000, 0, 1, NULL, NULL, NULL, NULL, NULL, NULL, NULL, NULL, NULL, NULL, NULL, NULL, NULL, NULL, NULL, NULL, NULL, NULL, 4, 1380000, NULL, NULL, NULL, NULL, NULL, NULL, '2025-09-03 08:51:48', 'superadmin', '2025-09-03 08:51:48', 'superadmin', 1),
	(829, NULL, 786, NULL, NULL, 782, NULL, 6, 0, 1, 400000, 2400000, 0, 1, NULL, NULL, NULL, NULL, NULL, NULL, NULL, NULL, NULL, NULL, NULL, NULL, NULL, NULL, NULL, NULL, NULL, NULL, 6, 2400000, NULL, NULL, NULL, NULL, NULL, NULL, '2025-09-03 08:57:50', 'superadmin', '2025-09-03 08:57:50', 'superadmin', 1),
	(830, NULL, 787, NULL, NULL, 782, NULL, 35, 0, 1, 180000, 6300000, 0, 1, NULL, NULL, NULL, NULL, NULL, NULL, NULL, NULL, NULL, NULL, NULL, NULL, NULL, NULL, NULL, NULL, NULL, NULL, 35, 6300000, NULL, NULL, NULL, NULL, NULL, NULL, '2025-09-03 08:58:16', 'superadmin', '2025-09-03 08:58:16', 'superadmin', 1),
	(831, NULL, 788, NULL, NULL, 782, NULL, 18, 0, 1, 619000, 11142000, 0, 1, NULL, NULL, NULL, NULL, NULL, NULL, NULL, NULL, NULL, NULL, NULL, NULL, NULL, NULL, NULL, NULL, NULL, NULL, 18, 11142000, NULL, NULL, NULL, NULL, NULL, NULL, '2025-09-03 09:00:02', 'superadmin', '2025-09-03 09:00:02', 'superadmin', 1),
	(832, NULL, 789, NULL, NULL, 782, NULL, 15, 0, 1, 202500, 3037500, 0, 1, NULL, NULL, NULL, NULL, NULL, NULL, NULL, NULL, NULL, NULL, NULL, NULL, NULL, NULL, NULL, NULL, NULL, NULL, 15, 3037500, NULL, NULL, NULL, NULL, NULL, NULL, '2025-09-03 09:00:31', 'superadmin', '2025-09-03 09:00:31', 'superadmin', 1),
	(833, NULL, 790, NULL, NULL, 782, NULL, 5, 0, 1, 317000, 1585000, 0, 1, NULL, NULL, NULL, NULL, NULL, NULL, NULL, NULL, NULL, NULL, NULL, NULL, NULL, NULL, NULL, NULL, NULL, NULL, 5, 1585000, NULL, NULL, NULL, NULL, NULL, NULL, '2025-09-03 09:00:54', 'superadmin', '2025-09-03 09:00:54', 'superadmin', 1),
	(834, NULL, 791, NULL, NULL, 782, NULL, 1, 0, 1, 332000, 332000, 0, 1, NULL, NULL, NULL, NULL, NULL, NULL, NULL, NULL, NULL, NULL, NULL, NULL, NULL, NULL, NULL, NULL, NULL, NULL, 1, 332000, NULL, NULL, NULL, NULL, NULL, NULL, '2025-09-03 09:01:18', 'superadmin', '2025-09-03 09:01:18', 'superadmin', 1),
	(835, NULL, 792, NULL, NULL, 782, NULL, 1, 0, 1, 966000, 966000, 0, 1, NULL, NULL, NULL, NULL, NULL, NULL, NULL, NULL, NULL, NULL, NULL, NULL, NULL, NULL, NULL, NULL, NULL, NULL, 1, 966000, NULL, NULL, NULL, NULL, NULL, NULL, '2025-09-03 09:03:24', 'superadmin', '2025-09-03 09:03:24', 'superadmin', 1),
	(836, NULL, 793, NULL, NULL, 782, NULL, 1, 0, 1, 856000, 856000, 0, 1, NULL, NULL, NULL, NULL, NULL, NULL, NULL, NULL, NULL, NULL, NULL, NULL, NULL, NULL, NULL, NULL, NULL, NULL, 1, 856000, NULL, NULL, NULL, NULL, NULL, NULL, '2025-09-03 09:03:44', 'superadmin', '2025-09-03 09:03:44', 'superadmin', 1),
	(837, NULL, 794, NULL, NULL, 782, NULL, 1, 0, 1, 1700000, 1700000, 0, 1, NULL, NULL, NULL, NULL, NULL, NULL, NULL, NULL, NULL, NULL, NULL, NULL, NULL, NULL, NULL, NULL, NULL, NULL, 1, 1700000, NULL, NULL, NULL, NULL, NULL, NULL, '2025-09-03 09:04:05', 'superadmin', '2025-09-03 09:04:05', 'superadmin', 1),
	(838, NULL, 795, NULL, NULL, 782, NULL, 1, 0, 1, 1700000, 1700000, 0, 1, NULL, NULL, NULL, NULL, NULL, NULL, NULL, NULL, NULL, NULL, NULL, NULL, NULL, NULL, NULL, NULL, NULL, NULL, 1, 1700000, NULL, NULL, NULL, NULL, NULL, NULL, '2025-09-03 09:04:25', 'superadmin', '2025-09-03 09:04:25', 'superadmin', 1),
	(839, NULL, 796, NULL, NULL, 782, NULL, 48, 0, 32, 410000, 19680000, 0, 1, NULL, NULL, NULL, NULL, NULL, NULL, NULL, NULL, NULL, NULL, NULL, NULL, NULL, NULL, NULL, NULL, NULL, NULL, 48, 19680000, NULL, NULL, NULL, NULL, NULL, NULL, '2025-09-03 09:04:56', 'superadmin', '2025-09-03 09:04:56', 'superadmin', 1),
	(840, NULL, 797, NULL, NULL, 782, NULL, 33, 0, 32, 814000, 26862000, 0, 1, NULL, NULL, NULL, NULL, NULL, NULL, NULL, NULL, NULL, NULL, NULL, NULL, NULL, NULL, NULL, NULL, NULL, NULL, 33, 26862000, NULL, NULL, NULL, NULL, NULL, NULL, '2025-09-03 09:06:28', 'superadmin', '2025-09-03 09:06:28', 'superadmin', 1),
	(841, NULL, 798, NULL, NULL, 782, NULL, 4, 0, 32, 410000, 1640000, 0, 1, NULL, NULL, NULL, NULL, NULL, NULL, NULL, NULL, NULL, NULL, NULL, NULL, NULL, NULL, NULL, NULL, NULL, NULL, 4, 1640000, NULL, NULL, NULL, NULL, NULL, NULL, '2025-09-03 09:06:51', 'superadmin', '2025-09-03 09:06:51', 'superadmin', 1),
	(842, NULL, 800, NULL, NULL, 782, NULL, 2, 0, 32, 814000, 1628000, 0, 1, NULL, NULL, NULL, NULL, NULL, NULL, NULL, NULL, NULL, NULL, NULL, NULL, NULL, NULL, NULL, NULL, NULL, NULL, 2, 1628000, NULL, NULL, NULL, NULL, NULL, NULL, '2025-09-03 09:07:56', 'superadmin', '2025-09-03 09:07:56', 'superadmin', 1),
	(843, NULL, 1205, NULL, NULL, 782, NULL, 4, 0, 9, 450000, 1800000, 0, 1, NULL, NULL, NULL, NULL, NULL, NULL, NULL, NULL, NULL, NULL, NULL, NULL, NULL, NULL, NULL, NULL, NULL, NULL, 4, 1800000, NULL, NULL, NULL, NULL, NULL, NULL, '2025-09-03 09:09:06', 'superadmin', '2025-09-03 09:09:06', 'superadmin', 1),
	(844, NULL, 801, NULL, NULL, 782, NULL, 2, 0, 9, 450000, 900000, 0, 1, NULL, NULL, NULL, NULL, NULL, NULL, NULL, NULL, NULL, NULL, NULL, NULL, NULL, NULL, NULL, NULL, NULL, NULL, 2, 900000, NULL, NULL, NULL, NULL, NULL, NULL, '2025-09-03 09:09:25', 'superadmin', '2025-09-03 09:09:25', 'superadmin', 1),
	(845, NULL, 802, 38, 49, NULL, NULL, 1, 0, 4, 230000000, 230000000, 0, 1, NULL, NULL, 1, 230000000, NULL, NULL, NULL, NULL, NULL, NULL, NULL, NULL, NULL, NULL, NULL, NULL, NULL, NULL, NULL, NULL, NULL, NULL, NULL, NULL, NULL, NULL, '2025-09-03 09:11:57', 'superadmin', '2025-09-03 09:11:57', 'superadmin', 1),
	(846, NULL, 803, 38, 49, NULL, NULL, 1, 0, 4, 10000000, 10000000, 0, 1, NULL, NULL, 1, 10000000, NULL, NULL, NULL, NULL, NULL, NULL, NULL, NULL, NULL, NULL, NULL, NULL, NULL, NULL, NULL, NULL, NULL, NULL, NULL, NULL, NULL, NULL, '2025-09-03 09:12:30', 'superadmin', '2025-09-03 09:12:30', 'superadmin', 1),
	(847, 38, NULL, 38, 49, NULL, NULL, NULL, 0, NULL, NULL, NULL, 1, 0, NULL, NULL, NULL, NULL, NULL, NULL, NULL, NULL, NULL, NULL, NULL, NULL, NULL, NULL, NULL, NULL, NULL, NULL, NULL, NULL, NULL, NULL, NULL, NULL, NULL, NULL, '2025-09-03 09:12:49', 'superadmin', '2025-09-03 09:12:49', 'superadmin', 1),
	(848, NULL, 804, NULL, NULL, 847, NULL, 1, 0, 1, 1900000, 1900000, 0, 1, NULL, NULL, NULL, NULL, NULL, NULL, 1, 1900000, NULL, NULL, NULL, NULL, NULL, NULL, NULL, NULL, NULL, NULL, NULL, NULL, NULL, NULL, NULL, NULL, NULL, NULL, '2025-09-03 09:13:16', 'superadmin', '2025-09-03 09:13:16', 'superadmin', 1),
	(849, NULL, 805, NULL, NULL, 847, NULL, 1, 0, 1, 1600000, 1600000, 0, 1, NULL, NULL, NULL, NULL, NULL, NULL, NULL, NULL, NULL, NULL, NULL, NULL, NULL, NULL, NULL, NULL, NULL, NULL, NULL, NULL, NULL, NULL, NULL, NULL, 1, 1600000, '2025-09-03 09:13:50', 'superadmin', '2025-09-03 09:13:50', 'superadmin', 1),
	(850, NULL, 806, NULL, NULL, 847, NULL, 1, 0, 1, 1950000, 1950000, 0, 1, NULL, NULL, NULL, NULL, NULL, NULL, NULL, NULL, NULL, NULL, 1, 1950000, NULL, NULL, NULL, NULL, NULL, NULL, NULL, NULL, NULL, NULL, NULL, NULL, NULL, NULL, '2025-09-03 09:15:03', 'superadmin', '2025-09-03 09:15:03', 'superadmin', 1),
	(851, NULL, 807, NULL, NULL, 847, NULL, 1, 0, 1, 900000, 900000, 0, 1, NULL, NULL, NULL, NULL, NULL, NULL, NULL, NULL, NULL, NULL, NULL, NULL, NULL, NULL, NULL, NULL, NULL, NULL, NULL, NULL, NULL, NULL, 1, 900000, NULL, NULL, '2025-09-03 09:15:39', 'superadmin', '2025-09-03 09:15:39', 'superadmin', 1),
	(852, NULL, 808, NULL, NULL, 847, NULL, 1, 0, 1, 3200000, 3200000, 0, 1, NULL, NULL, NULL, NULL, NULL, NULL, NULL, NULL, NULL, NULL, NULL, NULL, NULL, NULL, NULL, NULL, NULL, NULL, NULL, NULL, NULL, NULL, NULL, NULL, 1, 3200000, '2025-09-03 09:16:10', 'superadmin', '2025-09-03 09:16:10', 'superadmin', 1),
	(853, 39, NULL, 38, 49, NULL, NULL, NULL, 0, NULL, NULL, NULL, 1, 0, NULL, NULL, NULL, NULL, NULL, NULL, NULL, NULL, NULL, NULL, NULL, NULL, NULL, NULL, NULL, NULL, NULL, NULL, NULL, NULL, NULL, NULL, NULL, NULL, NULL, NULL, '2025-09-03 09:16:24', 'superadmin', '2025-09-03 09:16:24', 'superadmin', 1),
	(854, NULL, 809, NULL, NULL, 853, NULL, 1, 0, 1, 1450000, 1450000, 0, 1, NULL, NULL, NULL, NULL, NULL, NULL, NULL, NULL, NULL, NULL, NULL, NULL, NULL, NULL, 1, 1450000, NULL, NULL, NULL, NULL, NULL, NULL, NULL, NULL, NULL, NULL, '2025-09-03 09:16:57', 'superadmin', '2025-09-03 09:16:57', 'superadmin', 1),
	(855, NULL, 810, NULL, NULL, 853, NULL, 1, 0, 1, 2300000, 2300000, 0, 1, NULL, NULL, NULL, NULL, NULL, NULL, NULL, NULL, NULL, NULL, NULL, NULL, NULL, NULL, NULL, NULL, NULL, NULL, NULL, NULL, 1, 2300000, NULL, NULL, NULL, NULL, '2025-09-03 09:17:27', 'superadmin', '2025-09-03 09:17:27', 'superadmin', 1),
	(856, NULL, 811, NULL, NULL, 853, NULL, 1, 0, 1, 2100000, 2100000, 0, 1, NULL, NULL, 1, 2100000, NULL, NULL, NULL, NULL, NULL, NULL, NULL, NULL, NULL, NULL, NULL, NULL, NULL, NULL, NULL, NULL, NULL, NULL, NULL, NULL, NULL, NULL, '2025-09-03 09:18:03', 'superadmin', '2025-09-03 09:18:03', 'superadmin', 1),
	(857, NULL, 812, NULL, NULL, 853, NULL, 1, 0, 1, 900000, 900000, 0, 1, NULL, NULL, NULL, NULL, NULL, NULL, NULL, NULL, NULL, NULL, NULL, NULL, NULL, NULL, NULL, NULL, 1, 900000, NULL, NULL, NULL, NULL, NULL, NULL, NULL, NULL, '2025-09-03 09:18:31', 'superadmin', '2025-09-03 09:18:31', 'superadmin', 1),
	(858, NULL, 813, NULL, NULL, 853, NULL, 1, 0, 1, 1900000, 1900000, 0, 1, NULL, NULL, NULL, NULL, NULL, NULL, NULL, NULL, NULL, NULL, NULL, NULL, NULL, NULL, NULL, NULL, NULL, NULL, NULL, NULL, 1, 1900000, NULL, NULL, NULL, NULL, '2025-09-03 09:19:01', 'superadmin', '2025-09-03 09:19:01', 'superadmin', 1),
	(859, NULL, 814, NULL, NULL, 853, NULL, 1, 0, 1, 1300000, 1300000, 0, 1, NULL, NULL, NULL, NULL, NULL, NULL, NULL, NULL, NULL, NULL, NULL, NULL, NULL, NULL, NULL, NULL, NULL, NULL, NULL, NULL, NULL, NULL, NULL, NULL, 1, 1300000, '2025-09-03 09:19:34', 'superadmin', '2025-09-03 09:19:34', 'superadmin', 1),
	(860, 40, NULL, 38, 49, NULL, NULL, NULL, 0, NULL, NULL, NULL, 1, 0, NULL, NULL, NULL, NULL, NULL, NULL, NULL, NULL, NULL, NULL, NULL, NULL, NULL, NULL, NULL, NULL, NULL, NULL, NULL, NULL, NULL, NULL, NULL, NULL, NULL, NULL, '2025-09-03 09:19:51', 'superadmin', '2025-09-03 09:19:51', 'superadmin', 1),
	(861, NULL, 815, NULL, NULL, 860, NULL, 3, 0, 1, 250000, 750000, 0, 1, NULL, NULL, NULL, NULL, NULL, NULL, NULL, NULL, NULL, NULL, NULL, NULL, NULL, NULL, NULL, NULL, NULL, NULL, NULL, NULL, 3, 750000, NULL, NULL, NULL, NULL, '2025-09-03 09:20:16', 'superadmin', '2025-09-03 09:20:16', 'superadmin', 1),
	(862, 41, NULL, 38, 49, NULL, NULL, NULL, 0, NULL, NULL, NULL, 1, 0, NULL, NULL, NULL, NULL, NULL, NULL, NULL, NULL, NULL, NULL, NULL, NULL, NULL, NULL, NULL, NULL, NULL, NULL, NULL, NULL, NULL, NULL, NULL, NULL, NULL, NULL, '2025-09-03 09:20:35', 'superadmin', '2025-09-03 09:20:35', 'superadmin', 1),
	(863, NULL, 816, NULL, NULL, 862, NULL, 1, 0, 1, 7500000, 7500000, 0, 1, NULL, NULL, NULL, NULL, NULL, NULL, NULL, NULL, NULL, NULL, NULL, NULL, NULL, NULL, NULL, NULL, NULL, NULL, NULL, NULL, NULL, NULL, NULL, NULL, 1, 7500000, '2025-09-03 09:20:58', 'superadmin', '2025-09-03 09:20:58', 'superadmin', 1),
	(864, NULL, 817, NULL, NULL, 862, NULL, 1, 0, 1, 4500000, 4500000, 0, 1, NULL, NULL, NULL, NULL, NULL, NULL, NULL, NULL, NULL, NULL, NULL, NULL, NULL, NULL, NULL, NULL, NULL, NULL, NULL, NULL, NULL, NULL, NULL, NULL, 1, 4500000, '2025-09-03 09:21:26', 'superadmin', '2025-09-03 09:21:26', 'superadmin', 1),
	(865, NULL, 818, NULL, NULL, 862, NULL, 1, 0, 1, 5300000, 5300000, 0, 1, NULL, NULL, NULL, NULL, NULL, NULL, NULL, NULL, NULL, NULL, NULL, NULL, NULL, NULL, NULL, NULL, 1, 5300000, NULL, NULL, NULL, NULL, NULL, NULL, NULL, NULL, '2025-09-03 09:21:54', 'superadmin', '2025-09-03 09:22:07', 'superadmin', 1),
	(866, 42, NULL, 38, 49, NULL, NULL, NULL, 0, NULL, NULL, NULL, 1, 0, NULL, NULL, NULL, NULL, NULL, NULL, NULL, NULL, NULL, NULL, NULL, NULL, NULL, NULL, NULL, NULL, NULL, NULL, NULL, NULL, NULL, NULL, NULL, NULL, NULL, NULL, '2025-09-03 09:22:22', 'superadmin', '2025-09-03 09:22:22', 'superadmin', 1),
	(867, NULL, 819, NULL, NULL, 866, NULL, 1, 0, 1, 7500000, 7500000, 0, 1, NULL, NULL, NULL, NULL, NULL, NULL, NULL, NULL, NULL, NULL, NULL, NULL, NULL, NULL, NULL, NULL, NULL, NULL, NULL, NULL, NULL, NULL, NULL, NULL, 1, 7500000, '2025-09-03 09:22:46', 'superadmin', '2025-09-03 09:22:46', 'superadmin', 1),
	(868, NULL, 820, NULL, NULL, 866, NULL, 1, 0, 1, 6500000, 6500000, 0, 1, NULL, NULL, NULL, NULL, NULL, NULL, NULL, NULL, NULL, NULL, NULL, NULL, NULL, NULL, NULL, NULL, NULL, NULL, NULL, NULL, NULL, NULL, NULL, NULL, 1, 6500000, '2025-09-03 09:23:19', 'superadmin', '2025-09-03 09:23:19', 'superadmin', 1),
	(869, NULL, 821, NULL, NULL, 866, NULL, 1, 0, 1, 5500000, 5500000, 0, 1, NULL, NULL, NULL, NULL, NULL, NULL, NULL, NULL, NULL, NULL, NULL, NULL, NULL, NULL, NULL, NULL, NULL, NULL, NULL, NULL, NULL, NULL, NULL, NULL, 1, 5500000, '2025-09-03 09:23:44', 'superadmin', '2025-09-03 09:23:44', 'superadmin', 1),
	(870, NULL, 822, NULL, NULL, 866, NULL, 1, 0, 1, 5500000, 5500000, 0, 1, NULL, NULL, NULL, NULL, NULL, NULL, NULL, NULL, NULL, NULL, NULL, NULL, NULL, NULL, NULL, NULL, 1, 5500000, NULL, NULL, NULL, NULL, NULL, NULL, NULL, NULL, '2025-09-03 09:24:18', 'superadmin', '2025-09-03 09:24:18', 'superadmin', 1),
	(871, NULL, 823, NULL, NULL, 866, NULL, 1, 0, 1, 7500000, 7500000, 0, 1, NULL, NULL, NULL, NULL, NULL, NULL, NULL, NULL, NULL, NULL, NULL, NULL, NULL, NULL, NULL, NULL, 1, 7500000, NULL, NULL, NULL, NULL, NULL, NULL, NULL, NULL, '2025-09-03 09:24:47', 'superadmin', '2025-09-03 09:24:47', 'superadmin', 1),
	(872, NULL, 824, 38, 49, NULL, NULL, 1, 0, 4, 160000000, 160000000, 0, 1, NULL, NULL, 1, 160000000, NULL, NULL, NULL, NULL, NULL, NULL, NULL, NULL, NULL, NULL, NULL, NULL, NULL, NULL, NULL, NULL, NULL, NULL, NULL, NULL, NULL, NULL, '2025-09-03 09:25:25', 'superadmin', '2025-09-03 09:25:25', 'superadmin', 1),
	(873, NULL, 825, 38, 49, NULL, NULL, 4, 0, 22, 1400000, 5600000, 0, 1, NULL, NULL, NULL, NULL, NULL, NULL, NULL, NULL, 4, 5600000, NULL, NULL, NULL, NULL, NULL, NULL, NULL, NULL, NULL, NULL, NULL, NULL, NULL, NULL, NULL, NULL, '2025-09-03 09:26:33', 'superadmin', '2025-09-03 09:26:33', 'superadmin', 1),
	(874, NULL, 826, 38, 49, NULL, NULL, 4, 0, 22, 1700000, 6800000, 0, 1, NULL, NULL, NULL, NULL, 4, 6800000, NULL, NULL, NULL, NULL, NULL, NULL, NULL, NULL, NULL, NULL, NULL, NULL, NULL, NULL, NULL, NULL, NULL, NULL, NULL, NULL, '2025-09-03 09:27:10', 'superadmin', '2025-09-03 09:27:10', 'superadmin', 1),
	(875, NULL, 827, 38, 49, NULL, NULL, 10, 0, 22, 1900000, 19000000, 0, 1, NULL, NULL, 4, 7600000, NULL, NULL, NULL, NULL, NULL, NULL, 6, 11400000, NULL, NULL, NULL, NULL, NULL, NULL, NULL, NULL, NULL, NULL, NULL, NULL, NULL, NULL, '2025-09-03 09:27:47', 'superadmin', '2025-09-03 09:27:47', 'superadmin', 1),
	(876, 43, NULL, 38, 49, NULL, NULL, NULL, 0, NULL, NULL, NULL, 1, 0, NULL, NULL, NULL, NULL, NULL, NULL, NULL, NULL, NULL, NULL, NULL, NULL, NULL, NULL, NULL, NULL, NULL, NULL, NULL, NULL, NULL, NULL, NULL, NULL, NULL, NULL, '2025-09-03 09:28:00', 'superadmin', '2025-09-03 09:28:00', 'superadmin', 1),
	(877, NULL, 828, NULL, NULL, 876, NULL, 12, 0, 9, 150000, 1800000, 0, 1, NULL, NULL, NULL, NULL, NULL, NULL, 3, 450000, NULL, NULL, NULL, NULL, 3, 450000, NULL, NULL, NULL, NULL, 3, 450000, NULL, NULL, NULL, NULL, 3, 450000, '2025-09-03 09:28:48', 'superadmin', '2025-09-03 09:28:48', 'superadmin', 1),
	(878, NULL, 829, NULL, NULL, 876, NULL, 6, 0, 9, 400000, 2400000, 0, 1, NULL, NULL, NULL, NULL, 3, 1200000, NULL, NULL, NULL, NULL, NULL, NULL, NULL, NULL, NULL, NULL, 3, 1200000, NULL, NULL, NULL, NULL, NULL, NULL, NULL, NULL, '2025-09-03 09:29:26', 'superadmin', '2025-09-03 09:29:26', 'superadmin', 1),
	(879, NULL, 830, NULL, NULL, 876, NULL, 6, 0, 22, 500000, 3000000, 0, 1, NULL, NULL, NULL, NULL, NULL, NULL, 3, 1500000, NULL, NULL, NULL, NULL, 3, 1500000, NULL, NULL, NULL, NULL, NULL, NULL, NULL, NULL, NULL, NULL, NULL, NULL, '2025-09-03 09:30:03', 'superadmin', '2025-09-03 09:30:03', 'superadmin', 1),
	(880, NULL, 831, NULL, NULL, 876, NULL, 3, 0, 22, 500000, 1500000, 0, 1, NULL, NULL, NULL, NULL, NULL, NULL, 3, 1500000, NULL, NULL, NULL, NULL, NULL, NULL, NULL, NULL, NULL, NULL, NULL, NULL, NULL, NULL, NULL, NULL, NULL, NULL, '2025-09-03 09:30:30', 'superadmin', '2025-09-03 09:30:30', 'superadmin', 1),
	(881, NULL, 832, NULL, NULL, 876, NULL, 6, 0, 22, 200000, 1200000, 0, 1, NULL, NULL, NULL, NULL, NULL, NULL, 3, 600000, NULL, NULL, NULL, NULL, 3, 600000, NULL, NULL, NULL, NULL, NULL, NULL, NULL, NULL, NULL, NULL, NULL, NULL, '2025-09-03 09:30:59', 'superadmin', '2025-09-03 09:30:59', 'superadmin', 1),
	(882, NULL, 833, NULL, NULL, 876, NULL, 3, 0, 22, 200000, 600000, 0, 1, NULL, NULL, NULL, NULL, NULL, NULL, 3, 600000, NULL, NULL, NULL, NULL, NULL, NULL, NULL, NULL, NULL, NULL, NULL, NULL, NULL, NULL, NULL, NULL, NULL, NULL, '2025-09-03 09:31:25', 'superadmin', '2025-09-03 09:31:25', 'superadmin', 1),
	(883, NULL, 834, 39, 50, NULL, NULL, 1, 0, 4, 12914240000, 12914240000, 0, 1, NULL, NULL, 1, 12914240000, NULL, NULL, NULL, NULL, NULL, NULL, NULL, NULL, NULL, NULL, NULL, NULL, NULL, NULL, NULL, NULL, NULL, NULL, NULL, NULL, NULL, NULL, '2025-09-03 09:32:41', 'superadmin', '2025-09-03 09:32:41', 'superadmin', 1),
	(884, NULL, 835, 39, 50, NULL, NULL, 1, 0, 4, 12000000000, 12000000000, 0, 1, NULL, NULL, 1, 12000000000, NULL, NULL, NULL, NULL, NULL, NULL, NULL, NULL, NULL, NULL, NULL, NULL, NULL, NULL, NULL, NULL, NULL, NULL, NULL, NULL, NULL, NULL, '2025-09-03 09:33:05', 'superadmin', '2025-09-03 09:33:17', 'superadmin', 1),
	(885, NULL, 836, 40, 51, NULL, NULL, 1, 0, 4, 1393700000, 1393700000, 0, 1, NULL, NULL, 1, 1393700000, NULL, NULL, NULL, NULL, NULL, NULL, NULL, NULL, NULL, NULL, NULL, NULL, NULL, NULL, NULL, NULL, NULL, NULL, NULL, NULL, NULL, NULL, '2025-09-03 09:34:05', 'superadmin', '2025-09-03 09:34:05', 'superadmin', 1),
	(886, NULL, 837, 40, 51, NULL, NULL, 1, 0, 4, 380000000, 380000000, 0, 1, NULL, NULL, 1, 380000000, NULL, NULL, NULL, NULL, NULL, NULL, NULL, NULL, NULL, NULL, NULL, NULL, NULL, NULL, NULL, NULL, NULL, NULL, NULL, NULL, NULL, NULL, '2025-09-03 09:34:38', 'superadmin', '2025-09-03 09:34:38', 'superadmin', 1),
	(887, NULL, 838, 40, 51, NULL, NULL, 12, 0, 2, 4500000, 54000000, 0, 1, NULL, NULL, 1, 4500000, 1, 4500000, 1, 4500000, 1, 4500000, 1, 4500000, 1, 4500000, 1, 4500000, 1, 4500000, 1, 4500000, 1, 4500000, 1, 4500000, 1, 4500000, '2025-09-03 09:35:19', 'superadmin', '2025-09-03 09:35:19', 'superadmin', 1),
	(888, NULL, 839, 40, 51, NULL, NULL, 12, 0, 2, 14000000, 168000000, 0, 1, NULL, NULL, 1, 14000000, 1, 14000000, 1, 14000000, 1, 14000000, 1, 14000000, 1, 14000000, 1, 14000000, 1, 14000000, 1, 14000000, 1, 14000000, 1, 14000000, 1, 14000000, '2025-09-03 09:36:09', 'superadmin', '2025-09-03 09:36:09', 'superadmin', 1),
	(889, NULL, 840, 40, 51, NULL, NULL, 36, 0, 2, 10000000, 360000000, 0, 1, NULL, NULL, 3, 30000000, 3, 30000000, 3, 30000000, 3, 30000000, 3, 30000000, 3, 30000000, 3, 30000000, 3, 30000000, 3, 30000000, 3, 30000000, 3, 30000000, 3, 30000000, '2025-09-03 09:38:07', 'superadmin', '2025-09-03 09:38:07', 'superadmin', 1),
	(890, NULL, 841, 40, 51, NULL, NULL, 12, 0, 2, 6000000, 72000000, 0, 1, NULL, NULL, 1, 6000000, 1, 6000000, 1, 6000000, 1, 6000000, 1, 6000000, 1, 6000000, 1, 6000000, 1, 6000000, 1, 6000000, 1, 6000000, 1, 6000000, 1, 6000000, '2025-09-03 09:38:46', 'superadmin', '2025-09-03 09:38:46', 'superadmin', 1),
	(891, NULL, 842, 40, 51, NULL, NULL, 60, 0, 9, 300000, 18000000, 0, 1, NULL, NULL, 5, 1500000, 5, 1500000, 5, 1500000, 5, 1500000, 5, 1500000, 5, 1500000, 5, 1500000, 5, 1500000, 5, 1500000, 5, 1500000, 5, 1500000, 5, 1500000, '2025-09-03 09:39:33', 'superadmin', '2025-09-03 09:39:33', 'superadmin', 1),
	(892, NULL, 843, 40, 51, NULL, NULL, 84, 0, 11, 200000, 16800000, 0, 1, NULL, NULL, 7, 1400000, 7, 1400000, 7, 1400000, 7, 1400000, 7, 1400000, 7, 1400000, 7, 1400000, 7, 1400000, 7, 1400000, 7, 1400000, 7, 1400000, 7, 1400000, '2025-09-03 09:40:15', 'superadmin', '2025-09-03 09:40:15', 'superadmin', 1),
	(893, NULL, 844, 40, 51, NULL, NULL, 288, 0, 3, 150000, 43200000, 0, 1, NULL, NULL, 24, 3600000, 24, 3600000, 24, 3600000, 24, 3600000, 24, 3600000, 24, 3600000, 24, 3600000, 24, 3600000, 24, 3600000, 24, 3600000, 24, 3600000, 24, 3600000, '2025-09-03 09:41:02', 'superadmin', '2025-09-03 09:41:02', 'superadmin', 1),
	(894, NULL, 845, 40, 51, NULL, NULL, 480, 0, 3, 150000, 72000000, 0, 1, NULL, NULL, 40, 6000000, 40, 6000000, 40, 6000000, 40, 6000000, 40, 6000000, 40, 6000000, 40, 6000000, 40, 6000000, 40, 6000000, 40, 6000000, 40, 6000000, 40, 6000000, '2025-09-03 09:41:55', 'superadmin', '2025-09-03 09:41:55', 'superadmin', 1),
	(895, NULL, 846, 40, 51, NULL, NULL, 1, 0, 33, 1100000, 1100000, 0, 1, NULL, NULL, NULL, NULL, NULL, NULL, NULL, NULL, 1, 1100000, NULL, NULL, NULL, NULL, NULL, NULL, NULL, NULL, NULL, NULL, NULL, NULL, NULL, NULL, NULL, NULL, '2025-09-03 09:42:23', 'superadmin', '2025-09-03 09:42:23', 'superadmin', 1),
	(896, NULL, 847, 40, 51, NULL, NULL, 6, 0, 34, 636000, 3816000, 0, 1, NULL, NULL, NULL, NULL, NULL, NULL, NULL, NULL, 6, 3816000, NULL, NULL, NULL, NULL, NULL, NULL, NULL, NULL, NULL, NULL, NULL, NULL, NULL, NULL, NULL, NULL, '2025-09-03 09:42:58', 'superadmin', '2025-09-03 09:42:58', 'superadmin', 1),
	(897, NULL, 848, 40, 51, NULL, NULL, 6, 0, 34, 360000, 2160000, 0, 1, NULL, NULL, NULL, NULL, NULL, NULL, NULL, NULL, 6, 2160000, NULL, NULL, NULL, NULL, NULL, NULL, NULL, NULL, NULL, NULL, NULL, NULL, NULL, NULL, NULL, NULL, '2025-09-03 09:43:33', 'superadmin', '2025-09-03 09:43:33', 'superadmin', 1),
	(898, NULL, 849, 40, 51, NULL, NULL, 6, 0, 34, 360000, 2160000, 0, 1, NULL, NULL, NULL, NULL, NULL, NULL, NULL, NULL, 6, 2160000, NULL, NULL, NULL, NULL, NULL, NULL, NULL, NULL, NULL, NULL, NULL, NULL, NULL, NULL, NULL, NULL, '2025-09-03 09:44:31', 'superadmin', '2025-09-03 09:44:31', 'superadmin', 1),
	(899, NULL, 850, 40, 51, NULL, NULL, 12, 0, 9, 25000000, 300000000, 0, 1, NULL, NULL, 1, 25000000, 1, 25000000, 1, 25000000, 1, 25000000, 1, 25000000, 1, 25000000, 1, 25000000, 1, 25000000, 1, 25000000, 1, 25000000, 1, 25000000, 1, 25000000, '2025-09-03 09:45:08', 'superadmin', '2025-09-03 09:45:08', 'superadmin', 1),
	(900, NULL, 851, 40, 51, NULL, NULL, 2, 0, 9, 1500000, 3000000, 0, 1, NULL, NULL, NULL, NULL, NULL, NULL, NULL, NULL, 1, 1500000, NULL, NULL, NULL, NULL, NULL, NULL, NULL, NULL, NULL, NULL, 1, 1500000, NULL, NULL, NULL, NULL, '2025-09-03 09:45:41', 'superadmin', '2025-09-03 09:45:41', 'superadmin', 1),
	(901, NULL, 852, 40, 51, NULL, NULL, 12, 0, 9, 900000, 10800000, 0, 1, NULL, NULL, 1, 900000, 1, 900000, 1, 900000, 1, 900000, 1, 900000, 1, 900000, 1, 900000, 1, 900000, 1, 900000, 1, 900000, 1, 900000, 1, 900000, '2025-09-03 09:47:06', 'superadmin', '2025-09-03 09:47:06', 'superadmin', 1),
	(902, NULL, 853, 40, 51, NULL, NULL, 1, 0, 15, 18000000, 18000000, 0, 1, NULL, NULL, NULL, NULL, 1, 18000000, NULL, NULL, NULL, NULL, NULL, NULL, NULL, NULL, NULL, NULL, NULL, NULL, NULL, NULL, NULL, NULL, NULL, NULL, NULL, NULL, '2025-09-03 09:47:45', 'superadmin', '2025-09-03 09:47:45', 'superadmin', 1),
	(903, NULL, 854, 40, 51, NULL, NULL, 2, 0, 9, 3000000, 6000000, 0, 1, NULL, NULL, NULL, NULL, 1, 3000000, NULL, NULL, NULL, NULL, NULL, NULL, NULL, NULL, NULL, NULL, 1, 3000000, NULL, NULL, NULL, NULL, NULL, NULL, NULL, NULL, '2025-09-03 09:48:23', 'superadmin', '2025-09-03 09:48:23', 'superadmin', 1),
	(904, NULL, 855, 40, 51, NULL, NULL, 1, 0, 33, 1800000, 1800000, 0, 1, NULL, NULL, NULL, NULL, 1, 1800000, NULL, NULL, NULL, NULL, NULL, NULL, NULL, NULL, NULL, NULL, NULL, NULL, NULL, NULL, NULL, NULL, NULL, NULL, NULL, NULL, '2025-09-03 09:48:45', 'superadmin', '2025-09-03 09:48:45', 'superadmin', 1),
	(905, NULL, 856, 40, 51, NULL, NULL, 13, 0, 9, 2000000, 26000000, 0, 1, NULL, NULL, 2, 4000000, 1, 2000000, 1, 2000000, 1, 2000000, 1, 2000000, 1, 2000000, 1, 2000000, 1, 2000000, 1, 2000000, 1, 2000000, 1, 2000000, 1, 2000000, '2025-09-03 09:49:34', 'superadmin', '2025-09-03 09:49:34', 'superadmin', 1),
	(906, NULL, 857, 40, 51, NULL, NULL, 5, 0, 9, 1260000, 6300000, 0, 1, NULL, NULL, NULL, NULL, NULL, NULL, NULL, NULL, NULL, NULL, 5, 6300000, NULL, NULL, NULL, NULL, NULL, NULL, NULL, NULL, NULL, NULL, NULL, NULL, NULL, NULL, '2025-09-03 09:51:08', 'superadmin', '2025-09-03 09:51:08', 'superadmin', 1),
	(907, 44, NULL, 41, 52, NULL, NULL, NULL, 0, NULL, NULL, NULL, 1, 0, NULL, NULL, NULL, NULL, NULL, NULL, NULL, NULL, NULL, NULL, NULL, NULL, NULL, NULL, NULL, NULL, NULL, NULL, NULL, NULL, NULL, NULL, NULL, NULL, NULL, NULL, '2025-09-03 09:51:54', 'superadmin', '2025-09-03 09:51:54', 'superadmin', 1),
	(908, NULL, 858, NULL, NULL, 907, NULL, 1, 0, 4, 10000000, 10000000, 0, 1, NULL, NULL, 1, 10000000, NULL, NULL, NULL, NULL, NULL, NULL, NULL, NULL, NULL, NULL, NULL, NULL, NULL, NULL, NULL, NULL, NULL, NULL, NULL, NULL, NULL, NULL, '2025-09-03 09:52:28', 'superadmin', '2025-09-03 09:52:28', 'superadmin', 1),
	(909, NULL, 859, NULL, NULL, 907, NULL, 2, 0, 29, 10000, 20000, 0, 1, NULL, NULL, NULL, NULL, NULL, NULL, NULL, NULL, 2, 20000, NULL, NULL, NULL, NULL, NULL, NULL, NULL, NULL, NULL, NULL, NULL, NULL, NULL, NULL, NULL, NULL, '2025-09-03 09:53:03', 'superadmin', '2025-09-03 09:53:03', 'superadmin', 1),
	(910, NULL, 860, 41, 52, NULL, NULL, 24, 0, 35, 2095000, 50280000, 0, 1, NULL, NULL, NULL, NULL, 6, 12570000, NULL, NULL, NULL, NULL, 6, 12570000, NULL, NULL, NULL, NULL, 6, 12570000, NULL, NULL, NULL, NULL, 6, 12570000, NULL, NULL, '2025-09-03 09:53:38', 'superadmin', '2025-09-03 09:53:38', 'superadmin', 1),
	(911, NULL, 861, 41, 52, NULL, NULL, 12, 0, 22, 235000, 2820000, 0, 1, NULL, NULL, NULL, NULL, 12, 2820000, NULL, NULL, NULL, NULL, NULL, NULL, NULL, NULL, NULL, NULL, NULL, NULL, NULL, NULL, NULL, NULL, NULL, NULL, NULL, NULL, '2025-09-03 09:54:15', 'superadmin', '2025-09-03 09:54:15', 'superadmin', 1),
	(912, NULL, 862, NULL, NULL, 907, NULL, 2, 0, 22, 10600, 21200, 0, 1, NULL, NULL, NULL, NULL, 2, 21200, NULL, NULL, NULL, NULL, NULL, NULL, NULL, NULL, NULL, NULL, NULL, NULL, NULL, NULL, NULL, NULL, NULL, NULL, NULL, NULL, '2025-09-03 09:54:51', 'superadmin', '2025-09-03 09:54:58', 'superadmin', 0),
	(913, NULL, 862, 41, 52, NULL, NULL, 2, 0, 22, 10600, 21200, 0, 1, NULL, NULL, NULL, NULL, 2, 21200, NULL, NULL, NULL, NULL, NULL, NULL, NULL, NULL, NULL, NULL, NULL, NULL, NULL, NULL, NULL, NULL, NULL, NULL, NULL, NULL, '2025-09-03 09:55:15', 'superadmin', '2025-09-03 09:55:15', 'superadmin', 1),
	(914, NULL, 863, 41, 52, NULL, NULL, 150, 0, 22, 85000, 12750000, 0, 1, NULL, NULL, NULL, NULL, NULL, NULL, NULL, NULL, NULL, NULL, 150, 12750000, NULL, NULL, NULL, NULL, NULL, NULL, NULL, NULL, NULL, NULL, NULL, NULL, NULL, NULL, '2025-09-03 09:56:16', 'superadmin', '2025-09-03 09:56:16', 'superadmin', 1),
	(915, NULL, 864, 41, 52, NULL, NULL, 108, 0, 10, 15000, 1620000, 0, 1, NULL, NULL, NULL, NULL, 58, 870000, NULL, NULL, NULL, NULL, NULL, NULL, 50, 750000, NULL, NULL, NULL, NULL, NULL, NULL, NULL, NULL, NULL, NULL, NULL, NULL, '2025-09-03 09:56:56', 'superadmin', '2025-09-03 09:56:56', 'superadmin', 1),
	(916, NULL, 865, 41, 52, NULL, NULL, 10, 0, 22, 212000, 2120000, 0, 1, NULL, NULL, NULL, NULL, NULL, NULL, NULL, NULL, NULL, NULL, NULL, NULL, NULL, NULL, 10, 2120000, NULL, NULL, NULL, NULL, NULL, NULL, NULL, NULL, NULL, NULL, '2025-09-03 09:57:25', 'superadmin', '2025-09-03 09:57:25', 'superadmin', 1),
	(917, NULL, 866, 41, 52, NULL, NULL, 3, 0, 22, 402800, 1208400, 0, 1, NULL, NULL, NULL, NULL, NULL, NULL, NULL, NULL, NULL, NULL, NULL, NULL, NULL, NULL, 3, 1208400, NULL, NULL, NULL, NULL, NULL, NULL, NULL, NULL, NULL, NULL, '2025-09-03 09:57:50', 'superadmin', '2025-09-03 09:57:50', 'superadmin', 1),
	(918, NULL, 867, 41, 52, NULL, NULL, 1, 0, 16, 435000, 435000, 0, 1, NULL, NULL, NULL, NULL, NULL, NULL, NULL, NULL, 1, 435000, NULL, NULL, NULL, NULL, NULL, NULL, NULL, NULL, NULL, NULL, NULL, NULL, NULL, NULL, NULL, NULL, '2025-09-03 09:58:28', 'superadmin', '2025-09-03 09:58:28', 'superadmin', 1),
	(919, NULL, 868, 41, 52, NULL, NULL, 200, 0, 29, 29000, 5800000, 0, 1, NULL, NULL, NULL, NULL, 50, 1450000, NULL, NULL, NULL, NULL, 50, 1450000, NULL, NULL, NULL, NULL, 50, 1450000, NULL, NULL, NULL, NULL, 50, 1450000, NULL, NULL, '2025-09-03 09:59:28', 'superadmin', '2025-09-03 09:59:28', 'superadmin', 1),
	(920, NULL, 869, 41, 52, NULL, NULL, 24, 0, 35, 2081076, 49945824, 0, 1, NULL, NULL, NULL, NULL, 6, 12486456, NULL, NULL, NULL, NULL, 6, 12486456, NULL, NULL, NULL, NULL, 6, 12486456, NULL, NULL, NULL, NULL, 6, 12486456, NULL, NULL, '2025-09-03 10:00:03', 'superadmin', '2025-09-03 10:00:03', 'superadmin', 1),
	(921, NULL, 870, 41, 52, NULL, NULL, 4, 0, 22, 256000, 1024000, 0, 1, NULL, NULL, NULL, NULL, NULL, NULL, NULL, NULL, 4, 1024000, NULL, NULL, NULL, NULL, NULL, NULL, NULL, NULL, NULL, NULL, NULL, NULL, NULL, NULL, NULL, NULL, '2025-09-03 10:00:33', 'superadmin', '2025-09-03 10:00:33', 'superadmin', 1),
	(922, NULL, 871, 41, 52, NULL, NULL, 5, 0, 36, 2718000, 13590000, 0, 1, NULL, NULL, NULL, NULL, 5, 13590000, NULL, NULL, NULL, NULL, NULL, NULL, NULL, NULL, NULL, NULL, NULL, NULL, NULL, NULL, NULL, NULL, NULL, NULL, NULL, NULL, '2025-09-03 10:03:24', 'superadmin', '2025-09-03 10:03:24', 'superadmin', 1),
	(923, NULL, 872, 41, 52, NULL, NULL, 18, 0, 22, 81000, 1458000, 0, 1, NULL, NULL, NULL, NULL, NULL, NULL, NULL, NULL, NULL, NULL, 18, 1458000, NULL, NULL, NULL, NULL, NULL, NULL, NULL, NULL, NULL, NULL, NULL, NULL, NULL, NULL, '2025-09-03 10:03:58', 'superadmin', '2025-09-03 10:03:58', 'superadmin', 1),
	(924, NULL, 873, 41, 52, NULL, NULL, 24, 0, 35, 1930138, 46323312, 0, 1, NULL, NULL, NULL, NULL, 6, 11580828, NULL, NULL, NULL, NULL, 6, 11580828, NULL, NULL, NULL, NULL, 6, 11580828, NULL, NULL, NULL, NULL, 6, 11580828, NULL, NULL, '2025-09-03 10:04:38', 'superadmin', '2025-09-03 10:04:38', 'superadmin', 1),
	(925, NULL, 874, 41, 52, NULL, NULL, 45, 0, 22, 80000, 3600000, 0, 1, NULL, NULL, NULL, NULL, NULL, NULL, NULL, NULL, NULL, NULL, 45, 3600000, NULL, NULL, NULL, NULL, NULL, NULL, NULL, NULL, NULL, NULL, NULL, NULL, NULL, NULL, '2025-09-03 10:16:32', 'superadmin', '2025-09-03 10:16:32', 'superadmin', 1),
	(926, NULL, 875, 41, 52, NULL, NULL, 50, 0, 22, 128500, 6425000, 0, 1, NULL, NULL, NULL, NULL, NULL, NULL, NULL, NULL, NULL, NULL, 50, 6425000, NULL, NULL, NULL, NULL, NULL, NULL, NULL, NULL, NULL, NULL, NULL, NULL, NULL, NULL, '2025-09-03 10:17:48', 'superadmin', '2025-09-03 10:17:48', 'superadmin', 1),
	(927, NULL, 876, 41, 52, NULL, NULL, 20, 0, 22, 237500, 4750000, 0, 1, NULL, NULL, NULL, NULL, NULL, NULL, NULL, NULL, NULL, NULL, 20, 4750000, NULL, NULL, NULL, NULL, NULL, NULL, NULL, NULL, NULL, NULL, NULL, NULL, NULL, NULL, '2025-09-03 10:19:18', 'superadmin', '2025-09-03 10:19:18', 'superadmin', 1),
	(928, NULL, 877, 41, 52, NULL, NULL, 30, 0, 22, 390000, 11700000, 0, 1, NULL, NULL, NULL, NULL, NULL, NULL, NULL, NULL, NULL, NULL, 30, 11700000, NULL, NULL, NULL, NULL, NULL, NULL, NULL, NULL, NULL, NULL, NULL, NULL, NULL, NULL, '2025-09-03 10:19:50', 'superadmin', '2025-09-03 10:19:50', 'superadmin', 1),
	(929, NULL, 878, 41, 52, NULL, NULL, 25, 0, 1, 29150, 728750, 0, 1, NULL, NULL, NULL, NULL, 25, 728750, NULL, NULL, NULL, NULL, NULL, NULL, NULL, NULL, NULL, NULL, NULL, NULL, NULL, NULL, NULL, NULL, NULL, NULL, NULL, NULL, '2025-09-03 10:20:24', 'superadmin', '2025-09-03 10:20:24', 'superadmin', 1),
	(930, NULL, 879, 41, 52, NULL, NULL, 1100, 0, 37, 12000, 13200000, 0, 1, NULL, NULL, NULL, NULL, 300, 3600000, NULL, NULL, NULL, NULL, 300, 3600000, NULL, NULL, NULL, NULL, 300, 3600000, NULL, NULL, NULL, NULL, 200, 2400000, NULL, NULL, '2025-09-03 10:21:23', 'superadmin', '2025-09-03 10:21:42', 'superadmin', 1),
	(931, NULL, 880, 41, 52, NULL, NULL, 240, 0, 37, 20000, 4800000, 0, 1, NULL, NULL, NULL, NULL, 60, 1200000, NULL, NULL, NULL, NULL, 60, 1200000, NULL, NULL, NULL, NULL, 60, 1200000, NULL, NULL, NULL, NULL, 60, 1200000, NULL, NULL, '2025-09-03 10:22:37', 'superadmin', '2025-09-03 10:22:37', 'superadmin', 1),
	(932, NULL, 881, 41, 52, NULL, NULL, 30, 0, 22, 15000, 450000, 0, 1, NULL, NULL, NULL, NULL, 30, 450000, NULL, NULL, NULL, NULL, NULL, NULL, NULL, NULL, NULL, NULL, NULL, NULL, NULL, NULL, NULL, NULL, NULL, NULL, NULL, NULL, '2025-09-03 10:29:07', 'superadmin', '2025-09-03 10:29:07', 'superadmin', 1),
	(933, NULL, 882, 41, 52, NULL, NULL, 2000, 0, 22, 2000, 4000000, 0, 1, NULL, NULL, NULL, NULL, 500, 1000000, NULL, NULL, NULL, NULL, 500, 1000000, NULL, NULL, NULL, NULL, 500, 1000000, NULL, NULL, NULL, NULL, 500, 1000000, NULL, NULL, '2025-09-03 10:29:53', 'superadmin', '2025-09-03 10:29:53', 'superadmin', 1),
	(934, NULL, 883, 41, 52, NULL, NULL, 1, 0, 22, 236000, 236000, 0, 1, NULL, NULL, NULL, NULL, 1, 236000, NULL, NULL, NULL, NULL, NULL, NULL, NULL, NULL, NULL, NULL, NULL, NULL, NULL, NULL, NULL, NULL, NULL, NULL, NULL, NULL, '2025-09-03 10:30:20', 'superadmin', '2025-09-03 10:30:20', 'superadmin', 1),
	(935, NULL, 884, 41, 52, NULL, NULL, 3, 0, 10, 102500, 307500, 0, 1, NULL, NULL, NULL, NULL, NULL, NULL, NULL, NULL, NULL, NULL, 3, 307500, NULL, NULL, NULL, NULL, NULL, NULL, NULL, NULL, NULL, NULL, NULL, NULL, NULL, NULL, '2025-09-03 10:30:55', 'superadmin', '2025-09-03 10:30:55', 'superadmin', 1),
	(936, NULL, 885, 41, 52, NULL, NULL, 1, 0, 10, 180000, 180000, 0, 1, NULL, NULL, NULL, NULL, NULL, NULL, NULL, NULL, NULL, NULL, 1, 180000, NULL, NULL, NULL, NULL, NULL, NULL, NULL, NULL, NULL, NULL, NULL, NULL, NULL, NULL, '2025-09-03 10:31:23', 'superadmin', '2025-09-03 10:31:23', 'superadmin', 1),
	(937, NULL, 886, 41, 52, NULL, NULL, 10, 0, 10, 30000, 300000, 0, 1, NULL, NULL, NULL, NULL, 10, 300000, NULL, NULL, NULL, NULL, NULL, NULL, NULL, NULL, NULL, NULL, NULL, NULL, NULL, NULL, NULL, NULL, NULL, NULL, NULL, NULL, '2025-09-03 10:32:09', 'superadmin', '2025-09-03 10:32:09', 'superadmin', 1),
	(938, NULL, 887, 41, 52, NULL, NULL, 100, 0, 22, 7000, 700000, 0, 1, NULL, NULL, NULL, NULL, 100, 700000, NULL, NULL, NULL, NULL, NULL, NULL, NULL, NULL, NULL, NULL, NULL, NULL, NULL, NULL, NULL, NULL, NULL, NULL, NULL, NULL, '2025-09-03 10:32:44', 'superadmin', '2025-09-03 10:32:44', 'superadmin', 1),
	(939, NULL, 888, 41, 52, NULL, NULL, 41, 0, 22, 233200, 9561200, 0, 1, NULL, NULL, NULL, NULL, NULL, NULL, NULL, NULL, 41, 9561200, NULL, NULL, NULL, NULL, NULL, NULL, NULL, NULL, NULL, NULL, NULL, NULL, NULL, NULL, NULL, NULL, '2025-09-03 10:33:40', 'superadmin', '2025-09-03 10:33:40', 'superadmin', 1),
	(940, NULL, 889, 41, 52, NULL, NULL, 10, 0, 22, 150000, 1500000, 0, 1, NULL, NULL, NULL, NULL, NULL, NULL, NULL, NULL, NULL, NULL, 10, 1500000, NULL, NULL, NULL, NULL, NULL, NULL, NULL, NULL, NULL, NULL, NULL, NULL, NULL, NULL, '2025-09-03 10:34:12', 'superadmin', '2025-09-03 10:34:12', 'superadmin', 1),
	(941, NULL, 1090, 41, 52, NULL, NULL, 1, 0, 8, 25000, 25000, 0, 1, NULL, NULL, NULL, NULL, NULL, NULL, NULL, NULL, 1, 25000, NULL, NULL, NULL, NULL, NULL, NULL, NULL, NULL, NULL, NULL, NULL, NULL, NULL, NULL, NULL, NULL, '2025-09-03 10:38:04', 'superadmin', '2025-09-03 10:38:04', 'superadmin', 1),
	(942, NULL, 891, 41, 52, NULL, NULL, 6, 0, 22, 70600, 423600, 0, 1, NULL, NULL, NULL, NULL, NULL, NULL, NULL, NULL, 6, 423600, NULL, NULL, NULL, NULL, NULL, NULL, NULL, NULL, NULL, NULL, NULL, NULL, NULL, NULL, NULL, NULL, '2025-09-03 10:38:35', 'superadmin', '2025-09-03 10:38:35', 'superadmin', 1),
	(943, NULL, 892, 41, 52, NULL, NULL, 20, 0, 22, 15000, 300000, 0, 1, NULL, NULL, NULL, NULL, NULL, NULL, NULL, NULL, 20, 300000, NULL, NULL, NULL, NULL, NULL, NULL, NULL, NULL, NULL, NULL, NULL, NULL, NULL, NULL, NULL, NULL, '2025-09-03 10:40:47', 'superadmin', '2025-09-03 10:40:47', 'superadmin', 1),
	(944, NULL, 893, 41, 52, NULL, NULL, 12, 0, 22, 10000, 120000, 0, 1, NULL, NULL, NULL, NULL, NULL, NULL, 12, 120000, NULL, NULL, NULL, NULL, NULL, NULL, NULL, NULL, NULL, NULL, NULL, NULL, NULL, NULL, NULL, NULL, NULL, NULL, '2025-09-03 10:41:09', 'superadmin', '2025-09-03 10:41:09', 'superadmin', 1),
	(945, NULL, 894, 41, 52, NULL, NULL, 6, 0, 37, 14000, 84000, 0, 1, NULL, NULL, NULL, NULL, NULL, NULL, 6, 84000, NULL, NULL, NULL, NULL, NULL, NULL, NULL, NULL, NULL, NULL, NULL, NULL, NULL, NULL, NULL, NULL, NULL, NULL, '2025-09-03 10:41:41', 'superadmin', '2025-09-03 10:41:41', 'superadmin', 1),
	(946, NULL, 895, 41, 52, NULL, NULL, 2, 0, 22, 20000, 40000, 0, 1, NULL, NULL, NULL, NULL, NULL, NULL, 2, 40000, NULL, NULL, NULL, NULL, NULL, NULL, NULL, NULL, NULL, NULL, NULL, NULL, NULL, NULL, NULL, NULL, NULL, NULL, '2025-09-03 10:43:58', 'superadmin', '2025-09-03 10:43:58', 'superadmin', 1),
	(947, NULL, 896, 41, 52, NULL, NULL, 8, 0, 22, 90000, 720000, 0, 1, NULL, NULL, NULL, NULL, NULL, NULL, 8, 720000, NULL, NULL, NULL, NULL, NULL, NULL, NULL, NULL, NULL, NULL, NULL, NULL, NULL, NULL, NULL, NULL, NULL, NULL, '2025-09-03 10:45:23', 'superadmin', '2025-09-03 10:45:23', 'superadmin', 1),
	(948, NULL, 897, 41, 52, NULL, NULL, 150, 0, 8, 32000, 4800000, 0, 1, NULL, NULL, NULL, NULL, NULL, NULL, 150, 4800000, NULL, NULL, NULL, NULL, NULL, NULL, NULL, NULL, NULL, NULL, NULL, NULL, NULL, NULL, NULL, NULL, NULL, NULL, '2025-09-03 10:46:20', 'superadmin', '2025-09-03 10:46:20', 'superadmin', 1),
	(949, NULL, 898, 41, 52, NULL, NULL, 12, 0, 10, 22000, 264000, 0, 1, NULL, NULL, NULL, NULL, NULL, NULL, 12, 264000, NULL, NULL, NULL, NULL, NULL, NULL, NULL, NULL, NULL, NULL, NULL, NULL, NULL, NULL, NULL, NULL, NULL, NULL, '2025-09-03 10:46:41', 'superadmin', '2025-09-03 10:46:41', 'superadmin', 1),
	(950, NULL, 899, 41, 52, NULL, NULL, 120, 0, 8, 57250, 6870000, 0, 1, NULL, NULL, NULL, NULL, 30, 1717500, NULL, NULL, 30, 1717500, NULL, NULL, NULL, NULL, 30, 1717500, NULL, NULL, NULL, NULL, 30, 1717500, NULL, NULL, NULL, NULL, '2025-09-03 10:47:51', 'superadmin', '2025-09-03 10:47:51', 'superadmin', 1),
	(951, NULL, 900, 41, 52, NULL, NULL, 300, 0, 8, 57250, 17175000, 0, 1, NULL, NULL, NULL, NULL, 75, 4293750, NULL, NULL, 75, 4293750, NULL, NULL, NULL, NULL, 75, 4293750, NULL, NULL, NULL, NULL, 75, 4293750, NULL, NULL, NULL, NULL, '2025-09-03 10:48:45', 'superadmin', '2025-09-03 10:48:45', 'superadmin', 1),
	(952, NULL, 901, 41, 52, NULL, NULL, 800, 0, 8, 57250, 45800000, 0, 1, NULL, NULL, NULL, NULL, 200, 11450000, NULL, NULL, 200, 11450000, NULL, NULL, NULL, NULL, 200, 11450000, NULL, NULL, NULL, NULL, 200, 11450000, NULL, NULL, NULL, NULL, '2025-09-03 10:50:56', 'superadmin', '2025-09-03 10:50:56', 'superadmin', 1),
	(953, NULL, 902, 41, 52, NULL, NULL, 100, 0, 37, 45000, 4500000, 0, 1, NULL, NULL, NULL, NULL, 25, 1125000, NULL, NULL, 25, 1125000, NULL, NULL, NULL, NULL, 25, 1125000, NULL, NULL, NULL, NULL, 25, 1125000, NULL, NULL, NULL, NULL, '2025-09-03 10:52:08', 'superadmin', '2025-09-03 10:52:08', 'superadmin', 1),
	(954, NULL, 903, 41, 52, NULL, NULL, 300, 0, 37, 57250, 17175000, 0, 1, NULL, NULL, NULL, NULL, 75, 4293750, NULL, NULL, 75, 4293750, NULL, NULL, NULL, NULL, 75, 4293750, NULL, NULL, NULL, NULL, 75, 4293750, NULL, NULL, NULL, NULL, '2025-09-03 10:53:03', 'superadmin', '2025-09-03 10:53:03', 'superadmin', 1),
	(955, NULL, 904, 41, 52, NULL, NULL, 700, 0, 37, 57250, 40075000, 0, 1, NULL, NULL, NULL, NULL, 200, 11450000, NULL, NULL, 200, 11450000, NULL, NULL, NULL, NULL, 200, 11450000, NULL, NULL, NULL, NULL, 100, 5725000, NULL, NULL, NULL, NULL, '2025-09-03 10:56:17', 'superadmin', '2025-09-03 10:56:17', 'superadmin', 1),
	(956, NULL, 905, 41, 52, NULL, NULL, 20, 0, 37, 65000, 1300000, 0, 1, NULL, NULL, NULL, NULL, 5, 325000, NULL, NULL, NULL, NULL, 5, 325000, NULL, NULL, NULL, NULL, 5, 325000, NULL, NULL, NULL, NULL, 5, 325000, NULL, NULL, '2025-09-03 11:06:20', 'superadmin', '2025-09-03 11:06:20', 'superadmin', 1),
	(957, NULL, 906, 41, 52, NULL, NULL, 10, 0, 36, 68000, 680000, 0, 1, NULL, NULL, NULL, NULL, 3, 204000, NULL, NULL, NULL, NULL, 4, 272000, NULL, NULL, NULL, NULL, 3, 204000, NULL, NULL, NULL, NULL, NULL, NULL, NULL, NULL, '2025-09-03 11:07:21', 'superadmin', '2025-09-03 11:07:21', 'superadmin', 1),
	(958, NULL, 907, 41, 52, NULL, NULL, 9, 0, 22, 11000, 99000, 0, 1, NULL, NULL, NULL, NULL, 9, 99000, NULL, NULL, NULL, NULL, NULL, NULL, NULL, NULL, NULL, NULL, NULL, NULL, NULL, NULL, NULL, NULL, NULL, NULL, NULL, NULL, '2025-09-03 11:08:00', 'superadmin', '2025-09-03 11:08:00', 'superadmin', 1),
	(959, NULL, 908, 41, 52, NULL, NULL, 50, 0, 10, 25000, 1250000, 0, 1, NULL, NULL, NULL, NULL, NULL, NULL, 50, 1250000, NULL, NULL, NULL, NULL, NULL, NULL, NULL, NULL, NULL, NULL, NULL, NULL, NULL, NULL, NULL, NULL, NULL, NULL, '2025-09-03 11:12:22', 'superadmin', '2025-09-03 11:12:22', 'superadmin', 1),
	(960, NULL, 909, 41, 52, NULL, NULL, 50, 0, 10, 37000, 1850000, 0, 1, NULL, NULL, NULL, NULL, NULL, NULL, 50, 1850000, NULL, NULL, NULL, NULL, NULL, NULL, NULL, NULL, NULL, NULL, NULL, NULL, NULL, NULL, NULL, NULL, NULL, NULL, '2025-09-03 11:12:53', 'superadmin', '2025-09-03 11:12:53', 'superadmin', 1),
	(961, NULL, 910, 41, 52, NULL, NULL, 100, 0, 10, 34000, 3400000, 0, 1, NULL, NULL, NULL, NULL, NULL, NULL, 100, 3400000, NULL, NULL, NULL, NULL, NULL, NULL, NULL, NULL, NULL, NULL, NULL, NULL, NULL, NULL, NULL, NULL, NULL, NULL, '2025-09-03 11:13:29', 'superadmin', '2025-09-03 11:13:29', 'superadmin', 1),
	(962, NULL, 911, 41, 52, NULL, NULL, 2, 0, 22, 50000, 100000, 0, 1, NULL, NULL, NULL, NULL, NULL, NULL, 2, 100000, NULL, NULL, NULL, NULL, NULL, NULL, NULL, NULL, NULL, NULL, NULL, NULL, NULL, NULL, NULL, NULL, NULL, NULL, '2025-09-03 11:14:00', 'superadmin', '2025-09-03 11:14:00', 'superadmin', 1),
	(963, NULL, 912, 41, 52, NULL, NULL, 100, 0, 8, 100000, 10000000, 0, 1, NULL, NULL, NULL, NULL, 25, 2500000, NULL, NULL, NULL, NULL, 25, 2500000, NULL, NULL, NULL, NULL, 25, 2500000, NULL, NULL, NULL, NULL, 25, 2500000, NULL, NULL, '2025-09-03 11:15:13', 'superadmin', '2025-09-03 11:15:13', 'superadmin', 1),
	(964, NULL, 913, 41, 52, NULL, NULL, 20, 0, 22, 47000, 940000, 0, 1, NULL, NULL, NULL, NULL, 20, 940000, NULL, NULL, NULL, NULL, NULL, NULL, NULL, NULL, NULL, NULL, NULL, NULL, NULL, NULL, NULL, NULL, NULL, NULL, NULL, NULL, '2025-09-03 11:17:16', 'superadmin', '2025-09-03 11:17:16', 'superadmin', 1),
	(965, NULL, 914, 41, 52, NULL, NULL, 20, 0, 22, 50000, 1000000, 0, 1, NULL, NULL, NULL, NULL, 20, 1000000, NULL, NULL, NULL, NULL, NULL, NULL, NULL, NULL, NULL, NULL, NULL, NULL, NULL, NULL, NULL, NULL, NULL, NULL, NULL, NULL, '2025-09-03 11:19:56', 'superadmin', '2025-09-03 11:19:56', 'superadmin', 1),
	(966, NULL, 915, 41, 52, NULL, NULL, 12, 0, 22, 5000, 60000, 0, 1, NULL, NULL, NULL, NULL, 12, 60000, NULL, NULL, NULL, NULL, NULL, NULL, NULL, NULL, NULL, NULL, NULL, NULL, NULL, NULL, NULL, NULL, NULL, NULL, NULL, NULL, '2025-09-03 11:20:22', 'superadmin', '2025-09-03 11:20:22', 'superadmin', 1),
	(967, NULL, 916, 41, 52, NULL, NULL, 5, 0, 10, 72000, 360000, 0, 1, NULL, NULL, NULL, NULL, NULL, NULL, NULL, NULL, 5, 360000, NULL, NULL, NULL, NULL, NULL, NULL, NULL, NULL, NULL, NULL, NULL, NULL, NULL, NULL, NULL, NULL, '2025-09-03 11:23:15', 'superadmin', '2025-09-03 11:23:15', 'superadmin', 1),
	(968, NULL, 917, 41, 52, NULL, NULL, 50, 0, 10, 8700, 435000, 0, 1, NULL, NULL, NULL, NULL, NULL, NULL, NULL, NULL, 50, 435000, NULL, NULL, NULL, NULL, NULL, NULL, NULL, NULL, NULL, NULL, NULL, NULL, NULL, NULL, NULL, NULL, '2025-09-03 11:23:45', 'superadmin', '2025-09-03 11:23:45', 'superadmin', 1),
	(969, NULL, 918, 41, 52, NULL, NULL, 200, 0, 10, 8200, 1640000, 0, 1, NULL, NULL, NULL, NULL, NULL, NULL, NULL, NULL, 200, 1640000, NULL, NULL, NULL, NULL, NULL, NULL, NULL, NULL, NULL, NULL, NULL, NULL, NULL, NULL, NULL, NULL, '2025-09-03 11:24:43', 'superadmin', '2025-09-03 11:24:43', 'superadmin', 1),
	(970, NULL, 919, 41, 52, NULL, NULL, 24, 0, 22, 25000, 600000, 0, 1, NULL, NULL, NULL, NULL, NULL, NULL, NULL, NULL, 24, 600000, NULL, NULL, NULL, NULL, NULL, NULL, NULL, NULL, NULL, NULL, NULL, NULL, NULL, NULL, NULL, NULL, '2025-09-03 11:25:13', 'superadmin', '2025-09-03 11:25:13', 'superadmin', 1),
	(971, NULL, 920, 41, 52, NULL, NULL, 1, 0, 10, 74200, 74200, 0, 1, NULL, NULL, NULL, NULL, NULL, NULL, NULL, NULL, 1, 74200, NULL, NULL, NULL, NULL, NULL, NULL, NULL, NULL, NULL, NULL, NULL, NULL, NULL, NULL, NULL, NULL, '2025-09-03 11:25:39', 'superadmin', '2025-09-03 11:25:39', 'superadmin', 1),
	(972, NULL, 921, 41, 52, NULL, NULL, 7, 0, 29, 147000, 1029000, 0, 1, NULL, NULL, NULL, NULL, NULL, NULL, NULL, NULL, 7, 1029000, NULL, NULL, NULL, NULL, NULL, NULL, NULL, NULL, NULL, NULL, NULL, NULL, NULL, NULL, NULL, NULL, '2025-09-03 11:26:07', 'superadmin', '2025-09-03 11:26:07', 'superadmin', 1),
	(973, NULL, 922, 41, 52, NULL, NULL, 30, 0, 29, 66000, 1980000, 0, 1, NULL, NULL, NULL, NULL, NULL, NULL, NULL, NULL, 30, 1980000, NULL, NULL, NULL, NULL, NULL, NULL, NULL, NULL, NULL, NULL, NULL, NULL, NULL, NULL, NULL, NULL, '2025-09-03 11:26:35', 'superadmin', '2025-09-03 11:26:35', 'superadmin', 1),
	(974, NULL, 1098, 41, 52, NULL, NULL, 2, 0, 22, 85000, 170000, 0, 1, NULL, NULL, NULL, NULL, NULL, NULL, NULL, NULL, NULL, NULL, NULL, NULL, NULL, NULL, 2, 170000, NULL, NULL, NULL, NULL, NULL, NULL, NULL, NULL, NULL, NULL, '2025-09-03 11:27:26', 'superadmin', '2025-09-03 11:27:26', 'superadmin', 1),
	(975, NULL, 924, 41, 52, NULL, NULL, 50, 0, 22, 8500, 425000, 0, 1, NULL, NULL, NULL, NULL, 25, 212500, NULL, NULL, NULL, NULL, 25, 212500, NULL, NULL, NULL, NULL, NULL, NULL, NULL, NULL, NULL, NULL, NULL, NULL, NULL, NULL, '2025-09-03 11:28:24', 'superadmin', '2025-09-03 11:28:24', 'superadmin', 1),
	(976, NULL, 925, 41, 52, NULL, NULL, 20, 0, 35, 2183064, 43661280, 0, 1, NULL, NULL, NULL, NULL, 5, 10915320, NULL, NULL, 5, 10915320, NULL, NULL, NULL, NULL, 5, 10915320, NULL, NULL, NULL, NULL, 5, 10915320, NULL, NULL, NULL, NULL, '2025-09-03 11:29:33', 'superadmin', '2025-09-03 11:29:33', 'superadmin', 1),
	(977, NULL, 926, 41, 52, NULL, NULL, 150, 0, 22, 13000, 1950000, 0, 1, NULL, NULL, NULL, NULL, 150, 1950000, NULL, NULL, NULL, NULL, NULL, NULL, NULL, NULL, NULL, NULL, NULL, NULL, NULL, NULL, NULL, NULL, NULL, NULL, NULL, NULL, '2025-09-03 11:30:08', 'superadmin', '2025-09-03 11:30:08', 'superadmin', 1),
	(978, NULL, 927, 41, 52, NULL, NULL, 18, 0, 22, 37500, 675000, 0, 1, NULL, NULL, NULL, NULL, 18, 675000, NULL, NULL, NULL, NULL, NULL, NULL, NULL, NULL, NULL, NULL, NULL, NULL, NULL, NULL, NULL, NULL, NULL, NULL, NULL, NULL, '2025-09-03 11:30:35', 'superadmin', '2025-09-03 11:30:35', 'superadmin', 1),
	(979, NULL, 928, 41, 52, NULL, NULL, 100, 0, 22, 15000, 1500000, 0, 1, NULL, NULL, NULL, NULL, 25, 375000, NULL, NULL, NULL, NULL, 25, 375000, NULL, NULL, 25, 375000, NULL, NULL, NULL, NULL, 25, 375000, NULL, NULL, NULL, NULL, '2025-09-03 11:31:40', 'superadmin', '2025-09-03 11:31:40', 'superadmin', 1),
	(980, NULL, 929, 41, 52, NULL, NULL, 60, 0, 22, 1600000, 96000000, 0, 1, NULL, NULL, NULL, NULL, 10, 16000000, NULL, NULL, 10, 16000000, NULL, NULL, 10, 16000000, NULL, NULL, 10, 16000000, NULL, NULL, 10, 16000000, NULL, NULL, 10, 16000000, '2025-09-03 11:32:24', 'superadmin', '2025-09-03 11:32:24', 'superadmin', 1),
	(981, NULL, 930, 41, 52, NULL, NULL, 200, 0, 22, 180200, 36040000, 0, 1, NULL, NULL, NULL, NULL, 100, 18020000, NULL, NULL, NULL, NULL, 100, 18020000, NULL, NULL, NULL, NULL, NULL, NULL, NULL, NULL, NULL, NULL, NULL, NULL, NULL, NULL, '2025-09-03 11:33:10', 'superadmin', '2025-09-03 11:33:10', 'superadmin', 1),
	(982, NULL, 931, 41, 52, NULL, NULL, 20, 0, 35, 1744760, 34895200, 0, 1, NULL, NULL, NULL, NULL, 5, 8723800, NULL, NULL, 5, 8723800, NULL, NULL, NULL, NULL, 5, 8723800, NULL, NULL, NULL, NULL, 5, 8723800, NULL, NULL, NULL, NULL, '2025-09-03 11:33:58', 'superadmin', '2025-09-03 11:33:58', 'superadmin', 1),
	(983, NULL, 932, 41, 52, NULL, NULL, 7000, 0, 8, 11200, 78400000, 0, 1, NULL, NULL, NULL, NULL, 2000, 22400000, NULL, NULL, 2000, 22400000, NULL, NULL, NULL, NULL, 1000, 11200000, NULL, NULL, NULL, NULL, 2000, 22400000, NULL, NULL, NULL, NULL, '2025-09-03 11:34:54', 'superadmin', '2025-09-03 11:34:54', 'superadmin', 1),
	(984, NULL, 933, 41, 52, NULL, NULL, 1000, 0, 8, 9500, 9500000, 0, 1, NULL, NULL, NULL, NULL, 250, 2375000, NULL, NULL, 250, 2375000, NULL, NULL, NULL, NULL, 250, 2375000, NULL, NULL, NULL, NULL, 250, 2375000, NULL, NULL, NULL, NULL, '2025-09-03 11:35:46', 'superadmin', '2025-09-03 11:35:46', 'superadmin', 1),
	(985, NULL, 934, 41, 52, NULL, NULL, 800, 0, 8, 7500, 6000000, 0, 1, NULL, NULL, NULL, NULL, 200, 1500000, NULL, NULL, 200, 1500000, NULL, NULL, NULL, NULL, 200, 1500000, NULL, NULL, NULL, NULL, 200, 1500000, NULL, NULL, NULL, NULL, '2025-09-03 11:36:22', 'superadmin', '2025-09-03 11:36:22', 'superadmin', 1),
	(986, NULL, 935, 41, 52, NULL, NULL, 2000, 0, 8, 14200, 28400000, 0, 1, NULL, NULL, NULL, NULL, 500, 7100000, NULL, NULL, 500, 7100000, NULL, NULL, NULL, NULL, 500, 7100000, NULL, NULL, NULL, NULL, 500, 7100000, NULL, NULL, NULL, NULL, '2025-09-03 11:37:16', 'superadmin', '2025-09-03 11:37:16', 'superadmin', 1),
	(987, NULL, 936, 41, 52, NULL, NULL, 1000, 0, 8, 9500, 9500000, 0, 1, NULL, NULL, NULL, NULL, 250, 2375000, NULL, NULL, 250, 2375000, NULL, NULL, NULL, NULL, 250, 2375000, NULL, NULL, NULL, NULL, 250, 2375000, NULL, NULL, NULL, NULL, '2025-09-03 11:37:55', 'superadmin', '2025-09-03 11:37:55', 'superadmin', 1),
	(988, NULL, 937, 41, 52, NULL, NULL, 5, 0, 8, 6500, 32500, 0, 1, NULL, NULL, NULL, NULL, 5, 32500, NULL, NULL, NULL, NULL, NULL, NULL, NULL, NULL, NULL, NULL, NULL, NULL, NULL, NULL, NULL, NULL, NULL, NULL, NULL, NULL, '2025-09-03 11:38:32', 'superadmin', '2025-09-03 11:38:32', 'superadmin', 1),
	(989, NULL, 938, 41, 52, NULL, NULL, 6, 0, 23, 103000, 618000, 0, 1, NULL, NULL, NULL, NULL, 6, 618000, NULL, NULL, NULL, NULL, NULL, NULL, NULL, NULL, NULL, NULL, NULL, NULL, NULL, NULL, NULL, NULL, NULL, NULL, NULL, NULL, '2025-09-03 11:40:27', 'superadmin', '2025-09-03 11:40:27', 'superadmin', 1),
	(990, NULL, 939, 41, 52, NULL, NULL, 9, 0, 29, 60000, 540000, 0, 1, NULL, NULL, NULL, NULL, NULL, NULL, NULL, NULL, 9, 540000, NULL, NULL, NULL, NULL, NULL, NULL, NULL, NULL, NULL, NULL, NULL, NULL, NULL, NULL, NULL, NULL, '2025-09-03 11:41:14', 'superadmin', '2025-09-03 11:41:14', 'superadmin', 1),
	(991, NULL, 940, 41, 52, NULL, NULL, 100, 0, 10, 26500, 2650000, 0, 1, NULL, NULL, NULL, NULL, 100, 2650000, NULL, NULL, NULL, NULL, NULL, NULL, NULL, NULL, NULL, NULL, NULL, NULL, NULL, NULL, NULL, NULL, NULL, NULL, NULL, NULL, '2025-09-03 12:59:33', 'superadmin', '2025-09-03 12:59:33', 'superadmin', 1),
	(992, NULL, 941, 41, 52, NULL, NULL, 10, 0, 36, 165000, 1650000, 0, 1, NULL, NULL, NULL, NULL, 5, 825000, NULL, NULL, NULL, NULL, NULL, NULL, NULL, NULL, NULL, NULL, 5, 825000, NULL, NULL, NULL, NULL, NULL, NULL, NULL, NULL, '2025-09-03 13:01:07', 'superadmin', '2025-09-03 13:01:07', 'superadmin', 1),
	(993, NULL, 942, 41, 52, NULL, NULL, 24, 0, 38, 20000, 480000, 0, 1, NULL, NULL, NULL, NULL, 24, 480000, NULL, NULL, NULL, NULL, NULL, NULL, NULL, NULL, NULL, NULL, NULL, NULL, NULL, NULL, NULL, NULL, NULL, NULL, NULL, NULL, '2025-09-03 13:01:35', 'superadmin', '2025-09-03 13:01:35', 'superadmin', 1),
	(994, NULL, 943, 41, 52, NULL, NULL, 10, 0, 22, 4000, 40000, 0, 1, NULL, NULL, NULL, NULL, 10, 40000, NULL, NULL, NULL, NULL, NULL, NULL, NULL, NULL, NULL, NULL, NULL, NULL, NULL, NULL, NULL, NULL, NULL, NULL, NULL, NULL, '2025-09-03 13:02:06', 'superadmin', '2025-09-03 13:02:06', 'superadmin', 1),
	(995, NULL, 944, 41, 52, NULL, NULL, 1200, 0, 10, 39000, 46800000, 0, 1, NULL, NULL, NULL, NULL, 300, 11700000, NULL, NULL, 300, 11700000, NULL, NULL, NULL, NULL, 300, 11700000, NULL, NULL, NULL, NULL, 300, 11700000, NULL, NULL, NULL, NULL, '2025-09-03 13:03:12', 'superadmin', '2025-09-03 13:03:12', 'superadmin', 1),
	(996, NULL, 945, 41, 52, NULL, NULL, 300, 0, 10, 60400, 18120000, 0, 1, NULL, NULL, NULL, NULL, NULL, NULL, NULL, NULL, NULL, NULL, 300, 18120000, NULL, NULL, NULL, NULL, NULL, NULL, NULL, NULL, NULL, NULL, NULL, NULL, NULL, NULL, '2025-09-03 13:03:43', 'superadmin', '2025-09-03 13:03:43', 'superadmin', 1),
	(997, NULL, 946, 41, 52, NULL, NULL, 12, 0, 10, 182500, 2190000, 0, 1, NULL, NULL, NULL, NULL, NULL, NULL, NULL, NULL, NULL, NULL, 12, 2190000, NULL, NULL, NULL, NULL, NULL, NULL, NULL, NULL, NULL, NULL, NULL, NULL, NULL, NULL, '2025-09-03 13:04:45', 'superadmin', '2025-09-03 13:04:45', 'superadmin', 1),
	(998, NULL, 1091, 41, 52, NULL, NULL, 260, 0, 22, 47700, 12402000, 0, 1, NULL, NULL, NULL, NULL, NULL, NULL, 100, 4770000, NULL, NULL, NULL, NULL, 100, 4770000, NULL, NULL, NULL, NULL, NULL, NULL, 60, 2862000, NULL, NULL, NULL, NULL, '2025-09-03 13:05:48', 'superadmin', '2025-09-03 13:05:48', 'superadmin', 1),
	(999, NULL, 948, 41, 52, NULL, NULL, 101, 0, 22, 206000, 20806000, 0, 1, NULL, NULL, NULL, NULL, NULL, NULL, 101, 20806000, NULL, NULL, NULL, NULL, NULL, NULL, NULL, NULL, NULL, NULL, NULL, NULL, NULL, NULL, NULL, NULL, NULL, NULL, '2025-09-03 13:06:19', 'superadmin', '2025-09-03 13:06:19', 'superadmin', 1),
	(1000, NULL, 949, 41, 52, NULL, NULL, 2, 0, 10, 295000, 590000, 0, 1, NULL, NULL, NULL, NULL, 2, 590000, NULL, NULL, NULL, NULL, NULL, NULL, NULL, NULL, NULL, NULL, NULL, NULL, NULL, NULL, NULL, NULL, NULL, NULL, NULL, NULL, '2025-09-03 13:06:46', 'superadmin', '2025-09-03 13:06:46', 'superadmin', 1),
	(1001, NULL, 950, 41, 52, NULL, NULL, 10, 0, 10, 60000, 600000, 0, 1, NULL, NULL, NULL, NULL, 10, 600000, NULL, NULL, NULL, NULL, NULL, NULL, NULL, NULL, NULL, NULL, NULL, NULL, NULL, NULL, NULL, NULL, NULL, NULL, NULL, NULL, '2025-09-03 13:07:24', 'superadmin', '2025-09-03 13:07:24', 'superadmin', 1),
	(1002, NULL, 951, 41, 52, NULL, NULL, 200, 0, 22, 307400, 61480000, 0, 1, NULL, NULL, NULL, NULL, NULL, NULL, NULL, NULL, NULL, NULL, 200, 61480000, NULL, NULL, NULL, NULL, NULL, NULL, NULL, NULL, NULL, NULL, NULL, NULL, NULL, NULL, '2025-09-03 13:07:57', 'superadmin', '2025-09-03 13:07:57', 'superadmin', 1),
	(1003, NULL, 952, 41, 52, NULL, NULL, 800, 0, 10, 600, 480000, 0, 1, NULL, NULL, NULL, NULL, 800, 480000, NULL, NULL, NULL, NULL, NULL, NULL, NULL, NULL, NULL, NULL, NULL, NULL, NULL, NULL, NULL, NULL, NULL, NULL, NULL, NULL, '2025-09-03 13:08:25', 'superadmin', '2025-09-03 13:08:25', 'superadmin', 1),
	(1004, NULL, 953, 41, 52, NULL, NULL, 200, 0, 22, 323000, 64600000, 0, 1, NULL, NULL, NULL, NULL, NULL, NULL, NULL, NULL, NULL, NULL, 200, 64600000, NULL, NULL, NULL, NULL, NULL, NULL, NULL, NULL, NULL, NULL, NULL, NULL, NULL, NULL, '2025-09-03 13:08:57', 'superadmin', '2025-09-03 13:08:57', 'superadmin', 1),
	(1005, NULL, 954, 41, 52, NULL, NULL, 4, 0, 22, 50000, 200000, 0, 1, NULL, NULL, NULL, NULL, 4, 200000, NULL, NULL, NULL, NULL, NULL, NULL, NULL, NULL, NULL, NULL, NULL, NULL, NULL, NULL, NULL, NULL, NULL, NULL, NULL, NULL, '2025-09-03 13:09:32', 'superadmin', '2025-09-03 13:09:32', 'superadmin', 1),
	(1006, NULL, 955, 41, 52, NULL, NULL, 5, 0, 22, 12000, 60000, 0, 1, NULL, NULL, NULL, NULL, 5, 60000, NULL, NULL, NULL, NULL, NULL, NULL, NULL, NULL, NULL, NULL, NULL, NULL, NULL, NULL, NULL, NULL, NULL, NULL, NULL, NULL, '2025-09-03 13:09:57', 'superadmin', '2025-09-03 13:09:57', 'superadmin', 1),
	(1007, NULL, 956, 41, 52, NULL, NULL, 200, 0, 10, 118000, 23600000, 0, 1, NULL, NULL, NULL, NULL, NULL, NULL, NULL, NULL, NULL, NULL, 200, 23600000, NULL, NULL, NULL, NULL, NULL, NULL, NULL, NULL, NULL, NULL, NULL, NULL, NULL, NULL, '2025-09-03 13:10:22', 'superadmin', '2025-09-03 13:10:22', 'superadmin', 1),
	(1008, NULL, 977, 41, 52, NULL, NULL, 13, 0, 22, 89500, 1163500, 0, 1, NULL, NULL, NULL, NULL, NULL, NULL, NULL, NULL, 13, 1163500, NULL, NULL, NULL, NULL, NULL, NULL, NULL, NULL, NULL, NULL, NULL, NULL, NULL, NULL, NULL, NULL, '2025-09-03 13:11:04', 'superadmin', '2025-09-03 13:11:04', 'superadmin', 1),
	(1009, NULL, 958, 41, 52, NULL, NULL, 5, 0, 23, 25000, 125000, 0, 1, NULL, NULL, NULL, NULL, NULL, NULL, NULL, NULL, 5, 125000, NULL, NULL, NULL, NULL, NULL, NULL, NULL, NULL, NULL, NULL, NULL, NULL, NULL, NULL, NULL, NULL, '2025-09-03 13:11:33', 'superadmin', '2025-09-03 13:11:33', 'superadmin', 1),
	(1010, NULL, 959, 41, 52, NULL, NULL, 50, 0, 37, 22000, 1100000, 0, 1, NULL, NULL, NULL, NULL, NULL, NULL, NULL, NULL, 50, 1100000, NULL, NULL, NULL, NULL, NULL, NULL, NULL, NULL, NULL, NULL, NULL, NULL, NULL, NULL, NULL, NULL, '2025-09-03 13:12:05', 'superadmin', '2025-09-03 13:12:05', 'superadmin', 1),
	(1011, NULL, 960, 41, 52, NULL, NULL, 400, 0, 37, 22000, 8800000, 0, 1, NULL, NULL, NULL, NULL, 200, 4400000, NULL, NULL, NULL, NULL, NULL, NULL, NULL, NULL, 200, 4400000, NULL, NULL, NULL, NULL, NULL, NULL, NULL, NULL, NULL, NULL, '2025-09-03 13:12:46', 'superadmin', '2025-09-03 13:12:46', 'superadmin', 1),
	(1012, NULL, 962, 41, 52, NULL, NULL, 100, 0, 37, 22000, 2200000, 0, 1, NULL, NULL, NULL, NULL, NULL, NULL, NULL, NULL, 100, 2200000, NULL, NULL, NULL, NULL, NULL, NULL, NULL, NULL, NULL, NULL, NULL, NULL, NULL, NULL, NULL, NULL, '2025-09-03 13:13:13', 'superadmin', '2025-09-03 13:13:13', 'superadmin', 1),
	(1013, NULL, 963, 41, 52, NULL, NULL, 4, 0, 22, 971000, 3884000, 0, 1, NULL, NULL, NULL, NULL, NULL, NULL, NULL, NULL, NULL, NULL, NULL, NULL, NULL, NULL, 4, 3884000, NULL, NULL, NULL, NULL, NULL, NULL, NULL, NULL, NULL, NULL, '2025-09-03 13:13:41', 'superadmin', '2025-09-03 13:13:41', 'superadmin', 1),
	(1014, NULL, 964, 41, 52, NULL, NULL, 10, 0, 10, 225000, 2250000, 0, 1, NULL, NULL, NULL, NULL, NULL, NULL, NULL, NULL, NULL, NULL, NULL, NULL, NULL, NULL, 10, 2250000, NULL, NULL, NULL, NULL, NULL, NULL, NULL, NULL, NULL, NULL, '2025-09-03 13:14:32', 'superadmin', '2025-09-03 13:14:32', 'superadmin', 1),
	(1015, NULL, 965, 41, 52, NULL, NULL, 20, 0, 10, 510000, 10200000, 0, 1, NULL, NULL, NULL, NULL, NULL, NULL, NULL, NULL, NULL, NULL, NULL, NULL, NULL, NULL, 20, 10200000, NULL, NULL, NULL, NULL, NULL, NULL, NULL, NULL, NULL, NULL, '2025-09-03 13:15:02', 'superadmin', '2025-09-03 13:15:02', 'superadmin', 1),
	(1016, NULL, 967, 41, 52, NULL, NULL, 15, 0, 22, 340000, 5100000, 0, 1, NULL, NULL, NULL, NULL, NULL, NULL, NULL, NULL, NULL, NULL, NULL, NULL, NULL, NULL, 15, 5100000, NULL, NULL, NULL, NULL, NULL, NULL, NULL, NULL, NULL, NULL, '2025-09-03 13:15:25', 'superadmin', '2025-09-03 13:15:25', 'superadmin', 1),
	(1017, NULL, 969, 41, 52, NULL, NULL, 14, 0, 22, 170000, 2380000, 0, 1, NULL, NULL, NULL, NULL, NULL, NULL, NULL, NULL, NULL, NULL, NULL, NULL, NULL, NULL, 14, 2380000, NULL, NULL, NULL, NULL, NULL, NULL, NULL, NULL, NULL, NULL, '2025-09-03 13:15:53', 'superadmin', '2025-09-03 13:15:53', 'superadmin', 1),
	(1018, NULL, 976, 41, 52, NULL, NULL, 26, 0, 22, 340000, 8840000, 0, 1, NULL, NULL, NULL, NULL, NULL, NULL, NULL, NULL, NULL, NULL, NULL, NULL, NULL, NULL, 26, 8840000, NULL, NULL, NULL, NULL, NULL, NULL, NULL, NULL, NULL, NULL, '2025-09-03 13:17:15', 'superadmin', '2025-09-03 13:17:15', 'superadmin', 1),
	(1019, NULL, 978, 41, 52, NULL, NULL, 800, 0, 8, 10000, 8000000, 0, 1, NULL, NULL, NULL, NULL, 400, 4000000, NULL, NULL, NULL, NULL, NULL, NULL, 400, 4000000, NULL, NULL, NULL, NULL, NULL, NULL, NULL, NULL, NULL, NULL, NULL, NULL, '2025-09-03 15:59:07', 'superadmin', '2025-09-03 15:59:07', 'superadmin', 1),
	(1020, NULL, 979, 41, 52, NULL, NULL, 123, 0, 22, 170000, 20910000, 0, 1, NULL, NULL, NULL, NULL, NULL, NULL, NULL, NULL, NULL, NULL, NULL, NULL, 50, 8500000, NULL, NULL, NULL, NULL, 50, 8500000, NULL, NULL, 23, 3910000, NULL, NULL, '2025-09-03 16:00:06', 'superadmin', '2025-09-03 16:00:06', 'superadmin', 1),
	(1021, NULL, 981, 41, 52, NULL, NULL, 100, 0, 22, 8500, 850000, 0, 1, NULL, NULL, NULL, NULL, NULL, NULL, NULL, NULL, NULL, NULL, NULL, NULL, 100, 850000, NULL, NULL, NULL, NULL, NULL, NULL, NULL, NULL, NULL, NULL, NULL, NULL, '2025-09-03 16:00:40', 'superadmin', '2025-09-03 16:00:40', 'superadmin', 1),
	(1022, NULL, 984, 41, 52, NULL, NULL, 200, 0, 22, 18000, 3600000, 0, 1, NULL, NULL, NULL, NULL, NULL, NULL, NULL, NULL, NULL, NULL, NULL, NULL, 200, 3600000, NULL, NULL, NULL, NULL, NULL, NULL, NULL, NULL, NULL, NULL, NULL, NULL, '2025-09-03 16:01:08', 'superadmin', '2025-09-03 16:01:08', 'superadmin', 1),
	(1023, NULL, 987, 41, 52, NULL, NULL, 10, 0, 22, 275000, 2750000, 0, 1, NULL, NULL, NULL, NULL, NULL, NULL, NULL, NULL, NULL, NULL, NULL, NULL, 10, 2750000, NULL, NULL, NULL, NULL, NULL, NULL, NULL, NULL, NULL, NULL, NULL, NULL, '2025-09-03 16:01:41', 'superadmin', '2025-09-03 16:01:41', 'superadmin', 1),
	(1024, NULL, 989, 41, 52, NULL, NULL, 4, 0, 22, 70000, 280000, 0, 1, NULL, NULL, NULL, NULL, NULL, NULL, NULL, NULL, NULL, NULL, NULL, NULL, 4, 280000, NULL, NULL, NULL, NULL, NULL, NULL, NULL, NULL, NULL, NULL, NULL, NULL, '2025-09-03 16:02:04', 'superadmin', '2025-09-03 16:02:04', 'superadmin', 1),
	(1025, NULL, 993, 42, 53, NULL, NULL, 33471, 0, 39, 80000, 2677680000, 0, 1, NULL, NULL, 2791, 223280000, 2787, 222960000, 2790, 223200000, 2788, 223040000, 2790, 223200000, 2788, 223040000, 2790, 223200000, 2791, 223280000, 2788, 223040000, 2790, 223200000, 2788, 223040000, 2790, 223200000, '2025-09-03 16:04:41', 'superadmin', '2025-09-03 16:04:41', 'superadmin', 1),
	(1026, 45, NULL, 43, 54, NULL, NULL, NULL, 0, NULL, NULL, NULL, 1, 0, NULL, NULL, NULL, NULL, NULL, NULL, NULL, NULL, NULL, NULL, NULL, NULL, NULL, NULL, NULL, NULL, NULL, NULL, NULL, NULL, NULL, NULL, NULL, NULL, NULL, NULL, '2025-09-03 16:05:42', 'superadmin', '2025-09-03 16:05:42', 'superadmin', 1),
	(1027, NULL, 996, NULL, NULL, 1026, NULL, 450, 0, 11, 300000, 135000000, 0, 1, NULL, NULL, 36, 10800000, 36, 10800000, 36, 10800000, 36, 10800000, 36, 10800000, 36, 10800000, 36, 10800000, 36, 10800000, 36, 10800000, 36, 10800000, 54, 16200000, 36, 10800000, '2025-09-03 16:06:39', 'superadmin', '2025-09-03 16:06:39', 'superadmin', 1),
	(1028, NULL, 999, 43, 54, NULL, NULL, 450, 0, 3, 450000, 202500000, 0, 1, NULL, NULL, 36, 16200000, 36, 16200000, 36, 16200000, 36, 16200000, 36, 16200000, 36, 16200000, 36, 16200000, 36, 16200000, 36, 16200000, 36, 16200000, 54, 24300000, 36, 16200000, '2025-09-03 18:41:42', 'superadmin', '2025-09-03 18:41:59', 'superadmin', 0),
	(1029, NULL, 999, NULL, NULL, 1026, NULL, 450, 0, 3, 450000, 202500000, 0, 1, NULL, NULL, 36, 16200000, 36, 16200000, 36, 16200000, 36, 16200000, 36, 16200000, 36, 16200000, 36, 16200000, 36, 16200000, 36, 16200000, 36, 16200000, 54, 24300000, 36, 16200000, '2025-09-04 07:21:19', 'superadmin', '2025-09-04 07:21:19', 'superadmin', 1),
	(1030, 46, NULL, 43, 54, NULL, NULL, NULL, 0, NULL, NULL, NULL, 1, 0, NULL, NULL, NULL, NULL, NULL, NULL, NULL, NULL, NULL, NULL, NULL, NULL, NULL, NULL, NULL, NULL, NULL, NULL, NULL, NULL, NULL, NULL, NULL, NULL, NULL, NULL, '2025-09-04 07:21:33', 'superadmin', '2025-09-04 07:21:33', 'superadmin', 1),
	(1031, NULL, 1002, NULL, NULL, 1030, NULL, 6, 0, 11, 530000, 3180000, 0, 1, NULL, NULL, 3, 1590000, NULL, NULL, NULL, NULL, 3, 1590000, NULL, NULL, NULL, NULL, NULL, NULL, NULL, NULL, NULL, NULL, NULL, NULL, NULL, NULL, NULL, NULL, '2025-09-04 07:22:23', 'superadmin', '2025-09-04 07:22:23', 'superadmin', 1),
	(1032, NULL, 1005, NULL, NULL, 1030, NULL, 2, 0, 3, 2674000, 5348000, 0, 1, NULL, NULL, 1, 2674000, NULL, NULL, NULL, NULL, 1, 2674000, NULL, NULL, NULL, NULL, NULL, NULL, NULL, NULL, NULL, NULL, NULL, NULL, NULL, NULL, NULL, NULL, '2025-09-04 07:22:48', 'superadmin', '2025-09-04 07:22:48', 'superadmin', 1),
	(1033, NULL, 1007, NULL, NULL, 1030, NULL, 4, 0, 3, 256000, 1024000, 0, 1, NULL, NULL, 2, 512000, NULL, NULL, NULL, NULL, 2, 512000, NULL, NULL, NULL, NULL, NULL, NULL, NULL, NULL, NULL, NULL, NULL, NULL, NULL, NULL, NULL, NULL, '2025-09-04 07:23:43', 'superadmin', '2025-09-04 07:23:43', 'superadmin', 1),
	(1034, NULL, 1009, NULL, NULL, 1030, NULL, 6, 0, 11, 992000, 5952000, 0, 1, NULL, NULL, 3, 2976000, NULL, NULL, NULL, NULL, 3, 2976000, NULL, NULL, NULL, NULL, NULL, NULL, NULL, NULL, NULL, NULL, NULL, NULL, NULL, NULL, NULL, NULL, '2025-09-04 07:24:26', 'superadmin', '2025-09-04 07:24:26', 'superadmin', 1),
	(1035, NULL, 1011, NULL, NULL, 1030, NULL, 2, 0, 3, 300000, 600000, 0, 1, NULL, NULL, 2, 600000, NULL, NULL, NULL, NULL, NULL, NULL, NULL, NULL, NULL, NULL, NULL, NULL, NULL, NULL, NULL, NULL, NULL, NULL, NULL, NULL, NULL, NULL, '2025-09-04 07:25:27', 'superadmin', '2025-09-04 07:35:07', 'superadmin', 0),
	(1036, NULL, 1013, NULL, NULL, 1030, NULL, 18, 0, 11, 530000, 9540000, 0, 1, NULL, NULL, NULL, NULL, 9, 4770000, NULL, NULL, NULL, NULL, 9, 4770000, NULL, NULL, NULL, NULL, NULL, NULL, NULL, NULL, NULL, NULL, NULL, NULL, NULL, NULL, '2025-09-04 07:26:29', 'superadmin', '2025-09-04 07:26:29', 'superadmin', 1),
	(1037, NULL, 1015, NULL, NULL, 1030, NULL, 6, 0, 3, 2674000, 16044000, 0, 1, NULL, NULL, NULL, NULL, 3, 8022000, NULL, NULL, NULL, NULL, 3, 8022000, NULL, NULL, NULL, NULL, NULL, NULL, NULL, NULL, NULL, NULL, NULL, NULL, NULL, NULL, '2025-09-04 07:27:07', 'superadmin', '2025-09-04 07:27:07', 'superadmin', 1),
	(1038, NULL, 1016, NULL, NULL, 1030, NULL, 12, 0, 3, 256000, 3072000, 0, 1, NULL, NULL, NULL, NULL, 6, 1536000, NULL, NULL, NULL, NULL, 6, 1536000, NULL, NULL, NULL, NULL, NULL, NULL, NULL, NULL, NULL, NULL, NULL, NULL, NULL, NULL, '2025-09-04 07:27:47', 'superadmin', '2025-09-04 07:27:47', 'superadmin', 1),
	(1039, NULL, 1018, NULL, NULL, 1030, NULL, 18, 0, 11, 730000, 13140000, 0, 1, NULL, NULL, NULL, NULL, 9, 6570000, NULL, NULL, NULL, NULL, 9, 6570000, NULL, NULL, NULL, NULL, NULL, NULL, NULL, NULL, NULL, NULL, NULL, NULL, NULL, NULL, '2025-09-04 07:28:23', 'superadmin', '2025-09-04 07:28:23', 'superadmin', 1),
	(1040, NULL, 1022, NULL, NULL, 1030, NULL, 40, 0, 11, 160000, 6400000, 0, 1, NULL, NULL, NULL, NULL, 2, 320000, 4, 640000, 4, 640000, 4, 640000, 4, 640000, 4, 640000, 4, 640000, 4, 640000, 4, 640000, 4, 640000, 2, 320000, '2025-09-04 07:30:00', 'superadmin', '2025-09-04 07:30:00', 'superadmin', 1),
	(1041, NULL, 1025, NULL, NULL, 1030, NULL, 40, 0, 11, 100000, 4000000, 0, 1, NULL, NULL, NULL, NULL, 2, 200000, 4, 400000, 4, 400000, 4, 400000, 4, 400000, 4, 400000, 4, 400000, 4, 400000, 4, 400000, 4, 400000, 2, 200000, '2025-09-04 07:30:47', 'superadmin', '2025-09-04 07:30:47', 'superadmin', 1),
	(1042, NULL, 1027, NULL, NULL, 1030, NULL, 20, 0, 11, 140000, 2800000, 0, 1, NULL, NULL, NULL, NULL, 2, 280000, 2, 280000, 2, 280000, 2, 280000, 2, 280000, 3, 420000, 3, 420000, 2, 280000, 1, 140000, 1, 140000, NULL, NULL, '2025-09-04 07:31:40', 'superadmin', '2025-09-04 07:31:40', 'superadmin', 1),
	(1043, NULL, 1029, NULL, NULL, 1030, NULL, 15, 0, 11, 100000, 1500000, 0, 1, NULL, NULL, NULL, NULL, 2, 200000, 2, 200000, 2, 200000, 2, 200000, 2, 200000, 2, 200000, 2, 200000, NULL, NULL, 1, 100000, NULL, NULL, NULL, NULL, '2025-09-04 07:32:26', 'superadmin', '2025-09-04 07:32:26', 'superadmin', 1),
	(1044, NULL, 1031, NULL, NULL, 1030, NULL, 100, 0, 11, 140000, 14000000, 0, 1, NULL, NULL, NULL, NULL, 10, 1400000, 10, 1400000, 10, 1400000, 10, 1400000, 10, 1400000, 10, 1400000, 10, 1400000, 10, 1400000, 10, 1400000, 10, 1400000, NULL, NULL, '2025-09-04 07:33:19', 'superadmin', '2025-09-04 07:33:19', 'superadmin', 1),
	(1045, NULL, 1033, NULL, NULL, 1030, NULL, 50, 0, 3, 450000, 22500000, 0, 1, NULL, NULL, NULL, NULL, 5, 2250000, 5, 2250000, 5, 2250000, 5, 2250000, 5, 2250000, 5, 2250000, 5, 2250000, 5, 2250000, 5, 2250000, 5, 2250000, NULL, NULL, '2025-09-04 07:34:44', 'superadmin', '2025-09-04 07:34:44', 'superadmin', 1),
	(1046, NULL, 1037, 44, 55, NULL, NULL, 3, 0, 22, 300000, 900000, 0, 1, NULL, NULL, NULL, NULL, NULL, NULL, 3, 900000, NULL, NULL, NULL, NULL, NULL, NULL, NULL, NULL, NULL, NULL, NULL, NULL, NULL, NULL, NULL, NULL, NULL, NULL, '2025-09-04 07:38:32', 'superadmin', '2025-09-04 07:38:32', 'superadmin', 1),
	(1047, NULL, 1039, 44, 55, NULL, NULL, 3, 0, 22, 220000, 660000, 0, 1, NULL, NULL, NULL, NULL, 3, 660000, NULL, NULL, NULL, NULL, NULL, NULL, NULL, NULL, NULL, NULL, NULL, NULL, NULL, NULL, NULL, NULL, NULL, NULL, NULL, NULL, '2025-09-04 07:39:08', 'superadmin', '2025-09-04 07:39:08', 'superadmin', 1),
	(1048, NULL, 1042, 44, 55, NULL, NULL, 5, 0, 1, 250000, 1250000, 0, 1, NULL, NULL, NULL, NULL, NULL, NULL, 5, 1250000, NULL, NULL, NULL, NULL, NULL, NULL, NULL, NULL, NULL, NULL, NULL, NULL, NULL, NULL, NULL, NULL, NULL, NULL, '2025-09-04 07:40:37', 'superadmin', '2025-09-04 07:40:37', 'superadmin', 1),
	(1049, NULL, 1044, 44, 55, NULL, NULL, 2, 0, 15, 250000, 500000, 0, 1, NULL, NULL, NULL, NULL, NULL, NULL, 2, 500000, NULL, NULL, NULL, NULL, NULL, NULL, NULL, NULL, NULL, NULL, NULL, NULL, NULL, NULL, NULL, NULL, NULL, NULL, '2025-09-04 07:48:34', 'superadmin', '2025-09-04 07:48:34', 'superadmin', 1),
	(1050, NULL, 1047, 44, 55, NULL, NULL, 3, 0, 22, 570000, 1710000, 0, 1, NULL, NULL, NULL, NULL, NULL, NULL, 3, 1710000, NULL, NULL, NULL, NULL, NULL, NULL, NULL, NULL, NULL, NULL, NULL, NULL, NULL, NULL, NULL, NULL, NULL, NULL, '2025-09-04 07:49:10', 'superadmin', '2025-09-04 07:49:10', 'superadmin', 1),
	(1051, NULL, 1049, 44, 55, NULL, NULL, 1, 0, 22, 578750, 578750, 0, 1, NULL, NULL, NULL, NULL, NULL, NULL, 1, 578750, NULL, NULL, NULL, NULL, NULL, NULL, NULL, NULL, NULL, NULL, NULL, NULL, NULL, NULL, NULL, NULL, NULL, NULL, '2025-09-04 07:49:38', 'superadmin', '2025-09-04 07:49:38', 'superadmin', 1),
	(1052, NULL, 1051, 44, 55, NULL, NULL, 1, 0, 22, 185500, 185500, 0, 1, NULL, NULL, NULL, NULL, NULL, NULL, 1, 185500, NULL, NULL, NULL, NULL, NULL, NULL, NULL, NULL, NULL, NULL, NULL, NULL, NULL, NULL, NULL, NULL, NULL, NULL, '2025-09-04 07:50:00', 'superadmin', '2025-09-04 07:50:00', 'superadmin', 1),
	(1053, NULL, 1053, 44, 55, NULL, NULL, 3, 0, 22, 540000, 1620000, 0, 1, NULL, NULL, NULL, NULL, NULL, NULL, 3, 1620000, NULL, NULL, NULL, NULL, NULL, NULL, NULL, NULL, NULL, NULL, NULL, NULL, NULL, NULL, NULL, NULL, NULL, NULL, '2025-09-04 07:50:22', 'superadmin', '2025-09-04 07:50:22', 'superadmin', 1),
	(1054, NULL, 1055, 44, 55, NULL, NULL, 2, 0, 22, 70000, 140000, 0, 1, NULL, NULL, NULL, NULL, NULL, NULL, 2, 140000, NULL, NULL, NULL, NULL, NULL, NULL, NULL, NULL, NULL, NULL, NULL, NULL, NULL, NULL, NULL, NULL, NULL, NULL, '2025-09-04 07:50:45', 'superadmin', '2025-09-04 07:50:45', 'superadmin', 1),
	(1055, NULL, 1056, 44, 55, NULL, NULL, 3, 0, 10, 920000, 2760000, 0, 1, NULL, NULL, NULL, NULL, NULL, NULL, 3, 2760000, NULL, NULL, NULL, NULL, NULL, NULL, NULL, NULL, NULL, NULL, NULL, NULL, NULL, NULL, NULL, NULL, NULL, NULL, '2025-09-04 07:51:12', 'superadmin', '2025-09-04 07:51:12', 'superadmin', 1),
	(1056, NULL, 1057, 44, 55, NULL, NULL, 3, 0, 22, 300000, 900000, 0, 1, NULL, NULL, NULL, NULL, NULL, NULL, 3, 900000, NULL, NULL, NULL, NULL, NULL, NULL, NULL, NULL, NULL, NULL, NULL, NULL, NULL, NULL, NULL, NULL, NULL, NULL, '2025-09-04 07:51:39', 'superadmin', '2025-09-04 07:51:39', 'superadmin', 1),
	(1057, NULL, 1058, 44, 55, NULL, NULL, 1, 0, 22, 348000, 348000, 0, 1, NULL, NULL, NULL, NULL, NULL, NULL, 1, 348000, NULL, NULL, NULL, NULL, NULL, NULL, NULL, NULL, NULL, NULL, NULL, NULL, NULL, NULL, NULL, NULL, NULL, NULL, '2025-09-04 07:52:04', 'superadmin', '2025-09-04 07:52:04', 'superadmin', 1),
	(1058, NULL, 1060, 44, 55, NULL, NULL, 5, 0, 22, 70000, 350000, 0, 1, NULL, NULL, NULL, NULL, NULL, NULL, 5, 350000, NULL, NULL, NULL, NULL, NULL, NULL, NULL, NULL, NULL, NULL, NULL, NULL, NULL, NULL, NULL, NULL, NULL, NULL, '2025-09-04 07:52:29', 'superadmin', '2025-09-04 07:52:29', 'superadmin', 1),
	(1059, NULL, 1061, 44, 55, NULL, NULL, 4, 0, 16, 1600000, 6400000, 0, 1, NULL, NULL, NULL, NULL, NULL, NULL, 4, 6400000, NULL, NULL, NULL, NULL, NULL, NULL, NULL, NULL, NULL, NULL, NULL, NULL, NULL, NULL, NULL, NULL, NULL, NULL, '2025-09-04 07:52:54', 'superadmin', '2025-09-04 07:52:54', 'superadmin', 1),
	(1060, NULL, 1062, 44, 55, NULL, NULL, 5, 0, 10, 47700, 238500, 0, 1, NULL, NULL, NULL, NULL, NULL, NULL, 5, 238500, NULL, NULL, NULL, NULL, NULL, NULL, NULL, NULL, NULL, NULL, NULL, NULL, NULL, NULL, NULL, NULL, NULL, NULL, '2025-09-04 07:53:21', 'superadmin', '2025-09-04 07:53:21', 'superadmin', 1),
	(1061, NULL, 1064, 44, 55, NULL, NULL, 2, 0, 1, 250000, 500000, 0, 1, NULL, NULL, NULL, NULL, NULL, NULL, 2, 500000, NULL, NULL, NULL, NULL, NULL, NULL, NULL, NULL, NULL, NULL, NULL, NULL, NULL, NULL, NULL, NULL, NULL, NULL, '2025-09-04 07:53:50', 'superadmin', '2025-09-04 07:53:50', 'superadmin', 1),
	(1062, NULL, 1065, 44, 55, NULL, NULL, 10, 0, 1, 150000, 1500000, 0, 1, NULL, NULL, NULL, NULL, NULL, NULL, 10, 1500000, NULL, NULL, NULL, NULL, NULL, NULL, NULL, NULL, NULL, NULL, NULL, NULL, NULL, NULL, NULL, NULL, NULL, NULL, '2025-09-04 07:54:13', 'superadmin', '2025-09-04 07:54:13', 'superadmin', 1),
	(1063, NULL, 1066, 44, 55, NULL, NULL, 2, 0, 22, 920000, 1840000, 0, 1, NULL, NULL, NULL, NULL, NULL, NULL, 2, 1840000, NULL, NULL, NULL, NULL, NULL, NULL, NULL, NULL, NULL, NULL, NULL, NULL, NULL, NULL, NULL, NULL, NULL, NULL, '2025-09-04 07:54:36', 'superadmin', '2025-09-04 07:54:36', 'superadmin', 1),
	(1064, NULL, 1067, 44, 55, NULL, NULL, 5, 0, 8, 10500, 52500, 0, 1, NULL, NULL, NULL, NULL, NULL, NULL, 5, 52500, NULL, NULL, NULL, NULL, NULL, NULL, NULL, NULL, NULL, NULL, NULL, NULL, NULL, NULL, NULL, NULL, NULL, NULL, '2025-09-04 07:55:07', 'superadmin', '2025-09-04 07:55:07', 'superadmin', 1),
	(1065, NULL, 1068, 44, 55, NULL, NULL, 4, 0, 10, 201400, 805600, 0, 1, NULL, NULL, NULL, NULL, NULL, NULL, 4, 805600, NULL, NULL, NULL, NULL, NULL, NULL, NULL, NULL, NULL, NULL, NULL, NULL, NULL, NULL, NULL, NULL, NULL, NULL, '2025-09-04 07:55:35', 'superadmin', '2025-09-04 07:55:35', 'superadmin', 1),
	(1066, NULL, 1069, 44, 55, NULL, NULL, 4, 0, 10, 600000, 2400000, 0, 1, NULL, NULL, NULL, NULL, NULL, NULL, 4, 2400000, NULL, NULL, NULL, NULL, NULL, NULL, NULL, NULL, NULL, NULL, NULL, NULL, NULL, NULL, NULL, NULL, NULL, NULL, '2025-09-04 07:56:10', 'superadmin', '2025-09-04 07:56:10', 'superadmin', 1),
	(1067, NULL, 1070, 44, 55, NULL, NULL, 5, 0, 8, 40000, 200000, 0, 1, NULL, NULL, NULL, NULL, NULL, NULL, 5, 200000, NULL, NULL, NULL, NULL, NULL, NULL, NULL, NULL, NULL, NULL, NULL, NULL, NULL, NULL, NULL, NULL, NULL, NULL, '2025-09-04 07:56:33', 'superadmin', '2025-09-04 07:56:33', 'superadmin', 1),
	(1068, NULL, 1071, 44, 55, NULL, NULL, 1, 0, 13, 350000, 350000, 0, 1, NULL, NULL, NULL, NULL, NULL, NULL, 1, 350000, NULL, NULL, NULL, NULL, NULL, NULL, NULL, NULL, NULL, NULL, NULL, NULL, NULL, NULL, NULL, NULL, NULL, NULL, '2025-09-04 07:56:52', 'superadmin', '2025-09-04 07:56:52', 'superadmin', 1),
	(1069, NULL, 1072, 44, 55, NULL, NULL, 2, 0, 15, 48750, 97500, 0, 1, NULL, NULL, NULL, NULL, NULL, NULL, 2, 97500, NULL, NULL, NULL, NULL, NULL, NULL, NULL, NULL, NULL, NULL, NULL, NULL, NULL, NULL, NULL, NULL, NULL, NULL, '2025-09-04 07:57:24', 'superadmin', '2025-09-04 07:57:24', 'superadmin', 1),
	(1070, NULL, 1073, 44, 55, NULL, NULL, 2, 0, 15, 45000, 90000, 0, 1, NULL, NULL, NULL, NULL, NULL, NULL, 2, 90000, NULL, NULL, NULL, NULL, NULL, NULL, NULL, NULL, NULL, NULL, NULL, NULL, NULL, NULL, NULL, NULL, NULL, NULL, '2025-09-04 07:57:45', 'superadmin', '2025-09-04 07:57:45', 'superadmin', 1),
	(1071, NULL, 1074, 44, 55, NULL, NULL, 1, 0, 15, 400000, 400000, 0, 1, NULL, NULL, NULL, NULL, NULL, NULL, 1, 400000, NULL, NULL, NULL, NULL, NULL, NULL, NULL, NULL, NULL, NULL, NULL, NULL, NULL, NULL, NULL, NULL, NULL, NULL, '2025-09-04 07:58:05', 'superadmin', '2025-09-04 07:58:05', 'superadmin', 1),
	(1072, NULL, 1075, 44, 55, NULL, NULL, 1, 0, 15, 72000, 72000, 0, 1, NULL, NULL, NULL, NULL, NULL, NULL, 1, 72000, NULL, NULL, NULL, NULL, NULL, NULL, NULL, NULL, NULL, NULL, NULL, NULL, NULL, NULL, NULL, NULL, NULL, NULL, '2025-09-04 07:58:27', 'superadmin', '2025-09-04 07:58:27', 'superadmin', 1),
	(1073, NULL, 1076, 44, 55, NULL, NULL, 3, 0, 22, 60000, 180000, 0, 1, NULL, NULL, NULL, NULL, NULL, NULL, 3, 180000, NULL, NULL, NULL, NULL, NULL, NULL, NULL, NULL, NULL, NULL, NULL, NULL, NULL, NULL, NULL, NULL, NULL, NULL, '2025-09-04 07:58:49', 'superadmin', '2025-09-04 07:58:49', 'superadmin', 1),
	(1074, NULL, 1077, 44, 55, NULL, NULL, 46, 0, 10, 190000, 8740000, 0, 1, NULL, NULL, NULL, NULL, NULL, NULL, 46, 8740000, NULL, NULL, NULL, NULL, NULL, NULL, NULL, NULL, NULL, NULL, NULL, NULL, NULL, NULL, NULL, NULL, NULL, NULL, '2025-09-04 07:59:11', 'superadmin', '2025-09-04 07:59:11', 'superadmin', 1),
	(1075, NULL, 220, 44, 55, NULL, NULL, 5, 0, 8, 18500, 92500, 0, 1, NULL, NULL, NULL, NULL, NULL, NULL, 5, 92500, NULL, NULL, NULL, NULL, NULL, NULL, NULL, NULL, NULL, NULL, NULL, NULL, NULL, NULL, NULL, NULL, NULL, NULL, '2025-09-04 08:00:59', 'superadmin', '2025-09-04 08:00:59', 'superadmin', 1),
	(1076, NULL, 1126, 44, 55, NULL, NULL, 2, 0, 1, 550000, 1100000, 0, 1, NULL, NULL, NULL, NULL, NULL, NULL, 2, 1100000, NULL, NULL, NULL, NULL, NULL, NULL, NULL, NULL, NULL, NULL, NULL, NULL, NULL, NULL, NULL, NULL, NULL, NULL, '2025-09-04 08:01:18', 'superadmin', '2025-09-04 08:01:18', 'superadmin', 1),
	(1077, NULL, 1127, 44, 55, NULL, NULL, 5, 0, 10, 1829600, 9148000, 0, 1, NULL, NULL, NULL, NULL, NULL, NULL, 5, 9148000, NULL, NULL, NULL, NULL, NULL, NULL, NULL, NULL, NULL, NULL, NULL, NULL, NULL, NULL, NULL, NULL, NULL, NULL, '2025-09-04 08:01:38', 'superadmin', '2025-09-04 08:01:38', 'superadmin', 1),
	(1078, NULL, 1128, 44, 55, NULL, NULL, 25, 0, 10, 55000, 1375000, 0, 1, NULL, NULL, NULL, NULL, NULL, NULL, 25, 1375000, NULL, NULL, NULL, NULL, NULL, NULL, NULL, NULL, NULL, NULL, NULL, NULL, NULL, NULL, NULL, NULL, NULL, NULL, '2025-09-04 08:01:56', 'superadmin', '2025-09-04 08:01:56', 'superadmin', 1),
	(1079, NULL, 1129, 44, 55, NULL, NULL, 55, 0, 10, 250000, 13750000, 0, 1, NULL, NULL, NULL, NULL, NULL, NULL, NULL, NULL, 55, 13750000, NULL, NULL, NULL, NULL, NULL, NULL, NULL, NULL, NULL, NULL, NULL, NULL, NULL, NULL, NULL, NULL, '2025-09-04 08:02:27', 'superadmin', '2025-09-04 08:02:27', 'superadmin', 1),
	(1080, NULL, 1131, 44, 55, NULL, NULL, 2, 0, 10, 65000, 130000, 0, 1, NULL, NULL, NULL, NULL, NULL, NULL, NULL, NULL, 2, 130000, NULL, NULL, NULL, NULL, NULL, NULL, NULL, NULL, NULL, NULL, NULL, NULL, NULL, NULL, NULL, NULL, '2025-09-04 08:02:51', 'superadmin', '2025-09-04 08:02:51', 'superadmin', 1),
	(1081, NULL, 1133, 44, 55, NULL, NULL, 2, 0, 1, 280000, 560000, 0, 1, NULL, NULL, NULL, NULL, NULL, NULL, NULL, NULL, 2, 560000, NULL, NULL, NULL, NULL, NULL, NULL, NULL, NULL, NULL, NULL, NULL, NULL, NULL, NULL, NULL, NULL, '2025-09-04 08:03:09', 'superadmin', '2025-09-04 08:03:09', 'superadmin', 1),
	(1082, NULL, 1136, 44, 55, NULL, NULL, 1, 0, 1, 174900, 174900, 0, 1, NULL, NULL, NULL, NULL, NULL, NULL, NULL, NULL, 1, 174900, NULL, NULL, NULL, NULL, NULL, NULL, NULL, NULL, NULL, NULL, NULL, NULL, NULL, NULL, NULL, NULL, '2025-09-04 08:03:29', 'superadmin', '2025-09-04 08:03:29', 'superadmin', 1),
	(1083, NULL, 1137, 44, 55, NULL, NULL, 1, 0, 22, 450000, 450000, 0, 1, NULL, NULL, NULL, NULL, NULL, NULL, NULL, NULL, 1, 450000, NULL, NULL, NULL, NULL, NULL, NULL, NULL, NULL, NULL, NULL, NULL, NULL, NULL, NULL, NULL, NULL, '2025-09-04 08:03:46', 'superadmin', '2025-09-04 08:03:46', 'superadmin', 1),
	(1084, NULL, 1139, 44, 55, NULL, NULL, 4, 0, 22, 1157000, 4628000, 0, 1, NULL, NULL, NULL, NULL, NULL, NULL, NULL, NULL, 4, 4628000, NULL, NULL, NULL, NULL, NULL, NULL, NULL, NULL, NULL, NULL, NULL, NULL, NULL, NULL, NULL, NULL, '2025-09-04 08:04:13', 'superadmin', '2025-09-04 08:04:13', 'superadmin', 1),
	(1085, NULL, 1140, 44, 55, NULL, NULL, 1, 0, 22, 750000, 750000, 0, 1, NULL, NULL, NULL, NULL, NULL, NULL, NULL, NULL, 1, 750000, NULL, NULL, NULL, NULL, NULL, NULL, NULL, NULL, NULL, NULL, NULL, NULL, NULL, NULL, NULL, NULL, '2025-09-04 08:04:32', 'superadmin', '2025-09-04 08:04:32', 'superadmin', 1),
	(1086, NULL, 1141, 44, 55, NULL, NULL, 2, 0, 22, 50000, 100000, 0, 1, NULL, NULL, NULL, NULL, NULL, NULL, NULL, NULL, 2, 100000, NULL, NULL, NULL, NULL, NULL, NULL, NULL, NULL, NULL, NULL, NULL, NULL, NULL, NULL, NULL, NULL, '2025-09-04 08:04:49', 'superadmin', '2025-09-04 08:04:49', 'superadmin', 1),
	(1087, NULL, 1142, 44, 55, NULL, NULL, 2, 0, 22, 378000, 756000, 0, 1, NULL, NULL, NULL, NULL, NULL, NULL, NULL, NULL, 2, 756000, NULL, NULL, NULL, NULL, NULL, NULL, NULL, NULL, NULL, NULL, NULL, NULL, NULL, NULL, NULL, NULL, '2025-09-04 08:05:10', 'superadmin', '2025-09-04 08:05:10', 'superadmin', 1),
	(1088, NULL, 1143, 44, 55, NULL, NULL, 1, 0, 22, 1720000, 1720000, 0, 1, NULL, NULL, NULL, NULL, NULL, NULL, NULL, NULL, 1, 1720000, NULL, NULL, NULL, NULL, NULL, NULL, NULL, NULL, NULL, NULL, NULL, NULL, NULL, NULL, NULL, NULL, '2025-09-04 08:05:30', 'superadmin', '2025-09-04 08:05:30', 'superadmin', 1),
	(1089, NULL, 1144, 44, 55, NULL, NULL, 1, 0, 22, 1796700, 1796700, 0, 1, NULL, NULL, NULL, NULL, NULL, NULL, NULL, NULL, 1, 1796700, NULL, NULL, NULL, NULL, NULL, NULL, NULL, NULL, NULL, NULL, NULL, NULL, NULL, NULL, NULL, NULL, '2025-09-04 08:05:56', 'superadmin', '2025-09-04 08:05:56', 'superadmin', 1),
	(1090, NULL, 1145, 44, 55, NULL, NULL, 2, 0, 22, 2117880, 4235760, 0, 1, NULL, NULL, NULL, NULL, NULL, NULL, NULL, NULL, 2, 4235760, NULL, NULL, NULL, NULL, NULL, NULL, NULL, NULL, NULL, NULL, NULL, NULL, NULL, NULL, NULL, NULL, '2025-09-04 08:06:14', 'superadmin', '2025-09-04 08:06:14', 'superadmin', 1),
	(1091, NULL, 1146, 44, 55, NULL, NULL, 1, 0, 22, 1796700, 1796700, 0, 1, NULL, NULL, NULL, NULL, NULL, NULL, NULL, NULL, 1, 1796700, NULL, NULL, NULL, NULL, NULL, NULL, NULL, NULL, NULL, NULL, NULL, NULL, NULL, NULL, NULL, NULL, '2025-09-04 08:06:33', 'superadmin', '2025-09-04 08:06:33', 'superadmin', 1),
	(1092, NULL, 1147, 44, 55, NULL, NULL, 1, 0, 22, 2700000, 2700000, 0, 1, NULL, NULL, NULL, NULL, NULL, NULL, NULL, NULL, 1, 2700000, NULL, NULL, NULL, NULL, NULL, NULL, NULL, NULL, NULL, NULL, NULL, NULL, NULL, NULL, NULL, NULL, '2025-09-04 08:06:55', 'superadmin', '2025-09-04 08:06:55', 'superadmin', 1),
	(1093, NULL, 1148, 44, 55, NULL, NULL, 3, 0, 10, 2533400, 7600200, 0, 1, NULL, NULL, NULL, NULL, NULL, NULL, NULL, NULL, 3, 7600200, NULL, NULL, NULL, NULL, NULL, NULL, NULL, NULL, NULL, NULL, NULL, NULL, NULL, NULL, NULL, NULL, '2025-09-04 08:07:19', 'superadmin', '2025-09-04 08:07:19', 'superadmin', 1),
	(1094, NULL, 1149, 44, 55, NULL, NULL, 1, 0, 22, 730000, 730000, 0, 1, NULL, NULL, NULL, NULL, NULL, NULL, NULL, NULL, 1, 730000, NULL, NULL, NULL, NULL, NULL, NULL, NULL, NULL, NULL, NULL, NULL, NULL, NULL, NULL, NULL, NULL, '2025-09-04 08:07:37', 'superadmin', '2025-09-04 08:07:37', 'superadmin', 1),
	(1095, NULL, 1151, 44, 55, NULL, NULL, 1, 0, 22, 500000, 500000, 0, 1, NULL, NULL, NULL, NULL, NULL, NULL, NULL, NULL, 1, 500000, NULL, NULL, NULL, NULL, NULL, NULL, NULL, NULL, NULL, NULL, NULL, NULL, NULL, NULL, NULL, NULL, '2025-09-04 08:07:52', 'superadmin', '2025-09-04 08:07:52', 'superadmin', 1),
	(1096, NULL, 1153, 44, 55, NULL, NULL, 2, 0, 1, 170000, 340000, 0, 1, NULL, NULL, NULL, NULL, NULL, NULL, NULL, NULL, 2, 340000, NULL, NULL, NULL, NULL, NULL, NULL, NULL, NULL, NULL, NULL, NULL, NULL, NULL, NULL, NULL, NULL, '2025-09-04 08:08:12', 'superadmin', '2025-09-04 08:08:12', 'superadmin', 1),
	(1097, NULL, 1155, 44, 55, NULL, NULL, 13, 0, 10, 236500, 3074500, 0, 1, NULL, NULL, NULL, NULL, NULL, NULL, NULL, NULL, 13, 3074500, NULL, NULL, NULL, NULL, NULL, NULL, NULL, NULL, NULL, NULL, NULL, NULL, NULL, NULL, NULL, NULL, '2025-09-04 08:08:34', 'superadmin', '2025-09-04 08:08:34', 'superadmin', 1),
	(1098, NULL, 1156, 44, 55, NULL, NULL, 6, 0, 10, 420000, 2520000, 0, 1, NULL, NULL, NULL, NULL, NULL, NULL, NULL, NULL, 6, 2520000, NULL, NULL, NULL, NULL, NULL, NULL, NULL, NULL, NULL, NULL, NULL, NULL, NULL, NULL, NULL, NULL, '2025-09-04 08:08:53', 'superadmin', '2025-09-04 08:08:53', 'superadmin', 1),
	(1099, NULL, 1158, 44, 56, NULL, NULL, 5, 0, 10, 5153000, 25765000, 0, 1, NULL, NULL, NULL, NULL, NULL, NULL, 5, 25765000, NULL, NULL, NULL, NULL, NULL, NULL, NULL, NULL, NULL, NULL, NULL, NULL, NULL, NULL, NULL, NULL, NULL, NULL, '2025-09-04 08:09:57', 'superadmin', '2025-09-04 08:09:57', 'superadmin', 1),
	(1100, NULL, 1160, 44, 56, NULL, NULL, 2, 0, 1, 6000000, 12000000, 0, 1, NULL, NULL, NULL, NULL, NULL, NULL, 2, 12000000, NULL, NULL, NULL, NULL, NULL, NULL, NULL, NULL, NULL, NULL, NULL, NULL, NULL, NULL, NULL, NULL, NULL, NULL, '2025-09-04 08:10:20', 'superadmin', '2025-09-04 08:10:20', 'superadmin', 1),
	(1101, NULL, 1161, 44, 56, NULL, NULL, 2, 0, 1, 2500000, 5000000, 0, 1, NULL, NULL, NULL, NULL, NULL, NULL, 2, 5000000, NULL, NULL, NULL, NULL, NULL, NULL, NULL, NULL, NULL, NULL, NULL, NULL, NULL, NULL, NULL, NULL, NULL, NULL, '2025-09-04 08:10:46', 'superadmin', '2025-09-04 08:10:46', 'superadmin', 1),
	(1102, NULL, 1162, 44, 56, NULL, NULL, 10, 0, 1, 14000000, 140000000, 0, 1, NULL, NULL, NULL, NULL, NULL, NULL, NULL, NULL, 10, 140000000, NULL, NULL, NULL, NULL, NULL, NULL, NULL, NULL, NULL, NULL, NULL, NULL, NULL, NULL, NULL, NULL, '2025-09-04 08:11:25', 'superadmin', '2025-09-04 08:11:25', 'superadmin', 1),
	(1103, NULL, 1163, 44, 56, NULL, NULL, 3, 0, 10, 343500, 1030500, 0, 1, NULL, NULL, NULL, NULL, NULL, NULL, 3, 1030500, NULL, NULL, NULL, NULL, NULL, NULL, NULL, NULL, NULL, NULL, NULL, NULL, NULL, NULL, NULL, NULL, NULL, NULL, '2025-09-04 08:12:02', 'superadmin', '2025-09-04 08:12:02', 'superadmin', 1),
	(1104, NULL, 1164, 44, 56, NULL, NULL, 4, 0, 1, 848000, 3392000, 0, 1, NULL, NULL, NULL, NULL, NULL, NULL, 4, 3392000, NULL, NULL, NULL, NULL, NULL, NULL, NULL, NULL, NULL, NULL, NULL, NULL, NULL, NULL, NULL, NULL, NULL, NULL, '2025-09-04 08:12:23', 'superadmin', '2025-09-04 08:12:23', 'superadmin', 1),
	(1105, NULL, 1165, 44, 56, NULL, NULL, 4, 0, 1, 8374000, 33496000, 0, 1, NULL, NULL, NULL, NULL, NULL, NULL, 4, 33496000, NULL, NULL, NULL, NULL, NULL, NULL, NULL, NULL, NULL, NULL, NULL, NULL, NULL, NULL, NULL, NULL, NULL, NULL, '2025-09-04 08:12:41', 'superadmin', '2025-09-04 08:12:41', 'superadmin', 1),
	(1106, NULL, 1166, 44, 56, NULL, NULL, 3, 0, 1, 1810000, 5430000, 0, 1, NULL, NULL, NULL, NULL, NULL, NULL, 3, 5430000, NULL, NULL, NULL, NULL, NULL, NULL, NULL, NULL, NULL, NULL, NULL, NULL, NULL, NULL, NULL, NULL, NULL, NULL, '2025-09-04 08:12:57', 'superadmin', '2025-09-04 08:12:57', 'superadmin', 1),
	(1107, NULL, 1167, 44, 56, NULL, NULL, 2, 0, 1, 5600000, 11200000, 0, 1, NULL, NULL, NULL, NULL, NULL, NULL, 2, 11200000, NULL, NULL, NULL, NULL, NULL, NULL, NULL, NULL, NULL, NULL, NULL, NULL, NULL, NULL, NULL, NULL, NULL, NULL, '2025-09-04 08:13:17', 'superadmin', '2025-09-04 08:13:17', 'superadmin', 1),
	(1108, NULL, 1168, 44, 56, NULL, NULL, 1, 0, 1, 8000000, 8000000, 0, 1, NULL, NULL, NULL, NULL, NULL, NULL, 1, 8000000, NULL, NULL, NULL, NULL, NULL, NULL, NULL, NULL, NULL, NULL, NULL, NULL, NULL, NULL, NULL, NULL, NULL, NULL, '2025-09-04 08:13:36', 'superadmin', '2025-09-04 08:13:36', 'superadmin', 1),
	(1109, NULL, 1169, 44, 56, NULL, NULL, 2, 0, 10, 720000, 1440000, 0, 1, NULL, NULL, NULL, NULL, NULL, NULL, 2, 1440000, NULL, NULL, NULL, NULL, NULL, NULL, NULL, NULL, NULL, NULL, NULL, NULL, NULL, NULL, NULL, NULL, NULL, NULL, '2025-09-04 08:13:57', 'superadmin', '2025-09-04 08:13:57', 'superadmin', 1),
	(1110, NULL, 1170, 44, 56, NULL, NULL, 10, 0, 1, 19000000, 190000000, 0, 1, NULL, NULL, NULL, NULL, NULL, NULL, NULL, NULL, 10, 190000000, NULL, NULL, NULL, NULL, NULL, NULL, NULL, NULL, NULL, NULL, NULL, NULL, NULL, NULL, NULL, NULL, '2025-09-04 08:14:42', 'superadmin', '2025-09-04 08:14:42', 'superadmin', 1),
	(1111, NULL, 1171, 44, 56, NULL, NULL, 1, 0, 22, 750000, 750000, 0, 1, NULL, NULL, NULL, NULL, NULL, NULL, 1, 750000, NULL, NULL, NULL, NULL, NULL, NULL, NULL, NULL, NULL, NULL, NULL, NULL, NULL, NULL, NULL, NULL, NULL, NULL, '2025-09-04 08:15:14', 'superadmin', '2025-09-04 08:15:14', 'superadmin', 1),
	(1112, NULL, 1172, 44, 56, NULL, NULL, 3, 0, 10, 860000, 2580000, 0, 1, NULL, NULL, NULL, NULL, NULL, NULL, NULL, NULL, NULL, NULL, 3, 2580000, NULL, NULL, NULL, NULL, NULL, NULL, NULL, NULL, NULL, NULL, NULL, NULL, NULL, NULL, '2025-09-04 08:16:06', 'superadmin', '2025-09-04 08:16:06', 'superadmin', 1),
	(1113, NULL, 1173, 44, 56, NULL, NULL, 4, 0, 1, 3500000, 14000000, 0, 1, NULL, NULL, NULL, NULL, NULL, NULL, NULL, NULL, NULL, NULL, 4, 14000000, NULL, NULL, NULL, NULL, NULL, NULL, NULL, NULL, NULL, NULL, NULL, NULL, NULL, NULL, '2025-09-04 08:16:34', 'superadmin', '2025-09-04 08:16:34', 'superadmin', 1),
	(1114, 54, NULL, 45, 57, NULL, NULL, NULL, 0, NULL, NULL, NULL, 1, 0, NULL, NULL, NULL, NULL, NULL, NULL, NULL, NULL, NULL, NULL, NULL, NULL, NULL, NULL, NULL, NULL, NULL, NULL, NULL, NULL, NULL, NULL, NULL, NULL, NULL, NULL, '2025-09-04 08:16:39', 'superadmin', '2025-09-04 08:16:39', 'superadmin', 1),
	(1115, NULL, 1174, 44, 56, NULL, NULL, 2, 0, 1, 11500000, 23000000, 0, 1, NULL, NULL, NULL, NULL, NULL, NULL, NULL, NULL, NULL, NULL, 2, 23000000, NULL, NULL, NULL, NULL, NULL, NULL, NULL, NULL, NULL, NULL, NULL, NULL, NULL, NULL, '2025-09-04 08:17:05', 'superadmin', '2025-09-04 08:17:05', 'superadmin', 1),
	(1116, NULL, 1175, 44, 56, NULL, NULL, 2, 0, 1, 4300000, 8600000, 0, 1, NULL, NULL, NULL, NULL, NULL, NULL, NULL, NULL, NULL, NULL, 2, 8600000, NULL, NULL, NULL, NULL, NULL, NULL, NULL, NULL, NULL, NULL, NULL, NULL, NULL, NULL, '2025-09-04 08:17:25', 'superadmin', '2025-09-04 08:17:25', 'superadmin', 1),
	(1117, NULL, 1176, 44, 56, NULL, NULL, 1, 0, 10, 22000000, 22000000, 0, 1, NULL, NULL, NULL, NULL, NULL, NULL, NULL, NULL, NULL, NULL, NULL, NULL, 1, 22000000, NULL, NULL, NULL, NULL, NULL, NULL, NULL, NULL, NULL, NULL, NULL, NULL, '2025-09-04 08:18:01', 'superadmin', '2025-09-04 08:18:01', 'superadmin', 1),
	(1118, NULL, 330, NULL, NULL, 1114, NULL, 1, 0, 4, 50344000, 50344000, 0, 1, NULL, NULL, NULL, NULL, 1, 50344000, NULL, NULL, NULL, NULL, NULL, NULL, NULL, NULL, NULL, NULL, NULL, NULL, NULL, NULL, NULL, NULL, NULL, NULL, NULL, NULL, '2025-09-04 08:18:19', 'superadmin', '2025-09-04 08:18:19', 'superadmin', 1),
	(1119, NULL, 1177, 44, 56, NULL, NULL, 1, 0, 1, 3710000, 3710000, 0, 1, NULL, NULL, NULL, NULL, 1, 3710000, NULL, NULL, NULL, NULL, NULL, NULL, NULL, NULL, NULL, NULL, NULL, NULL, NULL, NULL, NULL, NULL, NULL, NULL, NULL, NULL, '2025-09-04 08:18:35', 'superadmin', '2025-09-04 08:18:35', 'superadmin', 1),
	(1120, NULL, 1178, 44, 56, NULL, NULL, 1, 0, 1, 3816000, 3816000, 0, 1, NULL, NULL, NULL, NULL, 1, 3816000, NULL, NULL, NULL, NULL, NULL, NULL, NULL, NULL, NULL, NULL, NULL, NULL, NULL, NULL, NULL, NULL, NULL, NULL, NULL, NULL, '2025-09-04 08:18:58', 'superadmin', '2025-09-04 08:18:58', 'superadmin', 1),
	(1121, NULL, 335, NULL, NULL, 1114, NULL, 1, 0, 4, 39556000, 39556000, 0, 1, NULL, NULL, NULL, NULL, 1, 39556000, NULL, NULL, NULL, NULL, NULL, NULL, NULL, NULL, NULL, NULL, NULL, NULL, NULL, NULL, NULL, NULL, NULL, NULL, NULL, NULL, '2025-09-04 08:19:10', 'superadmin', '2025-09-04 08:19:10', 'superadmin', 1),
	(1122, NULL, 1179, 44, 56, NULL, NULL, 5, 0, 10, 309000, 1545000, 0, 1, NULL, NULL, NULL, NULL, NULL, NULL, NULL, NULL, NULL, NULL, NULL, NULL, 5, 1545000, NULL, NULL, NULL, NULL, NULL, NULL, NULL, NULL, NULL, NULL, NULL, NULL, '2025-09-04 08:19:30', 'superadmin', '2025-09-04 08:19:30', 'superadmin', 1),
	(1123, NULL, 1180, 44, 56, NULL, NULL, 3, 0, 10, 2187000, 6561000, 0, 1, NULL, NULL, NULL, NULL, NULL, NULL, NULL, NULL, NULL, NULL, NULL, NULL, 3, 6561000, NULL, NULL, NULL, NULL, NULL, NULL, NULL, NULL, NULL, NULL, NULL, NULL, '2025-09-04 08:19:55', 'superadmin', '2025-09-04 08:19:55', 'superadmin', 1),
	(1124, NULL, 336, NULL, NULL, 1114, NULL, 1, 0, 4, 359600000, 359600000, 0, 1, NULL, NULL, NULL, NULL, NULL, NULL, NULL, NULL, NULL, NULL, NULL, NULL, 1, 359600000, NULL, NULL, NULL, NULL, NULL, NULL, NULL, NULL, NULL, NULL, NULL, NULL, '2025-09-04 08:20:31', 'superadmin', '2025-09-04 08:20:31', 'superadmin', 1),
	(1125, NULL, 1181, 44, 56, NULL, NULL, 5, 0, 10, 309000, 1545000, 0, 1, NULL, NULL, NULL, NULL, NULL, NULL, NULL, NULL, NULL, NULL, NULL, NULL, 5, 1545000, NULL, NULL, NULL, NULL, NULL, NULL, NULL, NULL, NULL, NULL, NULL, NULL, '2025-09-04 08:20:36', 'superadmin', '2025-09-04 08:20:36', 'superadmin', 1),
	(1126, NULL, 1182, 44, 56, NULL, NULL, 10, 0, 10, 3604000, 36040000, 0, 1, NULL, NULL, NULL, NULL, NULL, NULL, NULL, NULL, NULL, NULL, NULL, NULL, 10, 36040000, NULL, NULL, NULL, NULL, NULL, NULL, NULL, NULL, NULL, NULL, NULL, NULL, '2025-09-04 08:20:58', 'superadmin', '2025-09-04 08:20:58', 'superadmin', 1),
	(1127, NULL, 1183, 44, 56, NULL, NULL, 2, 0, 1, 14300000, 28600000, 0, 1, NULL, NULL, NULL, NULL, NULL, NULL, NULL, NULL, NULL, NULL, NULL, NULL, 2, 28600000, NULL, NULL, NULL, NULL, NULL, NULL, NULL, NULL, NULL, NULL, NULL, NULL, '2025-09-04 08:21:20', 'superadmin', '2025-09-04 08:21:20', 'superadmin', 1),
	(1128, NULL, 1184, 44, 56, NULL, NULL, 1, 0, 10, 730000, 730000, 0, 1, NULL, NULL, NULL, NULL, NULL, NULL, NULL, NULL, NULL, NULL, 1, 730000, NULL, NULL, NULL, NULL, NULL, NULL, NULL, NULL, NULL, NULL, NULL, NULL, NULL, NULL, '2025-09-04 08:21:51', 'superadmin', '2025-09-04 08:21:51', 'superadmin', 1),
	(1129, NULL, 1185, 44, 56, NULL, NULL, 15, 0, 10, 902060, 13530900, 0, 1, NULL, NULL, NULL, NULL, 15, 13530900, NULL, NULL, NULL, NULL, NULL, NULL, NULL, NULL, NULL, NULL, NULL, NULL, NULL, NULL, NULL, NULL, NULL, NULL, NULL, NULL, '2025-09-04 08:22:17', 'superadmin', '2025-09-04 08:22:17', 'superadmin', 1),
	(1130, 53, NULL, 46, 58, NULL, NULL, NULL, 0, NULL, NULL, NULL, 1, 0, NULL, NULL, NULL, NULL, NULL, NULL, NULL, NULL, NULL, NULL, NULL, NULL, NULL, NULL, NULL, NULL, NULL, NULL, NULL, NULL, NULL, NULL, NULL, NULL, NULL, NULL, '2025-09-04 08:22:20', 'superadmin', '2025-09-04 08:22:20', 'superadmin', 1),
	(1131, NULL, 1186, 44, 56, NULL, NULL, 5, 0, 10, 1616500, 8082500, 0, 1, NULL, NULL, NULL, NULL, 5, 8082500, NULL, NULL, NULL, NULL, NULL, NULL, NULL, NULL, NULL, NULL, NULL, NULL, NULL, NULL, NULL, NULL, NULL, NULL, NULL, NULL, '2025-09-04 08:22:42', 'superadmin', '2025-09-04 08:22:42', 'superadmin', 1),
	(1132, NULL, 1187, 44, 56, NULL, NULL, 5, 0, 10, 1484000, 7420000, 0, 1, NULL, NULL, NULL, NULL, 5, 7420000, NULL, NULL, NULL, NULL, NULL, NULL, NULL, NULL, NULL, NULL, NULL, NULL, NULL, NULL, NULL, NULL, NULL, NULL, NULL, NULL, '2025-09-04 08:23:03', 'superadmin', '2025-09-04 08:23:03', 'superadmin', 1),
	(1133, NULL, 1188, 44, 56, NULL, NULL, 5, 0, 10, 2332000, 11660000, 0, 1, NULL, NULL, NULL, NULL, 5, 11660000, NULL, NULL, NULL, NULL, NULL, NULL, NULL, NULL, NULL, NULL, NULL, NULL, NULL, NULL, NULL, NULL, NULL, NULL, NULL, NULL, '2025-09-04 08:23:23', 'superadmin', '2025-09-04 08:23:23', 'superadmin', 1),
	(1134, NULL, 1189, 44, 56, NULL, NULL, 10, 0, 10, 742000, 7420000, 0, 1, NULL, NULL, NULL, NULL, 10, 7420000, NULL, NULL, NULL, NULL, NULL, NULL, NULL, NULL, NULL, NULL, NULL, NULL, NULL, NULL, NULL, NULL, NULL, NULL, NULL, NULL, '2025-09-04 08:23:44', 'superadmin', '2025-09-04 08:23:44', 'superadmin', 1),
	(1135, NULL, 1190, 44, 56, NULL, NULL, 2, 0, 1, 15370000, 30740000, 0, 1, NULL, NULL, NULL, NULL, 2, 30740000, NULL, NULL, NULL, NULL, NULL, NULL, NULL, NULL, NULL, NULL, NULL, NULL, NULL, NULL, NULL, NULL, NULL, NULL, NULL, NULL, '2025-09-04 08:24:05', 'superadmin', '2025-09-04 08:24:05', 'superadmin', 1),
	(1136, NULL, 330, NULL, NULL, 1130, NULL, 1, 0, 4, 26100000, 26100000, 0, 1, NULL, NULL, NULL, NULL, 1, 26100000, NULL, NULL, NULL, NULL, NULL, NULL, NULL, NULL, NULL, NULL, NULL, NULL, NULL, NULL, NULL, NULL, NULL, NULL, NULL, NULL, '2025-09-04 08:24:15', 'superadmin', '2025-09-04 08:24:15', 'superadmin', 1),
	(1137, NULL, 1191, 44, 56, NULL, NULL, 2, 0, 1, 5830000, 11660000, 0, 1, NULL, NULL, NULL, NULL, 2, 11660000, NULL, NULL, NULL, NULL, NULL, NULL, NULL, NULL, NULL, NULL, NULL, NULL, NULL, NULL, NULL, NULL, NULL, NULL, NULL, NULL, '2025-09-04 08:24:26', 'superadmin', '2025-09-04 08:24:26', 'superadmin', 1),
	(1138, NULL, 1192, 44, 56, NULL, NULL, 10, 0, 1, 1166000, 11660000, 0, 1, NULL, NULL, NULL, NULL, 10, 11660000, NULL, NULL, NULL, NULL, NULL, NULL, NULL, NULL, NULL, NULL, NULL, NULL, NULL, NULL, NULL, NULL, NULL, NULL, NULL, NULL, '2025-09-04 08:24:45', 'superadmin', '2025-09-04 08:24:45', 'superadmin', 1),
	(1139, NULL, 1193, 44, 56, NULL, NULL, 2, 0, 10, 1200000, 2400000, 0, 1, NULL, NULL, NULL, NULL, 2, 2400000, NULL, NULL, NULL, NULL, NULL, NULL, NULL, NULL, NULL, NULL, NULL, NULL, NULL, NULL, NULL, NULL, NULL, NULL, NULL, NULL, '2025-09-04 08:25:02', 'superadmin', '2025-09-04 08:25:02', 'superadmin', 1),
	(1140, NULL, 1194, 44, 56, NULL, NULL, 5, 0, 1, 1060000, 5300000, 0, 1, NULL, NULL, NULL, NULL, NULL, NULL, NULL, NULL, NULL, NULL, 5, 5300000, NULL, NULL, NULL, NULL, NULL, NULL, NULL, NULL, NULL, NULL, NULL, NULL, NULL, NULL, '2025-09-04 08:25:27', 'superadmin', '2025-09-04 08:25:27', 'superadmin', 1),
	(1141, NULL, 1195, 44, 56, NULL, NULL, 1, 0, 17, 600000, 600000, 0, 1, NULL, NULL, 1, 600000, NULL, NULL, NULL, NULL, NULL, NULL, NULL, NULL, NULL, NULL, NULL, NULL, NULL, NULL, NULL, NULL, NULL, NULL, NULL, NULL, NULL, NULL, '2025-09-04 08:26:20', 'superadmin', '2025-09-04 08:26:20', 'superadmin', 1),
	(1142, 53, NULL, 47, 60, NULL, NULL, NULL, 0, NULL, NULL, NULL, 1, 0, NULL, NULL, NULL, NULL, NULL, NULL, NULL, NULL, NULL, NULL, NULL, NULL, NULL, NULL, NULL, NULL, NULL, NULL, NULL, NULL, NULL, NULL, NULL, NULL, NULL, NULL, '2025-09-04 08:27:14', 'superadmin', '2025-09-04 08:27:14', 'superadmin', 1),
	(1143, NULL, 330, NULL, NULL, 1142, NULL, 1, 0, 4, 26100000, 26100000, 0, 1, NULL, NULL, NULL, NULL, 1, 26100000, NULL, NULL, NULL, NULL, NULL, NULL, NULL, NULL, NULL, NULL, NULL, NULL, NULL, NULL, NULL, NULL, NULL, NULL, NULL, NULL, '2025-09-04 08:27:57', 'superadmin', '2025-09-04 08:27:57', 'superadmin', 1),
	(1144, NULL, 335, NULL, NULL, 1142, NULL, 1, 0, 4, 20300000, 20300000, 0, 1, NULL, NULL, NULL, NULL, 1, 20300000, NULL, NULL, NULL, NULL, NULL, NULL, NULL, NULL, NULL, NULL, NULL, NULL, NULL, NULL, NULL, NULL, NULL, NULL, NULL, NULL, '2025-09-04 08:28:47', 'superadmin', '2025-09-04 08:28:47', 'superadmin', 1),
	(1145, NULL, 1082, 48, 61, NULL, NULL, 5, 0, 21, 750000, 3750000, 0, 1, NULL, NULL, 1, 750000, 1, 750000, 1, 750000, 1, 750000, 1, 750000, NULL, NULL, NULL, NULL, NULL, NULL, NULL, NULL, NULL, NULL, NULL, NULL, NULL, NULL, '2025-09-04 08:29:00', 'superadmin', '2025-09-04 08:29:00', 'superadmin', 1),
	(1146, NULL, 336, NULL, NULL, 1142, NULL, 1, 0, 4, 191400000, 191400000, 0, 1, NULL, NULL, NULL, NULL, NULL, NULL, NULL, NULL, NULL, NULL, NULL, NULL, 1, 191400000, NULL, NULL, NULL, NULL, NULL, NULL, NULL, NULL, NULL, NULL, NULL, NULL, '2025-09-04 08:29:34', 'superadmin', '2025-09-04 08:29:34', 'superadmin', 1),
	(1147, NULL, 885, 48, 61, NULL, NULL, 2, 0, 22, 180000, 360000, 0, 1, NULL, NULL, NULL, NULL, 2, 360000, NULL, NULL, NULL, NULL, NULL, NULL, NULL, NULL, NULL, NULL, NULL, NULL, NULL, NULL, NULL, NULL, NULL, NULL, NULL, NULL, '2025-09-04 08:29:38', 'superadmin', '2025-09-04 08:29:38', 'superadmin', 1),
	(1148, NULL, 1084, 48, 61, NULL, NULL, 15, 0, 9, 150000, 2250000, 0, 1, NULL, NULL, 4, 600000, 1, 150000, 1, 150000, 1, 150000, 1, 150000, 1, 150000, 1, 150000, 1, 150000, 1, 150000, 1, 150000, 1, 150000, 1, 150000, '2025-09-04 08:30:22', 'superadmin', '2025-09-04 08:30:22', 'superadmin', 1),
	(1149, NULL, 1085, 48, 61, NULL, NULL, 20, 0, 9, 200000, 4000000, 0, 1, NULL, NULL, 2, 400000, 2, 400000, 2, 400000, 2, 400000, 2, 400000, 2, 400000, 2, 400000, 2, 400000, 1, 200000, 1, 200000, 1, 200000, 1, 200000, '2025-09-04 08:31:10', 'superadmin', '2025-09-04 08:31:10', 'superadmin', 1),
	(1150, NULL, 1086, 48, 61, NULL, NULL, 100, 0, 29, 31500, 3150000, 0, 1, NULL, NULL, NULL, NULL, 20, 630000, NULL, NULL, 20, 630000, NULL, NULL, 20, 630000, NULL, NULL, 20, 630000, NULL, NULL, 20, 630000, NULL, NULL, NULL, NULL, '2025-09-04 08:31:56', 'superadmin', '2025-09-04 08:31:56', 'superadmin', 1),
	(1151, NULL, 1087, 48, 61, NULL, NULL, 75, 0, 29, 30000, 2250000, 0, 1, NULL, NULL, NULL, NULL, 20, 600000, NULL, NULL, NULL, NULL, 20, 600000, NULL, NULL, NULL, NULL, 20, 600000, NULL, NULL, 15, 450000, NULL, NULL, NULL, NULL, '2025-09-04 08:33:02', 'superadmin', '2025-09-04 08:33:02', 'superadmin', 1),
	(1152, 49, NULL, 49, 62, NULL, NULL, NULL, 0, NULL, NULL, NULL, 1, 0, NULL, NULL, NULL, NULL, NULL, NULL, NULL, NULL, NULL, NULL, NULL, NULL, NULL, NULL, NULL, NULL, NULL, NULL, NULL, NULL, NULL, NULL, NULL, NULL, NULL, NULL, '2025-09-04 08:33:34', 'superadmin', '2025-09-04 08:33:34', 'superadmin', 1),
	(1153, NULL, 1088, 48, 61, NULL, NULL, 100, 0, 29, 21000, 2100000, 0, 1, NULL, NULL, NULL, NULL, 25, 525000, NULL, NULL, NULL, NULL, 25, 525000, NULL, NULL, NULL, NULL, 25, 525000, NULL, NULL, 25, 525000, NULL, NULL, NULL, NULL, '2025-09-04 08:33:47', 'superadmin', '2025-09-04 08:33:47', 'superadmin', 1),
	(1154, NULL, 1089, 48, 61, NULL, NULL, 12, 0, 10, 60000, 720000, 0, 1, NULL, NULL, NULL, NULL, 12, 720000, NULL, NULL, NULL, NULL, NULL, NULL, NULL, NULL, NULL, NULL, NULL, NULL, NULL, NULL, NULL, NULL, NULL, NULL, NULL, NULL, '2025-09-04 08:34:12', 'superadmin', '2025-09-04 08:34:12', 'superadmin', 1),
	(1155, 50, NULL, 49, 62, NULL, NULL, NULL, 0, NULL, NULL, NULL, 1, 0, NULL, NULL, NULL, NULL, NULL, NULL, NULL, NULL, NULL, NULL, NULL, NULL, NULL, NULL, NULL, NULL, NULL, NULL, NULL, NULL, NULL, NULL, NULL, NULL, NULL, NULL, '2025-09-04 08:34:26', 'superadmin', '2025-09-04 08:34:26', 'superadmin', 1),
	(1156, NULL, 1090, 48, 61, NULL, NULL, 2, 0, 8, 25000, 50000, 0, 1, NULL, NULL, NULL, NULL, 2, 50000, NULL, NULL, NULL, NULL, NULL, NULL, NULL, NULL, NULL, NULL, NULL, NULL, NULL, NULL, NULL, NULL, NULL, NULL, NULL, NULL, '2025-09-04 08:34:37', 'superadmin', '2025-09-04 08:34:37', 'superadmin', 1),
	(1157, 51, NULL, 49, 62, NULL, NULL, NULL, 0, NULL, NULL, NULL, 1, 0, NULL, NULL, NULL, NULL, NULL, NULL, NULL, NULL, NULL, NULL, NULL, NULL, NULL, NULL, NULL, NULL, NULL, NULL, NULL, NULL, NULL, NULL, NULL, NULL, NULL, NULL, '2025-09-04 08:34:46', 'superadmin', '2025-09-04 08:34:46', 'superadmin', 1),
	(1158, NULL, 1091, 48, 61, NULL, NULL, 20, 0, 22, 47700, 954000, 0, 1, NULL, NULL, NULL, NULL, 20, 954000, NULL, NULL, NULL, NULL, NULL, NULL, NULL, NULL, NULL, NULL, NULL, NULL, NULL, NULL, NULL, NULL, NULL, NULL, NULL, NULL, '2025-09-04 08:35:00', 'superadmin', '2025-09-04 08:35:00', 'superadmin', 1),
	(1159, NULL, 349, NULL, NULL, 1152, NULL, 150, 0, 3, 40000, 6000000, 0, 1, NULL, NULL, NULL, NULL, NULL, NULL, 150, 6000000, NULL, NULL, NULL, NULL, NULL, NULL, NULL, NULL, NULL, NULL, NULL, NULL, NULL, NULL, NULL, NULL, NULL, NULL, '2025-09-04 08:36:05', 'superadmin', '2025-09-04 08:36:05', 'superadmin', 1),
	(1160, NULL, 1092, 50, 64, NULL, NULL, 10, 0, 10, 530000, 5300000, 0, 1, NULL, NULL, 10, 5300000, NULL, NULL, NULL, NULL, NULL, NULL, NULL, NULL, NULL, NULL, NULL, NULL, NULL, NULL, NULL, NULL, NULL, NULL, NULL, NULL, NULL, NULL, '2025-09-04 08:36:10', 'superadmin', '2025-09-04 08:36:10', 'superadmin', 1),
	(1161, NULL, 1093, 50, 64, NULL, NULL, 1, 0, 40, 1500000, 1500000, 0, 1, NULL, NULL, 1, 1500000, NULL, NULL, NULL, NULL, NULL, NULL, NULL, NULL, NULL, NULL, NULL, NULL, NULL, NULL, NULL, NULL, NULL, NULL, NULL, NULL, NULL, NULL, '2025-09-04 08:36:38', 'superadmin', '2025-09-04 08:36:38', 'superadmin', 1),
	(1162, NULL, 1094, 50, 64, NULL, NULL, 1, 0, 40, 5200000, 5200000, 0, 1, NULL, NULL, 1, 5200000, NULL, NULL, NULL, NULL, NULL, NULL, NULL, NULL, NULL, NULL, NULL, NULL, NULL, NULL, NULL, NULL, NULL, NULL, NULL, NULL, NULL, NULL, '2025-09-04 08:36:58', 'superadmin', '2025-09-04 08:36:58', 'superadmin', 1),
	(1163, NULL, 350, NULL, NULL, 1152, NULL, 150, 0, 3, 20000, 3000000, 0, 1, NULL, NULL, NULL, NULL, NULL, NULL, 150, 3000000, NULL, NULL, NULL, NULL, NULL, NULL, NULL, NULL, NULL, NULL, NULL, NULL, NULL, NULL, NULL, NULL, NULL, NULL, '2025-09-04 08:37:03', 'superadmin', '2025-09-04 08:37:03', 'superadmin', 1),
	(1164, NULL, 1095, 50, 64, NULL, NULL, 300, 0, 22, 50000, 15000000, 0, 1, NULL, NULL, NULL, NULL, 300, 15000000, NULL, NULL, NULL, NULL, NULL, NULL, NULL, NULL, NULL, NULL, NULL, NULL, NULL, NULL, NULL, NULL, NULL, NULL, NULL, NULL, '2025-09-04 08:37:35', 'superadmin', '2025-09-04 08:37:35', 'superadmin', 1),
	(1165, NULL, 1096, 50, 64, NULL, NULL, 600, 0, 22, 75000, 45000000, 0, 1, NULL, NULL, NULL, NULL, NULL, NULL, NULL, NULL, NULL, NULL, NULL, NULL, NULL, NULL, NULL, NULL, NULL, NULL, 600, 45000000, NULL, NULL, NULL, NULL, NULL, NULL, '2025-09-04 08:38:02', 'superadmin', '2025-09-04 08:38:02', 'superadmin', 1),
	(1166, NULL, 353, NULL, NULL, 1155, NULL, 12, 0, 11, 410000, 4920000, 0, 1, NULL, NULL, NULL, NULL, NULL, NULL, 12, 4920000, NULL, NULL, NULL, NULL, NULL, NULL, NULL, NULL, NULL, NULL, NULL, NULL, NULL, NULL, NULL, NULL, NULL, NULL, '2025-09-04 08:38:03', 'superadmin', '2025-09-04 08:38:03', 'superadmin', 1),
	(1167, NULL, 1097, 50, 64, NULL, NULL, 300, 0, 10, 22000, 6600000, 0, 1, NULL, NULL, NULL, NULL, 300, 6600000, NULL, NULL, NULL, NULL, NULL, NULL, NULL, NULL, NULL, NULL, NULL, NULL, NULL, NULL, NULL, NULL, NULL, NULL, NULL, NULL, '2025-09-04 08:38:32', 'superadmin', '2025-09-04 08:38:32', 'superadmin', 1),
	(1168, NULL, 352, NULL, NULL, 1155, NULL, 12, 0, 3, 450000, 5400000, 0, 1, NULL, NULL, NULL, NULL, NULL, NULL, 12, 5400000, NULL, NULL, NULL, NULL, NULL, NULL, NULL, NULL, NULL, NULL, NULL, NULL, NULL, NULL, NULL, NULL, NULL, NULL, '2025-09-04 08:39:10', 'superadmin', '2025-09-04 08:39:10', 'superadmin', 1),
	(1169, NULL, 1098, 50, 64, NULL, NULL, 100, 0, 22, 75000, 7500000, 0, 1, NULL, NULL, NULL, NULL, 100, 7500000, NULL, NULL, NULL, NULL, NULL, NULL, NULL, NULL, NULL, NULL, NULL, NULL, NULL, NULL, NULL, NULL, NULL, NULL, NULL, NULL, '2025-09-04 08:39:10', 'superadmin', '2025-09-04 08:39:10', 'superadmin', 1),
	(1170, NULL, 1099, 50, 64, NULL, NULL, 250, 0, 22, 50000, 12500000, 0, 1, NULL, NULL, NULL, NULL, 250, 12500000, NULL, NULL, NULL, NULL, NULL, NULL, NULL, NULL, NULL, NULL, NULL, NULL, NULL, NULL, NULL, NULL, NULL, NULL, NULL, NULL, '2025-09-04 08:39:31', 'superadmin', '2025-09-04 08:39:31', 'superadmin', 1),
	(1171, NULL, 1100, 50, 64, NULL, NULL, 100, 0, 10, 76000, 7600000, 0, 1, NULL, NULL, NULL, NULL, 100, 7600000, NULL, NULL, NULL, NULL, NULL, NULL, NULL, NULL, NULL, NULL, NULL, NULL, NULL, NULL, NULL, NULL, NULL, NULL, NULL, NULL, '2025-09-04 08:39:57', 'superadmin', '2025-09-04 08:39:57', 'superadmin', 1),
	(1172, NULL, 1101, 50, 64, NULL, NULL, 4, 0, 32, 300000, 1200000, 0, 1, NULL, NULL, 4, 1200000, NULL, NULL, NULL, NULL, NULL, NULL, NULL, NULL, NULL, NULL, NULL, NULL, NULL, NULL, NULL, NULL, NULL, NULL, NULL, NULL, NULL, NULL, '2025-09-04 08:40:31', 'superadmin', '2025-09-04 08:40:31', 'superadmin', 1),
	(1173, NULL, 353, NULL, NULL, 1157, NULL, 10, 0, 11, 410000, 4100000, 0, 1, NULL, NULL, NULL, NULL, NULL, NULL, 10, 4100000, NULL, NULL, NULL, NULL, NULL, NULL, NULL, NULL, NULL, NULL, NULL, NULL, NULL, NULL, NULL, NULL, NULL, NULL, '2025-09-04 08:40:50', 'superadmin', '2025-09-04 08:40:50', 'superadmin', 1),
	(1174, 52, NULL, 49, 62, NULL, NULL, NULL, 0, NULL, NULL, NULL, 1, 0, NULL, NULL, NULL, NULL, NULL, NULL, NULL, NULL, NULL, NULL, NULL, NULL, NULL, NULL, NULL, NULL, NULL, NULL, NULL, NULL, NULL, NULL, NULL, NULL, NULL, NULL, '2025-09-04 08:41:27', 'superadmin', '2025-09-04 08:41:27', 'superadmin', 1),
	(1175, NULL, 1103, 50, 64, NULL, NULL, 6, 0, 22, 556500, 3339000, 0, 1, NULL, NULL, NULL, NULL, NULL, NULL, 6, 3339000, NULL, NULL, NULL, NULL, NULL, NULL, NULL, NULL, NULL, NULL, NULL, NULL, NULL, NULL, NULL, NULL, NULL, NULL, '2025-09-04 08:42:11', 'superadmin', '2025-09-04 08:43:31', 'superadmin', 1),
	(1176, NULL, 1102, 50, 64, NULL, NULL, 4, 0, 32, 350000, 1400000, 0, 1, NULL, NULL, 4, 1400000, NULL, NULL, NULL, NULL, NULL, NULL, NULL, NULL, NULL, NULL, NULL, NULL, NULL, NULL, NULL, NULL, NULL, NULL, NULL, NULL, NULL, NULL, '2025-09-04 08:44:44', 'superadmin', '2025-09-04 08:44:44', 'superadmin', 1),
	(1177, NULL, 1104, 50, 65, NULL, NULL, 1, 0, 10, 2000000, 2000000, 0, 1, NULL, NULL, NULL, NULL, NULL, NULL, NULL, NULL, 1, 2000000, NULL, NULL, NULL, NULL, NULL, NULL, NULL, NULL, NULL, NULL, NULL, NULL, NULL, NULL, NULL, NULL, '2025-09-04 08:45:32', 'superadmin', '2025-09-04 08:45:32', 'superadmin', 1),
	(1178, NULL, 1162, 50, 65, NULL, NULL, 2, 0, 1, 14000000, 28000000, 0, 1, NULL, NULL, NULL, NULL, NULL, NULL, NULL, NULL, 2, 28000000, NULL, NULL, NULL, NULL, NULL, NULL, NULL, NULL, NULL, NULL, NULL, NULL, NULL, NULL, NULL, NULL, '2025-09-04 08:45:58', 'superadmin', '2025-09-04 08:45:58', 'superadmin', 1),
	(1179, NULL, 466, NULL, NULL, 1174, NULL, 4, 0, 44, 60000, 240000, 0, 1, NULL, NULL, NULL, NULL, NULL, NULL, 4, 240000, NULL, NULL, NULL, NULL, NULL, NULL, NULL, NULL, NULL, NULL, NULL, NULL, NULL, NULL, NULL, NULL, NULL, NULL, '2025-09-04 08:50:40', 'superadmin', '2025-09-04 08:50:40', 'superadmin', 1),
	(1180, NULL, 1170, 50, 65, NULL, NULL, 1, 0, 1, 19000000, 19000000, 0, 1, NULL, NULL, NULL, NULL, NULL, NULL, NULL, NULL, 1, 19000000, NULL, NULL, NULL, NULL, NULL, NULL, NULL, NULL, NULL, NULL, NULL, NULL, NULL, NULL, NULL, NULL, '2025-09-04 08:51:53', 'superadmin', '2025-09-04 08:51:53', 'superadmin', 1),
	(1181, NULL, 1176, 50, 65, NULL, NULL, 1, 0, 10, 22000000, 22000000, 0, 1, NULL, NULL, NULL, NULL, NULL, NULL, NULL, NULL, 1, 22000000, NULL, NULL, NULL, NULL, NULL, NULL, NULL, NULL, NULL, NULL, NULL, NULL, NULL, NULL, NULL, NULL, '2025-09-04 08:52:19', 'superadmin', '2025-09-04 08:52:19', 'superadmin', 1),
	(1182, NULL, 1108, 50, 65, NULL, NULL, 1, 0, 10, 1500000, 1500000, 0, 1, NULL, NULL, NULL, NULL, NULL, NULL, NULL, NULL, 1, 1500000, NULL, NULL, NULL, NULL, NULL, NULL, NULL, NULL, NULL, NULL, NULL, NULL, NULL, NULL, NULL, NULL, '2025-09-04 08:52:52', 'superadmin', '2025-09-04 08:52:52', 'superadmin', 1),
	(1183, NULL, 1109, 51, 66, NULL, NULL, 60, 0, 3, 20000, 1200000, 0, 1, NULL, NULL, NULL, NULL, NULL, NULL, NULL, NULL, NULL, NULL, NULL, NULL, 60, 1200000, NULL, NULL, NULL, NULL, NULL, NULL, NULL, NULL, NULL, NULL, NULL, NULL, '2025-09-04 08:54:09', 'superadmin', '2025-09-04 08:54:09', 'superadmin', 1),
	(1184, NULL, 1110, 51, 66, NULL, NULL, 60, 0, 33, 40000, 2400000, 0, 1, NULL, NULL, NULL, NULL, NULL, NULL, NULL, NULL, NULL, NULL, NULL, NULL, 60, 2400000, NULL, NULL, NULL, NULL, NULL, NULL, NULL, NULL, NULL, NULL, NULL, NULL, '2025-09-04 08:55:28', 'superadmin', '2025-09-04 08:55:28', 'superadmin', 1),
	(1185, NULL, 1111, 51, 66, NULL, NULL, 30, 0, 15, 300000, 9000000, 0, 1, NULL, NULL, NULL, NULL, NULL, NULL, NULL, NULL, NULL, NULL, NULL, NULL, 30, 9000000, NULL, NULL, NULL, NULL, NULL, NULL, NULL, NULL, NULL, NULL, NULL, NULL, '2025-09-04 08:55:47', 'superadmin', '2025-09-04 08:55:47', 'superadmin', 1),
	(1186, NULL, 1112, 51, 66, NULL, NULL, 30, 0, 15, 200000, 6000000, 0, 1, NULL, NULL, NULL, NULL, NULL, NULL, NULL, NULL, NULL, NULL, NULL, NULL, 30, 6000000, NULL, NULL, NULL, NULL, NULL, NULL, NULL, NULL, NULL, NULL, NULL, NULL, '2025-09-04 08:56:06', 'superadmin', '2025-09-04 08:56:06', 'superadmin', 1),
	(1187, NULL, 106, 51, 66, NULL, NULL, 1, 0, 13, 6000000, 6000000, 0, 1, NULL, NULL, NULL, NULL, NULL, NULL, NULL, NULL, NULL, NULL, NULL, NULL, 1, 6000000, NULL, NULL, NULL, NULL, NULL, NULL, NULL, NULL, NULL, NULL, NULL, NULL, '2025-09-04 08:57:02', 'superadmin', '2025-09-04 08:57:02', 'superadmin', 1),
	(1188, NULL, 1114, 51, 66, NULL, NULL, 3, 0, 22, 200000, 600000, 0, 1, NULL, NULL, NULL, NULL, NULL, NULL, NULL, NULL, NULL, NULL, NULL, NULL, 3, 600000, NULL, NULL, NULL, NULL, NULL, NULL, NULL, NULL, NULL, NULL, NULL, NULL, '2025-09-04 08:57:20', 'superadmin', '2025-09-04 08:57:20', 'superadmin', 1),
	(1189, NULL, 1115, 51, 66, NULL, NULL, 30, 0, 41, 5000, 150000, 0, 1, NULL, NULL, NULL, NULL, NULL, NULL, NULL, NULL, NULL, NULL, NULL, NULL, 30, 150000, NULL, NULL, NULL, NULL, NULL, NULL, NULL, NULL, NULL, NULL, NULL, NULL, '2025-09-04 08:57:39', 'superadmin', '2025-09-04 08:57:39', 'superadmin', 1),
	(1190, NULL, 1116, 51, 66, NULL, NULL, 30, 0, 41, 20000, 600000, 0, 1, NULL, NULL, NULL, NULL, NULL, NULL, NULL, NULL, NULL, NULL, NULL, NULL, 30, 600000, NULL, NULL, NULL, NULL, NULL, NULL, NULL, NULL, NULL, NULL, NULL, NULL, '2025-09-04 08:58:00', 'superadmin', '2025-09-04 08:58:00', 'superadmin', 1),
	(1191, NULL, 1117, 51, 66, NULL, NULL, 30, 0, 22, 30000, 900000, 0, 1, NULL, NULL, NULL, NULL, NULL, NULL, NULL, NULL, NULL, NULL, NULL, NULL, 30, 900000, NULL, NULL, NULL, NULL, NULL, NULL, NULL, NULL, NULL, NULL, NULL, NULL, '2025-09-04 08:58:19', 'superadmin', '2025-09-04 08:58:19', 'superadmin', 1),
	(1192, NULL, 1118, 51, 66, NULL, NULL, 1, 0, 17, 2000000, 2000000, 0, 1, NULL, NULL, NULL, NULL, NULL, NULL, NULL, NULL, NULL, NULL, NULL, NULL, 1, 2000000, NULL, NULL, NULL, NULL, NULL, NULL, NULL, NULL, NULL, NULL, NULL, NULL, '2025-09-04 08:58:36', 'superadmin', '2025-09-04 08:58:36', 'superadmin', 1),
	(1193, NULL, 1138, 52, 67, NULL, NULL, 6, 0, 17, 200000, 1200000, 0, 1, NULL, NULL, NULL, NULL, NULL, NULL, NULL, NULL, NULL, NULL, 6, 1200000, NULL, NULL, NULL, NULL, NULL, NULL, NULL, NULL, NULL, NULL, NULL, NULL, NULL, NULL, '2025-09-04 08:59:30', 'superadmin', '2025-09-04 09:01:36', 'superadmin', 0),
	(1194, NULL, 1120, 52, 67, NULL, NULL, 800, 0, 11, 15000, 12000000, 0, 1, NULL, NULL, NULL, NULL, NULL, NULL, NULL, NULL, NULL, NULL, 800, 12000000, NULL, NULL, NULL, NULL, NULL, NULL, NULL, NULL, NULL, NULL, NULL, NULL, NULL, NULL, '2025-09-04 08:59:55', 'superadmin', '2025-09-04 09:01:41', 'superadmin', 0),
	(1195, NULL, 1121, 52, 67, NULL, NULL, 100, 0, 11, 35000, 3500000, 0, 1, NULL, NULL, NULL, NULL, NULL, NULL, NULL, NULL, NULL, NULL, 100, 3500000, NULL, NULL, NULL, NULL, NULL, NULL, NULL, NULL, NULL, NULL, NULL, NULL, NULL, NULL, '2025-09-04 09:00:16', 'superadmin', '2025-09-04 09:01:44', 'superadmin', 0),
	(1196, NULL, 1119, 52, 67, NULL, NULL, 24, 0, 11, 450000, 10800000, 0, 1, NULL, NULL, NULL, NULL, NULL, NULL, NULL, NULL, NULL, NULL, 24, 10800000, NULL, NULL, NULL, NULL, NULL, NULL, NULL, NULL, NULL, NULL, NULL, NULL, NULL, NULL, '2025-09-04 09:03:01', 'superadmin', '2025-09-04 09:03:01', 'superadmin', 1),
	(1197, NULL, 1120, 52, 67, NULL, NULL, 800, 0, 11, 15000, 12000000, 0, 1, NULL, NULL, NULL, NULL, NULL, NULL, NULL, NULL, NULL, NULL, 800, 12000000, NULL, NULL, NULL, NULL, NULL, NULL, NULL, NULL, NULL, NULL, NULL, NULL, NULL, NULL, '2025-09-04 09:03:26', 'superadmin', '2025-09-04 09:03:26', 'superadmin', 1),
	(1198, NULL, 1121, 52, 67, NULL, NULL, 100, 0, 11, 35000, 3500000, 0, 1, NULL, NULL, NULL, NULL, NULL, NULL, NULL, NULL, NULL, NULL, 100, 3500000, NULL, NULL, NULL, NULL, NULL, NULL, NULL, NULL, NULL, NULL, NULL, NULL, NULL, NULL, '2025-09-04 09:03:50', 'superadmin', '2025-09-04 09:03:50', 'superadmin', 1),
	(1199, NULL, 1138, 52, 67, NULL, NULL, 6, 0, 17, 200000, 1200000, 0, 1, NULL, NULL, NULL, NULL, NULL, NULL, NULL, NULL, NULL, NULL, 6, 1200000, NULL, NULL, NULL, NULL, NULL, NULL, NULL, NULL, NULL, NULL, NULL, NULL, NULL, NULL, '2025-09-04 09:04:12', 'superadmin', '2025-09-04 09:04:12', 'superadmin', 1),
	(1200, NULL, 1123, 53, 68, NULL, NULL, 50, 0, 19, 900000, 45000000, 0, 1, NULL, NULL, NULL, NULL, NULL, NULL, 15, 13500000, NULL, NULL, NULL, NULL, 15, 13500000, NULL, NULL, NULL, NULL, NULL, NULL, 20, 18000000, NULL, NULL, NULL, NULL, '2025-09-04 09:05:38', 'superadmin', '2025-09-04 09:05:38', 'superadmin', 1),
	(1201, NULL, 1124, 53, 68, NULL, NULL, 595, 0, 3, 15000, 8925000, 0, 1, NULL, NULL, NULL, NULL, 85, 1275000, 85, 1275000, 85, 1275000, 85, 1275000, 85, 1275000, NULL, NULL, 85, 1275000, NULL, NULL, 85, 1275000, NULL, NULL, NULL, NULL, '2025-09-04 09:06:30', 'superadmin', '2025-09-04 09:06:30', 'superadmin', 1),
	(1202, NULL, 356, NULL, NULL, 1174, NULL, 1, 0, 8, 32000, 32000, 0, 1, NULL, NULL, NULL, NULL, NULL, NULL, 1, 32000, NULL, NULL, NULL, NULL, NULL, NULL, NULL, NULL, NULL, NULL, NULL, NULL, NULL, NULL, NULL, NULL, NULL, NULL, '2025-09-04 09:06:30', 'superadmin', '2025-09-04 09:06:30', 'superadmin', 1),
	(1203, NULL, 1125, 53, 68, NULL, NULL, 195, 0, 3, 35000, 6825000, 0, 1, NULL, NULL, NULL, NULL, NULL, NULL, 65, 2275000, NULL, NULL, NULL, NULL, 65, 2275000, NULL, NULL, NULL, NULL, NULL, NULL, 65, 2275000, NULL, NULL, NULL, NULL, '2025-09-04 09:07:28', 'superadmin', '2025-09-04 09:07:28', 'superadmin', 1),
	(1204, NULL, 389, NULL, NULL, 1174, NULL, 1, 0, 22, 220000, 220000, 0, 1, NULL, NULL, NULL, NULL, NULL, NULL, 1, 220000, NULL, NULL, NULL, NULL, NULL, NULL, NULL, NULL, NULL, NULL, NULL, NULL, NULL, NULL, NULL, NULL, NULL, NULL, '2025-09-04 09:08:01', 'superadmin', '2025-09-04 09:08:01', 'superadmin', 1),
	(1205, NULL, 1130, 54, 69, NULL, NULL, 1, 0, 17, 41820000, 41820000, 0, 1, NULL, NULL, NULL, NULL, NULL, NULL, NULL, NULL, NULL, NULL, NULL, NULL, NULL, NULL, NULL, NULL, NULL, NULL, 1, 41820000, NULL, NULL, NULL, NULL, NULL, NULL, '2025-09-04 09:08:22', 'superadmin', '2025-09-04 09:08:22', 'superadmin', 1),
	(1206, NULL, 393, NULL, NULL, 1174, NULL, 1, 0, 22, 220000, 220000, 0, 1, NULL, NULL, NULL, NULL, NULL, NULL, 1, 220000, NULL, NULL, NULL, NULL, NULL, NULL, NULL, NULL, NULL, NULL, NULL, NULL, NULL, NULL, NULL, NULL, NULL, NULL, '2025-09-04 09:10:04', 'superadmin', '2025-09-04 09:10:04', 'superadmin', 1),
	(1207, NULL, 395, NULL, NULL, 1174, NULL, 1, 0, 22, 220000, 220000, 0, 1, NULL, NULL, NULL, NULL, NULL, NULL, 1, 220000, NULL, NULL, NULL, NULL, NULL, NULL, NULL, NULL, NULL, NULL, NULL, NULL, NULL, NULL, NULL, NULL, NULL, NULL, '2025-09-04 09:10:58', 'superadmin', '2025-09-04 09:10:58', 'superadmin', 1),
	(1208, NULL, 398, NULL, NULL, 1174, NULL, 1, 0, 22, 220000, 220000, 0, 1, NULL, NULL, NULL, NULL, NULL, NULL, 1, 220000, NULL, NULL, NULL, NULL, NULL, NULL, NULL, NULL, NULL, NULL, NULL, NULL, NULL, NULL, NULL, NULL, NULL, NULL, '2025-09-04 09:12:41', 'superadmin', '2025-09-04 09:12:41', 'superadmin', 1),
	(1209, 52, NULL, 49, 63, NULL, NULL, NULL, 0, NULL, NULL, NULL, 1, 0, NULL, NULL, NULL, NULL, NULL, NULL, NULL, NULL, NULL, NULL, NULL, NULL, NULL, NULL, NULL, NULL, NULL, NULL, NULL, NULL, NULL, NULL, NULL, NULL, NULL, NULL, '2025-09-04 09:14:30', 'superadmin', '2025-09-04 09:14:30', 'superadmin', 1),
	(1210, NULL, 330, NULL, NULL, 1209, NULL, 1, 0, 4, 99116000, 99116000, 0, 1, NULL, NULL, NULL, NULL, NULL, NULL, NULL, NULL, 1, 99116000, NULL, NULL, NULL, NULL, NULL, NULL, NULL, NULL, NULL, NULL, NULL, NULL, NULL, NULL, NULL, NULL, '2025-09-04 09:15:26', 'superadmin', '2025-09-04 09:15:26', 'superadmin', 1),
	(1211, NULL, 335, NULL, NULL, 1209, NULL, 1, 0, 4, 83867000, 83867000, 0, 1, NULL, NULL, NULL, NULL, NULL, NULL, NULL, NULL, NULL, NULL, 1, 83867000, NULL, NULL, NULL, NULL, NULL, NULL, NULL, NULL, NULL, NULL, NULL, NULL, NULL, NULL, '2025-09-04 09:17:02', 'superadmin', '2025-09-04 09:17:02', 'superadmin', 1),
	(1212, NULL, 336, NULL, NULL, 1209, NULL, 1, 0, 4, 1524850000, 1524850000, 0, 1, NULL, NULL, NULL, NULL, NULL, NULL, NULL, NULL, NULL, NULL, 1, 1524850000, NULL, NULL, NULL, NULL, NULL, NULL, NULL, NULL, NULL, NULL, NULL, NULL, NULL, NULL, '2025-09-04 09:19:06', 'superadmin', '2025-09-04 09:19:06', 'superadmin', 1),
	(1213, NULL, 1135, 54, 69, NULL, NULL, 12, 0, 11, 600000, 7200000, 0, 1, NULL, NULL, NULL, NULL, NULL, NULL, NULL, NULL, NULL, NULL, NULL, NULL, NULL, NULL, NULL, NULL, NULL, NULL, 12, 7200000, NULL, NULL, NULL, NULL, NULL, NULL, '2025-09-04 09:29:55', 'superadmin', '2025-09-04 09:29:55', 'superadmin', 1),
	(1214, NULL, 1138, 54, 69, NULL, NULL, 200, 0, 22, 30000, 6000000, 0, 1, NULL, NULL, NULL, NULL, NULL, NULL, NULL, NULL, NULL, NULL, NULL, NULL, NULL, NULL, NULL, NULL, NULL, NULL, 200, 6000000, NULL, NULL, NULL, NULL, NULL, NULL, '2025-09-04 09:30:20', 'superadmin', '2025-09-04 09:30:20', 'superadmin', 1),
	(1215, NULL, 342, 55, 70, NULL, NULL, 5, 0, 19, 1700000, 8500000, 0, 1, NULL, NULL, NULL, NULL, NULL, NULL, NULL, NULL, NULL, NULL, 5, 8500000, NULL, NULL, NULL, NULL, NULL, NULL, NULL, NULL, NULL, NULL, NULL, NULL, NULL, NULL, '2025-09-04 09:31:59', 'superadmin', '2025-09-04 09:31:59', 'superadmin', 1),
	(1216, NULL, 1150, 56, 71, NULL, NULL, 1, 0, 4, 6860036854, 6860036854, 0, 1, NULL, NULL, 1, 6860036854, NULL, NULL, NULL, NULL, NULL, NULL, NULL, NULL, NULL, NULL, NULL, NULL, NULL, NULL, NULL, NULL, NULL, NULL, NULL, NULL, NULL, NULL, '2025-09-04 09:32:01', 'superadmin', '2025-09-04 09:32:01', 'superadmin', 1),
	(1217, NULL, 1152, 56, 71, NULL, NULL, 1, 0, 4, 2249051000, 2249051000, 0, 1, NULL, NULL, 1, 2249051000, NULL, NULL, NULL, NULL, NULL, NULL, NULL, NULL, NULL, NULL, NULL, NULL, NULL, NULL, NULL, NULL, NULL, NULL, NULL, NULL, NULL, NULL, '2025-09-04 09:32:31', 'superadmin', '2025-09-04 09:32:31', 'superadmin', 1),
	(1218, NULL, 327, 55, 70, NULL, NULL, 30, 0, 3, 15000, 450000, 0, 1, NULL, NULL, NULL, NULL, NULL, NULL, NULL, NULL, NULL, NULL, 30, 450000, NULL, NULL, NULL, NULL, NULL, NULL, NULL, NULL, NULL, NULL, NULL, NULL, NULL, NULL, '2025-09-04 09:32:58', 'superadmin', '2025-09-04 09:32:58', 'superadmin', 1),
	(1219, NULL, 1154, 56, 71, NULL, NULL, 1, 0, 4, 2795048000, 2795048000, 0, 1, NULL, NULL, 1, 2795048000, NULL, NULL, NULL, NULL, NULL, NULL, NULL, NULL, NULL, NULL, NULL, NULL, NULL, NULL, NULL, NULL, NULL, NULL, NULL, NULL, NULL, NULL, '2025-09-04 09:33:04', 'superadmin', '2025-09-04 09:33:04', 'superadmin', 1),
	(1220, NULL, 1157, 56, 71, NULL, NULL, 1, 0, 4, 763707000, 763707000, 0, 1, NULL, NULL, 1, 763707000, NULL, NULL, NULL, NULL, NULL, NULL, NULL, NULL, NULL, NULL, NULL, NULL, NULL, NULL, NULL, NULL, NULL, NULL, NULL, NULL, NULL, NULL, '2025-09-04 09:33:26', 'superadmin', '2025-09-04 09:33:26', 'superadmin', 1),
	(1221, NULL, 1159, 56, 71, NULL, NULL, 130, 0, 9, 1250000, 162500000, 0, 1, NULL, NULL, 20, 25000000, 10, 12500000, 10, 12500000, 10, 12500000, 10, 12500000, 10, 12500000, 10, 12500000, 10, 12500000, 10, 12500000, 10, 12500000, 10, 12500000, 10, 12500000, '2025-09-04 09:34:02', 'superadmin', '2025-09-04 09:34:02', 'superadmin', 1),
	(1222, NULL, 329, 55, 70, NULL, NULL, 30, 0, 3, 35000, 1050000, 0, 1, NULL, NULL, NULL, NULL, NULL, NULL, NULL, NULL, NULL, NULL, 30, 1050000, NULL, NULL, NULL, NULL, NULL, NULL, NULL, NULL, NULL, NULL, NULL, NULL, NULL, NULL, '2025-09-04 09:34:47', 'superadmin', '2025-09-04 09:34:47', 'superadmin', 1),
	(1223, NULL, 961, 57, 72, NULL, NULL, 100, 0, 10, 50000, 5000000, 0, 1, NULL, NULL, NULL, NULL, 100, 5000000, NULL, NULL, NULL, NULL, NULL, NULL, NULL, NULL, NULL, NULL, NULL, NULL, NULL, NULL, NULL, NULL, NULL, NULL, NULL, NULL, '2025-09-04 09:36:52', 'superadmin', '2025-09-04 09:36:52', 'superadmin', 1),
	(1224, 48, NULL, 58, 73, NULL, NULL, NULL, 0, NULL, NULL, NULL, 1, 0, NULL, NULL, NULL, NULL, NULL, NULL, NULL, NULL, NULL, NULL, NULL, NULL, NULL, NULL, NULL, NULL, NULL, NULL, NULL, NULL, NULL, NULL, NULL, NULL, NULL, NULL, '2025-09-04 09:37:16', 'superadmin', '2025-09-04 09:37:16', 'superadmin', 1),
	(1225, NULL, 966, 57, 72, NULL, NULL, 1, 0, 22, 75000, 75000, 0, 1, NULL, NULL, NULL, NULL, 1, 75000, NULL, NULL, NULL, NULL, NULL, NULL, NULL, NULL, NULL, NULL, NULL, NULL, NULL, NULL, NULL, NULL, NULL, NULL, NULL, NULL, '2025-09-04 09:37:36', 'superadmin', '2025-09-04 09:37:36', 'superadmin', 1),
	(1226, NULL, 330, NULL, NULL, 1224, NULL, 1, 0, 4, 16245000, 16245000, 0, 1, NULL, NULL, NULL, NULL, 1, 16245000, NULL, NULL, NULL, NULL, NULL, NULL, NULL, NULL, NULL, NULL, NULL, NULL, NULL, NULL, NULL, NULL, NULL, NULL, NULL, NULL, '2025-09-04 09:38:14', 'superadmin', '2025-09-04 09:38:14', 'superadmin', 1),
	(1227, NULL, 968, 57, 72, NULL, NULL, 3, 0, 22, 32800, 98400, 0, 1, NULL, NULL, NULL, NULL, 3, 98400, NULL, NULL, NULL, NULL, NULL, NULL, NULL, NULL, NULL, NULL, NULL, NULL, NULL, NULL, NULL, NULL, NULL, NULL, NULL, NULL, '2025-09-04 09:38:41', 'superadmin', '2025-09-04 09:38:41', 'superadmin', 1),
	(1228, NULL, 335, NULL, NULL, 1224, NULL, 1, 0, 4, 12635000, 12635000, 0, 1, NULL, NULL, NULL, NULL, 1, 12635000, NULL, NULL, NULL, NULL, NULL, NULL, NULL, NULL, NULL, NULL, NULL, NULL, NULL, NULL, NULL, NULL, NULL, NULL, NULL, NULL, '2025-09-04 09:38:59', 'superadmin', '2025-09-04 09:38:59', 'superadmin', 1),
	(1229, NULL, 970, 57, 72, NULL, NULL, 5, 0, 8, 398500, 1992500, 0, 1, NULL, NULL, NULL, NULL, 5, 1992500, NULL, NULL, NULL, NULL, NULL, NULL, NULL, NULL, NULL, NULL, NULL, NULL, NULL, NULL, NULL, NULL, NULL, NULL, NULL, NULL, '2025-09-04 09:39:06', 'superadmin', '2025-09-04 09:39:06', 'superadmin', 1),
	(1230, NULL, 971, 57, 72, NULL, NULL, 4, 0, 10, 325000, 1300000, 0, 1, NULL, NULL, NULL, NULL, 4, 1300000, NULL, NULL, NULL, NULL, NULL, NULL, NULL, NULL, NULL, NULL, NULL, NULL, NULL, NULL, NULL, NULL, NULL, NULL, NULL, NULL, '2025-09-04 09:39:29', 'superadmin', '2025-09-04 09:39:29', 'superadmin', 1),
	(1231, NULL, 336, NULL, NULL, 1224, NULL, 1, 0, 4, 90249000, 90249000, 0, 1, NULL, NULL, NULL, NULL, NULL, NULL, NULL, NULL, NULL, NULL, NULL, NULL, 1, 90249000, NULL, NULL, NULL, NULL, NULL, NULL, NULL, NULL, NULL, NULL, NULL, NULL, '2025-09-04 09:39:59', 'superadmin', '2025-09-04 09:39:59', 'superadmin', 1),
	(1232, NULL, 972, 57, 72, NULL, NULL, 4, 0, 10, 500000, 2000000, 0, 1, NULL, NULL, NULL, NULL, 4, 2000000, NULL, NULL, NULL, NULL, NULL, NULL, NULL, NULL, NULL, NULL, NULL, NULL, NULL, NULL, NULL, NULL, NULL, NULL, NULL, NULL, '2025-09-04 09:40:00', 'superadmin', '2025-09-04 09:40:00', 'superadmin', 1),
	(1233, NULL, 973, 57, 72, NULL, NULL, 40, 0, 10, 28000, 1120000, 0, 1, NULL, NULL, NULL, NULL, 40, 1120000, NULL, NULL, NULL, NULL, NULL, NULL, NULL, NULL, NULL, NULL, NULL, NULL, NULL, NULL, NULL, NULL, NULL, NULL, NULL, NULL, '2025-09-04 09:40:20', 'superadmin', '2025-09-04 09:40:20', 'superadmin', 1),
	(1234, NULL, 974, 57, 72, NULL, NULL, 5, 0, 10, 212000, 1060000, 0, 1, NULL, NULL, NULL, NULL, 5, 1060000, NULL, NULL, NULL, NULL, NULL, NULL, NULL, NULL, NULL, NULL, NULL, NULL, NULL, NULL, NULL, NULL, NULL, NULL, NULL, NULL, '2025-09-04 09:40:36', 'superadmin', '2025-09-04 09:40:36', 'superadmin', 1),
	(1235, NULL, 975, 57, 72, NULL, NULL, 2, 0, 22, 155000, 310000, 0, 1, NULL, NULL, NULL, NULL, 2, 310000, NULL, NULL, NULL, NULL, NULL, NULL, NULL, NULL, NULL, NULL, NULL, NULL, NULL, NULL, NULL, NULL, NULL, NULL, NULL, NULL, '2025-09-04 09:40:57', 'superadmin', '2025-09-04 09:40:57', 'superadmin', 1),
	(1236, NULL, 977, 57, 72, NULL, NULL, 10, 0, 22, 89500, 895000, 0, 1, NULL, NULL, NULL, NULL, 10, 895000, NULL, NULL, NULL, NULL, NULL, NULL, NULL, NULL, NULL, NULL, NULL, NULL, NULL, NULL, NULL, NULL, NULL, NULL, NULL, NULL, '2025-09-04 09:41:30', 'superadmin', '2025-09-04 09:41:30', 'superadmin', 1),
	(1237, NULL, 980, 57, 72, NULL, NULL, 12, 0, 1, 70000, 840000, 0, 1, NULL, NULL, NULL, NULL, 12, 840000, NULL, NULL, NULL, NULL, NULL, NULL, NULL, NULL, NULL, NULL, NULL, NULL, NULL, NULL, NULL, NULL, NULL, NULL, NULL, NULL, '2025-09-04 09:41:51', 'superadmin', '2025-09-04 09:41:51', 'superadmin', 1),
	(1238, NULL, 982, 57, 72, NULL, NULL, 5, 0, 10, 9700, 48500, 0, 1, NULL, NULL, NULL, NULL, 5, 48500, NULL, NULL, NULL, NULL, NULL, NULL, NULL, NULL, NULL, NULL, NULL, NULL, NULL, NULL, NULL, NULL, NULL, NULL, NULL, NULL, '2025-09-04 09:42:12', 'superadmin', '2025-09-04 09:42:12', 'superadmin', 1),
	(1239, 47, NULL, 59, 74, NULL, NULL, NULL, 0, NULL, NULL, NULL, 1, 0, NULL, NULL, NULL, NULL, NULL, NULL, NULL, NULL, NULL, NULL, NULL, NULL, NULL, NULL, NULL, NULL, NULL, NULL, NULL, NULL, NULL, NULL, NULL, NULL, NULL, NULL, '2025-09-04 09:42:32', 'superadmin', '2025-09-04 09:42:32', 'superadmin', 1),
	(1240, NULL, 983, 57, 75, NULL, NULL, 2, 0, 1, 900000, 1800000, 0, 1, NULL, NULL, NULL, NULL, NULL, NULL, 2, 1800000, NULL, NULL, NULL, NULL, NULL, NULL, NULL, NULL, NULL, NULL, NULL, NULL, NULL, NULL, NULL, NULL, NULL, NULL, '2025-09-04 09:43:05', 'superadmin', '2025-09-04 09:43:05', 'superadmin', 1),
	(1241, NULL, 985, 57, 75, NULL, NULL, 1, 0, 22, 6768000, 6768000, 0, 1, NULL, NULL, NULL, NULL, NULL, NULL, 1, 6768000, NULL, NULL, NULL, NULL, NULL, NULL, NULL, NULL, NULL, NULL, NULL, NULL, NULL, NULL, NULL, NULL, NULL, NULL, '2025-09-04 09:43:36', 'superadmin', '2025-09-04 09:43:36', 'superadmin', 1),
	(1242, NULL, 986, 57, 75, NULL, NULL, 1, 0, 10, 500000, 500000, 0, 1, NULL, NULL, NULL, NULL, NULL, NULL, 1, 500000, NULL, NULL, NULL, NULL, NULL, NULL, NULL, NULL, NULL, NULL, NULL, NULL, NULL, NULL, NULL, NULL, NULL, NULL, '2025-09-04 09:43:53', 'superadmin', '2025-09-04 09:43:53', 'superadmin', 1),
	(1243, NULL, 988, 57, 75, NULL, NULL, 2, 0, 15, 5000000, 10000000, 0, 1, NULL, NULL, NULL, NULL, NULL, NULL, 2, 10000000, NULL, NULL, NULL, NULL, NULL, NULL, NULL, NULL, NULL, NULL, NULL, NULL, NULL, NULL, NULL, NULL, NULL, NULL, '2025-09-04 09:44:13', 'superadmin', '2025-09-04 09:44:13', 'superadmin', 1),
	(1244, NULL, 990, 57, 75, NULL, NULL, 1, 0, 10, 40000000, 40000000, 0, 1, NULL, NULL, NULL, NULL, NULL, NULL, 1, 40000000, NULL, NULL, NULL, NULL, NULL, NULL, NULL, NULL, NULL, NULL, NULL, NULL, NULL, NULL, NULL, NULL, NULL, NULL, '2025-09-04 09:44:34', 'superadmin', '2025-09-04 10:07:29', 'superadmin', 1),
	(1245, NULL, 991, 57, 75, NULL, NULL, 1, 0, 1, 72800000, 72800000, 0, 1, NULL, NULL, NULL, NULL, NULL, NULL, 1, 72800000, NULL, NULL, NULL, NULL, NULL, NULL, NULL, NULL, NULL, NULL, NULL, NULL, NULL, NULL, NULL, NULL, NULL, NULL, '2025-09-04 09:44:59', 'superadmin', '2025-09-04 09:44:59', 'superadmin', 1),
	(1246, NULL, 992, 57, 75, NULL, NULL, 1, 0, 22, 1200000, 1200000, 0, 1, NULL, NULL, NULL, NULL, NULL, NULL, 1, 1200000, NULL, NULL, NULL, NULL, NULL, NULL, NULL, NULL, NULL, NULL, NULL, NULL, NULL, NULL, NULL, NULL, NULL, NULL, '2025-09-04 09:45:34', 'superadmin', '2025-09-04 09:45:34', 'superadmin', 1),
	(1247, NULL, 994, 57, 75, NULL, NULL, 1, 0, 1, 9000000, 9000000, 0, 1, NULL, NULL, NULL, NULL, NULL, NULL, 1, 9000000, NULL, NULL, NULL, NULL, NULL, NULL, NULL, NULL, NULL, NULL, NULL, NULL, NULL, NULL, NULL, NULL, NULL, NULL, '2025-09-04 09:45:57', 'superadmin', '2025-09-04 09:45:57', 'superadmin', 1),
	(1248, NULL, 995, 57, 75, NULL, NULL, 1, 0, 1, 39000000, 39000000, 0, 1, NULL, NULL, NULL, NULL, NULL, NULL, 1, 39000000, NULL, NULL, NULL, NULL, NULL, NULL, NULL, NULL, NULL, NULL, NULL, NULL, NULL, NULL, NULL, NULL, NULL, NULL, '2025-09-04 09:46:22', 'superadmin', '2025-09-04 09:46:22', 'superadmin', 1),
	(1249, NULL, 330, NULL, NULL, 1239, NULL, 1, 0, 4, 11570000, 11570000, 0, 1, NULL, NULL, NULL, NULL, 1, 11570000, NULL, NULL, NULL, NULL, NULL, NULL, NULL, NULL, NULL, NULL, NULL, NULL, NULL, NULL, NULL, NULL, NULL, NULL, NULL, NULL, '2025-09-04 09:46:34', 'superadmin', '2025-09-04 09:46:34', 'superadmin', 1),
	(1250, NULL, 997, 57, 75, NULL, NULL, 2, 0, 1, 11605000, 23210000, 0, 1, NULL, NULL, NULL, NULL, NULL, NULL, 2, 23210000, NULL, NULL, NULL, NULL, NULL, NULL, NULL, NULL, NULL, NULL, NULL, NULL, NULL, NULL, NULL, NULL, NULL, NULL, '2025-09-04 09:46:41', 'superadmin', '2025-09-04 09:46:41', 'superadmin', 1),
	(1251, NULL, 998, 57, 75, NULL, NULL, 1, 0, 1, 17500000, 17500000, 0, 1, NULL, NULL, NULL, NULL, NULL, NULL, NULL, NULL, 1, 17500000, NULL, NULL, NULL, NULL, NULL, NULL, NULL, NULL, NULL, NULL, NULL, NULL, NULL, NULL, NULL, NULL, '2025-09-04 09:47:12', 'superadmin', '2025-09-04 09:47:12', 'superadmin', 1),
	(1252, NULL, 335, NULL, NULL, 1239, NULL, 1, 0, 4, 9091000, 9091000, 0, 1, NULL, NULL, NULL, NULL, 1, 9091000, NULL, NULL, NULL, NULL, NULL, NULL, NULL, NULL, NULL, NULL, NULL, NULL, NULL, NULL, NULL, NULL, NULL, NULL, NULL, NULL, '2025-09-04 09:47:17', 'superadmin', '2025-09-04 09:47:17', 'superadmin', 1),
	(1253, NULL, 1000, 57, 75, NULL, NULL, 1, 0, 1, 3600000, 3600000, 0, 1, NULL, NULL, NULL, NULL, NULL, NULL, NULL, NULL, 1, 3600000, NULL, NULL, NULL, NULL, NULL, NULL, NULL, NULL, NULL, NULL, NULL, NULL, NULL, NULL, NULL, NULL, '2025-09-04 09:47:32', 'superadmin', '2025-09-04 09:47:32', 'superadmin', 1),
	(1254, NULL, 1001, 57, 75, NULL, NULL, 1, 0, 15, 15000000, 15000000, 0, 1, NULL, NULL, NULL, NULL, NULL, NULL, NULL, NULL, 1, 15000000, NULL, NULL, NULL, NULL, NULL, NULL, NULL, NULL, NULL, NULL, NULL, NULL, NULL, NULL, NULL, NULL, '2025-09-04 09:47:50', 'superadmin', '2025-09-04 09:47:50', 'superadmin', 1),
	(1255, NULL, 336, NULL, NULL, 1239, NULL, 1, 0, 4, 82638000, 82638000, 0, 1, NULL, NULL, NULL, NULL, NULL, NULL, NULL, NULL, NULL, NULL, NULL, NULL, 1, 82638000, NULL, NULL, NULL, NULL, NULL, NULL, NULL, NULL, NULL, NULL, NULL, NULL, '2025-09-04 09:48:08', 'superadmin', '2025-09-04 09:48:08', 'superadmin', 1),
	(1256, NULL, 1003, 57, 75, NULL, NULL, 2, 0, 1, 3500000, 7000000, 0, 1, NULL, NULL, NULL, NULL, NULL, NULL, NULL, NULL, 2, 7000000, NULL, NULL, NULL, NULL, NULL, NULL, NULL, NULL, NULL, NULL, NULL, NULL, NULL, NULL, NULL, NULL, '2025-09-04 09:48:09', 'superadmin', '2025-09-04 09:48:09', 'superadmin', 1),
	(1257, NULL, 1004, 57, 75, NULL, NULL, 4, 0, 1, 11500000, 46000000, 0, 1, NULL, NULL, NULL, NULL, NULL, NULL, NULL, NULL, 4, 46000000, NULL, NULL, NULL, NULL, NULL, NULL, NULL, NULL, NULL, NULL, NULL, NULL, NULL, NULL, NULL, NULL, '2025-09-04 09:48:33', 'superadmin', '2025-09-04 09:48:33', 'superadmin', 1),
	(1258, NULL, 1006, 57, 75, NULL, NULL, 1, 0, 22, 915000, 915000, 0, 1, NULL, NULL, NULL, NULL, NULL, NULL, NULL, NULL, 1, 915000, NULL, NULL, NULL, NULL, NULL, NULL, NULL, NULL, NULL, NULL, NULL, NULL, NULL, NULL, NULL, NULL, '2025-09-04 09:49:02', 'superadmin', '2025-09-04 09:49:02', 'superadmin', 1),
	(1259, NULL, 1008, 57, 75, NULL, NULL, 3, 0, 1, 1500000, 4500000, 0, 1, NULL, NULL, NULL, NULL, NULL, NULL, NULL, NULL, 3, 4500000, NULL, NULL, NULL, NULL, NULL, NULL, NULL, NULL, NULL, NULL, NULL, NULL, NULL, NULL, NULL, NULL, '2025-09-04 09:49:20', 'superadmin', '2025-09-04 09:49:20', 'superadmin', 1),
	(1260, NULL, 1010, 57, 75, NULL, NULL, 1, 0, 1, 204000000, 204000000, 0, 1, NULL, NULL, NULL, NULL, NULL, NULL, NULL, NULL, 1, 204000000, NULL, NULL, NULL, NULL, NULL, NULL, NULL, NULL, NULL, NULL, NULL, NULL, NULL, NULL, NULL, NULL, '2025-09-04 09:49:37', 'superadmin', '2025-09-04 09:49:37', 'superadmin', 1),
	(1261, NULL, 1012, 57, 75, NULL, NULL, 1, 0, 1, 2590000, 2590000, 0, 1, NULL, NULL, NULL, NULL, NULL, NULL, NULL, NULL, NULL, NULL, NULL, NULL, 1, 2590000, NULL, NULL, NULL, NULL, NULL, NULL, NULL, NULL, NULL, NULL, NULL, NULL, '2025-09-04 09:50:08', 'superadmin', '2025-09-04 09:50:08', 'superadmin', 1),
	(1262, NULL, 1014, 57, 75, NULL, NULL, 10, 0, 10, 410600, 4106000, 0, 1, NULL, NULL, NULL, NULL, NULL, NULL, NULL, NULL, NULL, NULL, NULL, NULL, 10, 4106000, NULL, NULL, NULL, NULL, NULL, NULL, NULL, NULL, NULL, NULL, NULL, NULL, '2025-09-04 09:50:40', 'superadmin', '2025-09-04 09:50:40', 'superadmin', 1),
	(1263, NULL, 1017, 57, 75, NULL, NULL, 2, 0, 22, 1000000, 2000000, 0, 1, NULL, NULL, NULL, NULL, NULL, NULL, NULL, NULL, NULL, NULL, NULL, NULL, 2, 2000000, NULL, NULL, NULL, NULL, NULL, NULL, NULL, NULL, NULL, NULL, NULL, NULL, '2025-09-04 09:50:58', 'superadmin', '2025-09-04 09:50:58', 'superadmin', 1),
	(1264, NULL, 1019, 57, 75, NULL, NULL, 1, 0, 22, 13500000, 13500000, 0, 1, NULL, NULL, NULL, NULL, NULL, NULL, NULL, NULL, NULL, NULL, NULL, NULL, 1, 13500000, NULL, NULL, NULL, NULL, NULL, NULL, NULL, NULL, NULL, NULL, NULL, NULL, '2025-09-04 09:51:58', 'superadmin', '2025-09-04 09:51:58', 'superadmin', 1),
	(1265, NULL, 1021, 57, 75, NULL, NULL, 5, 0, 10, 70000000, 350000000, 0, 1, NULL, NULL, NULL, NULL, NULL, NULL, NULL, NULL, 5, 350000000, NULL, NULL, NULL, NULL, NULL, NULL, NULL, NULL, NULL, NULL, NULL, NULL, NULL, NULL, NULL, NULL, '2025-09-04 09:52:26', 'superadmin', '2025-09-04 09:52:26', 'superadmin', 1),
	(1266, NULL, 1023, 57, 75, NULL, NULL, 2, 0, 1, 3334700, 6669400, 0, 1, NULL, NULL, NULL, NULL, NULL, NULL, NULL, NULL, NULL, NULL, NULL, NULL, 2, 6669400, NULL, NULL, NULL, NULL, NULL, NULL, NULL, NULL, NULL, NULL, NULL, NULL, '2025-09-04 09:52:59', 'superadmin', '2025-09-04 09:52:59', 'superadmin', 1),
	(1267, NULL, 1024, 57, 75, NULL, NULL, 1, 0, 22, 6000000, 6000000, 0, 1, NULL, NULL, NULL, NULL, NULL, NULL, NULL, NULL, NULL, NULL, NULL, NULL, 1, 6000000, NULL, NULL, NULL, NULL, NULL, NULL, NULL, NULL, NULL, NULL, NULL, NULL, '2025-09-04 09:53:21', 'superadmin', '2025-09-04 09:53:21', 'superadmin', 1),
	(1268, NULL, 1026, 57, 75, NULL, NULL, 1, 0, 1, 10822500, 10822500, 0, 1, NULL, NULL, NULL, NULL, NULL, NULL, NULL, NULL, NULL, NULL, NULL, NULL, 1, 10822500, NULL, NULL, NULL, NULL, NULL, NULL, NULL, NULL, NULL, NULL, NULL, NULL, '2025-09-04 09:53:48', 'superadmin', '2025-09-04 09:53:48', 'superadmin', 1),
	(1269, NULL, 1028, 57, 75, NULL, NULL, 5, 0, 1, 6000000, 30000000, 0, 1, NULL, NULL, NULL, NULL, NULL, NULL, NULL, NULL, NULL, NULL, NULL, NULL, 5, 30000000, NULL, NULL, NULL, NULL, NULL, NULL, NULL, NULL, NULL, NULL, NULL, NULL, '2025-09-04 09:54:12', 'superadmin', '2025-09-04 09:54:12', 'superadmin', 1),
	(1270, NULL, 1030, 57, 75, NULL, NULL, 5, 0, 1, 5050000, 25250000, 0, 1, NULL, NULL, NULL, NULL, NULL, NULL, NULL, NULL, NULL, NULL, NULL, NULL, 5, 25250000, NULL, NULL, NULL, NULL, NULL, NULL, NULL, NULL, NULL, NULL, NULL, NULL, '2025-09-04 09:54:46', 'superadmin', '2025-09-04 09:54:59', 'superadmin', 1),
	(1271, NULL, 1032, 57, 75, NULL, NULL, 1, 0, 1, 918000, 918000, 0, 1, NULL, NULL, NULL, NULL, NULL, NULL, NULL, NULL, NULL, NULL, NULL, NULL, NULL, NULL, 1, 918000, NULL, NULL, NULL, NULL, NULL, NULL, NULL, NULL, NULL, NULL, '2025-09-04 09:55:30', 'superadmin', '2025-09-04 09:55:30', 'superadmin', 1),
	(1272, NULL, 1034, 57, 75, NULL, NULL, 1, 0, 1, 9500000, 9500000, 0, 1, NULL, NULL, NULL, NULL, NULL, NULL, NULL, NULL, NULL, NULL, NULL, NULL, NULL, NULL, 1, 9500000, NULL, NULL, NULL, NULL, NULL, NULL, NULL, NULL, NULL, NULL, '2025-09-04 09:56:23', 'superadmin', '2025-09-04 09:56:23', 'superadmin', 1),
	(1273, NULL, 1035, 57, 75, NULL, NULL, 5, 0, 10, 305500, 1527500, 0, 1, NULL, NULL, NULL, NULL, NULL, NULL, NULL, NULL, NULL, NULL, NULL, NULL, NULL, NULL, 5, 1527500, NULL, NULL, NULL, NULL, NULL, NULL, NULL, NULL, NULL, NULL, '2025-09-04 09:57:00', 'superadmin', '2025-09-04 09:57:00', 'superadmin', 1),
	(1274, NULL, 325, 60, 76, NULL, NULL, 10, 0, 19, 900000, 9000000, 0, 1, NULL, NULL, 10, 9000000, NULL, NULL, NULL, NULL, NULL, NULL, NULL, NULL, NULL, NULL, NULL, NULL, NULL, NULL, NULL, NULL, NULL, NULL, NULL, NULL, NULL, NULL, '2025-09-04 09:57:04', 'superadmin', '2025-09-04 09:57:04', 'superadmin', 1),
	(1275, NULL, 327, 60, 76, NULL, NULL, 85, 0, 3, 15000, 1275000, 0, 1, NULL, NULL, 85, 1275000, NULL, NULL, NULL, NULL, NULL, NULL, NULL, NULL, NULL, NULL, NULL, NULL, NULL, NULL, NULL, NULL, NULL, NULL, NULL, NULL, NULL, NULL, '2025-09-04 09:57:47', 'superadmin', '2025-09-04 09:57:47', 'superadmin', 1),
	(1276, NULL, 1036, 57, 75, NULL, NULL, 5, 0, 10, 742000, 3710000, 0, 1, NULL, NULL, NULL, NULL, NULL, NULL, NULL, NULL, NULL, NULL, NULL, NULL, NULL, NULL, 5, 3710000, NULL, NULL, NULL, NULL, NULL, NULL, NULL, NULL, NULL, NULL, '2025-09-04 09:57:59', 'superadmin', '2025-09-04 09:57:59', 'superadmin', 1),
	(1277, NULL, 1038, 57, 75, NULL, NULL, 10, 0, 22, 800000, 8000000, 0, 1, NULL, NULL, NULL, NULL, NULL, NULL, NULL, NULL, NULL, NULL, NULL, NULL, NULL, NULL, 10, 8000000, NULL, NULL, NULL, NULL, NULL, NULL, NULL, NULL, NULL, NULL, '2025-09-04 09:58:24', 'superadmin', '2025-09-04 09:58:24', 'superadmin', 1),
	(1278, NULL, 329, 60, 76, NULL, NULL, 85, 0, 3, 35000, 2975000, 0, 1, NULL, NULL, 85, 2975000, NULL, NULL, NULL, NULL, NULL, NULL, NULL, NULL, NULL, NULL, NULL, NULL, NULL, NULL, NULL, NULL, NULL, NULL, NULL, NULL, NULL, NULL, '2025-09-04 09:58:31', 'superadmin', '2025-09-04 09:58:31', 'superadmin', 1),
	(1279, NULL, 1040, 57, 75, NULL, NULL, 3, 0, 22, 760000, 2280000, 0, 1, NULL, NULL, NULL, NULL, NULL, NULL, NULL, NULL, NULL, NULL, NULL, NULL, NULL, NULL, 3, 2280000, NULL, NULL, NULL, NULL, NULL, NULL, NULL, NULL, NULL, NULL, '2025-09-04 09:59:57', 'superadmin', '2025-09-04 09:59:57', 'superadmin', 1),
	(1280, NULL, 1041, 57, 75, NULL, NULL, 1, 0, 1, 6753000, 6753000, 0, 1, NULL, NULL, NULL, NULL, NULL, NULL, NULL, NULL, NULL, NULL, NULL, NULL, NULL, NULL, 1, 6753000, NULL, NULL, NULL, NULL, NULL, NULL, NULL, NULL, NULL, NULL, '2025-09-04 10:00:32', 'superadmin', '2025-09-04 10:00:32', 'superadmin', 1),
	(1281, NULL, 1043, 57, 75, NULL, NULL, 1, 0, 22, 4500000, 4500000, 0, 1, NULL, NULL, NULL, NULL, NULL, NULL, NULL, NULL, NULL, NULL, NULL, NULL, NULL, NULL, 1, 4500000, NULL, NULL, NULL, NULL, NULL, NULL, NULL, NULL, NULL, NULL, '2025-09-04 10:01:26', 'superadmin', '2025-09-04 10:01:26', 'superadmin', 1),
	(1282, NULL, 1045, 57, 75, NULL, NULL, 3, 0, 1, 18240000, 54720000, 0, 1, NULL, NULL, NULL, NULL, NULL, NULL, NULL, NULL, NULL, NULL, NULL, NULL, NULL, NULL, 3, 54720000, NULL, NULL, NULL, NULL, NULL, NULL, NULL, NULL, NULL, NULL, '2025-09-04 10:02:36', 'superadmin', '2025-09-04 10:02:36', 'superadmin', 1),
	(1283, NULL, 1046, 57, 75, NULL, NULL, 1, 0, 10, 1908000, 1908000, 0, 1, NULL, NULL, NULL, NULL, NULL, NULL, NULL, NULL, NULL, NULL, NULL, NULL, NULL, NULL, 1, 1908000, NULL, NULL, NULL, NULL, NULL, NULL, NULL, NULL, NULL, NULL, '2025-09-04 10:03:00', 'superadmin', '2025-09-04 10:03:00', 'superadmin', 1),
	(1284, NULL, 1048, 57, 75, NULL, NULL, 9, 0, 1, 2075000, 18675000, 0, 1, NULL, NULL, NULL, NULL, NULL, NULL, NULL, NULL, NULL, NULL, NULL, NULL, 3, 6225000, 6, 12450000, NULL, NULL, NULL, NULL, NULL, NULL, NULL, NULL, NULL, NULL, '2025-09-04 10:03:44', 'superadmin', '2025-09-04 10:03:44', 'superadmin', 1),
	(1285, NULL, 1050, 57, 75, NULL, NULL, 6, 0, 1, 2500000, 15000000, 0, 1, NULL, NULL, NULL, NULL, NULL, NULL, NULL, NULL, NULL, NULL, NULL, NULL, NULL, NULL, 6, 15000000, NULL, NULL, NULL, NULL, NULL, NULL, NULL, NULL, NULL, NULL, '2025-09-04 10:04:57', 'superadmin', '2025-09-04 10:04:57', 'superadmin', 1),
	(1286, NULL, 1052, 57, 75, NULL, NULL, 2, 0, 1, 1900000, 3800000, 0, 1, NULL, NULL, NULL, NULL, NULL, NULL, NULL, NULL, NULL, NULL, NULL, NULL, NULL, NULL, 2, 3800000, NULL, NULL, NULL, NULL, NULL, NULL, NULL, NULL, NULL, NULL, '2025-09-04 10:05:18', 'superadmin', '2025-09-04 10:05:18', 'superadmin', 1),
	(1287, NULL, 319, 61, 77, NULL, NULL, 1, 0, 9, 70000000, 70000000, 0, 1, NULL, NULL, NULL, NULL, 1, 70000000, NULL, NULL, NULL, NULL, NULL, NULL, NULL, NULL, NULL, NULL, NULL, NULL, NULL, NULL, NULL, NULL, NULL, NULL, NULL, NULL, '2025-09-04 10:05:42', 'superadmin', '2025-09-04 10:05:42', 'superadmin', 1),
	(1288, NULL, 1054, 57, 75, NULL, NULL, 1, 0, 1, 11214800, 11214800, 0, 1, NULL, NULL, NULL, NULL, NULL, NULL, NULL, NULL, NULL, NULL, NULL, NULL, NULL, NULL, 1, 11214800, NULL, NULL, NULL, NULL, NULL, NULL, NULL, NULL, NULL, NULL, '2025-09-04 10:05:56', 'superadmin', '2025-09-04 10:05:56', 'superadmin', 1),
	(1289, NULL, 327, 61, 77, NULL, NULL, 300, 0, 3, 15000, 4500000, 0, 1, NULL, NULL, NULL, NULL, 300, 4500000, NULL, NULL, NULL, NULL, NULL, NULL, NULL, NULL, NULL, NULL, NULL, NULL, NULL, NULL, NULL, NULL, NULL, NULL, NULL, NULL, '2025-09-04 10:06:34', 'superadmin', '2025-09-04 10:06:34', 'superadmin', 1),
	(1290, NULL, 329, 61, 77, NULL, NULL, 300, 0, 3, 35000, 10500000, 0, 1, NULL, NULL, NULL, NULL, 300, 10500000, NULL, NULL, NULL, NULL, NULL, NULL, NULL, NULL, NULL, NULL, NULL, NULL, NULL, NULL, NULL, NULL, NULL, NULL, NULL, NULL, '2025-09-04 10:07:43', 'superadmin', '2025-09-04 10:07:43', 'superadmin', 1),
	(1291, NULL, 1059, 63, 79, NULL, NULL, 445, 370, 42, 720000, 320400000, 0, 1, NULL, NULL, NULL, NULL, NULL, NULL, NULL, NULL, NULL, NULL, NULL, NULL, NULL, NULL, NULL, NULL, NULL, NULL, NULL, NULL, 445, 320400000, NULL, NULL, NULL, NULL, '2025-09-04 10:16:24', 'superadmin', '2025-09-04 10:16:24', 'superadmin', 1),
	(1292, NULL, 1063, 64, 80, NULL, NULL, 1, 0, 4, 58000000, 58000000, 0, 1, '<p>Pemasangan Membrane Lama di Poli Rawat Jalan</p>\r\n', '', NULL, NULL, 1, 58000000, NULL, NULL, NULL, NULL, NULL, NULL, NULL, NULL, NULL, NULL, NULL, NULL, NULL, NULL, NULL, NULL, NULL, NULL, NULL, NULL, '2025-09-04 10:17:18', 'superadmin', '2025-12-27 08:00:50', 'superadmin', 1),
	(1293, NULL, 1078, 65, 81, NULL, NULL, 1, 1, 43, 100000000, 100000000, 0, 1, NULL, NULL, NULL, NULL, 1, 100000000, NULL, NULL, NULL, NULL, NULL, NULL, NULL, NULL, NULL, NULL, NULL, NULL, NULL, NULL, NULL, NULL, NULL, NULL, NULL, NULL, '2025-09-04 10:18:23', 'superadmin', '2025-09-04 10:18:23', 'superadmin', 1),
	(1294, NULL, 1079, 66, 82, NULL, NULL, 60, 25, 19, 1000000, 60000000, 0, 1, NULL, NULL, 5, 5000000, 5, 5000000, 5, 5000000, 5, 5000000, 5, 5000000, 5, 5000000, 5, 5000000, 5, 5000000, 5, 5000000, 5, 5000000, 5, 5000000, 5, 5000000, '2025-09-04 10:19:37', 'superadmin', '2025-09-04 10:19:37', 'superadmin', 1),
	(1295, NULL, 1080, 66, 82, NULL, NULL, 480, 30, 3, 20000, 9600000, 0, 1, NULL, NULL, 40, 800000, 40, 800000, 40, 800000, 40, 800000, 40, 800000, 40, 800000, 40, 800000, 40, 800000, 40, 800000, 40, 800000, 40, 800000, 40, 800000, '2025-09-04 10:21:33', 'superadmin', '2025-09-04 10:21:33', 'superadmin', 1),
	(1296, NULL, 1081, 66, 82, NULL, NULL, 240, 30, 3, 40000, 9600000, 0, 1, NULL, NULL, 20, 800000, 20, 800000, 20, 800000, 20, 800000, 20, 800000, 20, 800000, 20, 800000, 20, 800000, 20, 800000, 20, 800000, 20, 800000, 20, 800000, '2025-09-04 10:22:07', 'superadmin', '2025-09-04 10:22:07', 'superadmin', 1),
	(1297, NULL, 225, 68, 84, NULL, NULL, 40, 0, 30, 89000, 3560000, 0, 1, NULL, NULL, 40, 3560000, NULL, NULL, NULL, NULL, NULL, NULL, NULL, NULL, NULL, NULL, NULL, NULL, NULL, NULL, NULL, NULL, NULL, NULL, NULL, NULL, NULL, NULL, '2025-09-04 10:26:43', 'superadmin', '2025-09-04 10:26:43', 'superadmin', 1),
	(1298, NULL, 245, 68, 84, NULL, NULL, 45, 0, 24, 126000, 5670000, 0, 1, NULL, NULL, 45, 5670000, NULL, NULL, NULL, NULL, NULL, NULL, NULL, NULL, NULL, NULL, NULL, NULL, NULL, NULL, NULL, NULL, NULL, NULL, NULL, NULL, NULL, NULL, '2025-09-04 10:27:07', 'superadmin', '2025-09-04 10:27:07', 'superadmin', 1),
	(1299, NULL, 248, 68, 84, NULL, NULL, 6, 0, 22, 46000, 276000, 0, 1, NULL, NULL, 6, 276000, NULL, NULL, NULL, NULL, NULL, NULL, NULL, NULL, NULL, NULL, NULL, NULL, NULL, NULL, NULL, NULL, NULL, NULL, NULL, NULL, NULL, NULL, '2025-09-04 10:27:26', 'superadmin', '2025-09-04 10:27:26', 'superadmin', 1),
	(1300, NULL, 249, 68, 84, NULL, NULL, 10, 0, 22, 13000, 130000, 0, 1, NULL, NULL, 10, 130000, NULL, NULL, NULL, NULL, NULL, NULL, NULL, NULL, NULL, NULL, NULL, NULL, NULL, NULL, NULL, NULL, NULL, NULL, NULL, NULL, NULL, NULL, '2025-09-04 10:27:44', 'superadmin', '2025-09-04 10:27:44', 'superadmin', 1),
	(1301, NULL, 252, 68, 84, NULL, NULL, 4, 0, 14, 111000, 444000, 0, 1, NULL, NULL, 4, 444000, NULL, NULL, NULL, NULL, NULL, NULL, NULL, NULL, NULL, NULL, NULL, NULL, NULL, NULL, NULL, NULL, NULL, NULL, NULL, NULL, NULL, NULL, '2025-09-04 10:28:02', 'superadmin', '2025-09-04 10:29:18', 'superadmin', 1),
	(1302, NULL, 251, 68, 84, NULL, NULL, 100, 0, 22, 3000, 300000, 0, 1, NULL, NULL, 100, 300000, NULL, NULL, NULL, NULL, NULL, NULL, NULL, NULL, NULL, NULL, NULL, NULL, NULL, NULL, NULL, NULL, NULL, NULL, NULL, NULL, NULL, NULL, '2025-09-04 10:28:52', 'superadmin', '2025-09-04 10:28:52', 'superadmin', 1),
	(1303, NULL, 250, 68, 84, NULL, NULL, 4, 0, 22, 6000, 24000, 0, 1, NULL, NULL, 4, 24000, NULL, NULL, NULL, NULL, NULL, NULL, NULL, NULL, NULL, NULL, NULL, NULL, NULL, NULL, NULL, NULL, NULL, NULL, NULL, NULL, NULL, NULL, '2025-09-04 10:29:56', 'superadmin', '2025-09-04 10:29:56', 'superadmin', 1),
	(1304, NULL, 253, 68, 84, NULL, NULL, 6, 0, 22, 10000, 60000, 0, 1, NULL, NULL, 6, 60000, NULL, NULL, NULL, NULL, NULL, NULL, NULL, NULL, NULL, NULL, NULL, NULL, NULL, NULL, NULL, NULL, NULL, NULL, NULL, NULL, NULL, NULL, '2025-09-04 10:30:23', 'superadmin', '2025-09-04 10:30:23', 'superadmin', 1),
	(1305, NULL, 254, 68, 84, NULL, NULL, 1, 0, 23, 58000, 58000, 0, 1, NULL, NULL, 1, 58000, NULL, NULL, NULL, NULL, NULL, NULL, NULL, NULL, NULL, NULL, NULL, NULL, NULL, NULL, NULL, NULL, NULL, NULL, NULL, NULL, NULL, NULL, '2025-09-04 10:30:44', 'superadmin', '2025-09-04 10:30:44', 'superadmin', 1),
	(1306, NULL, 255, 68, 84, NULL, NULL, 6, 0, 22, 233000, 1398000, 0, 1, NULL, NULL, 6, 1398000, NULL, NULL, NULL, NULL, NULL, NULL, NULL, NULL, NULL, NULL, NULL, NULL, NULL, NULL, NULL, NULL, NULL, NULL, NULL, NULL, NULL, NULL, '2025-09-04 10:31:05', 'superadmin', '2025-09-04 10:31:05', 'superadmin', 1),
	(1307, NULL, 256, 68, 84, NULL, NULL, 4, 0, 22, 63000, 252000, 0, 1, NULL, NULL, 4, 252000, NULL, NULL, NULL, NULL, NULL, NULL, NULL, NULL, NULL, NULL, NULL, NULL, NULL, NULL, NULL, NULL, NULL, NULL, NULL, NULL, NULL, NULL, '2025-09-04 10:31:29', 'superadmin', '2025-09-04 10:31:29', 'superadmin', 1),
	(1308, NULL, 257, 68, 84, NULL, NULL, 1, 0, 22, 3450000, 3450000, 0, 1, NULL, NULL, 1, 3450000, NULL, NULL, NULL, NULL, NULL, NULL, NULL, NULL, NULL, NULL, NULL, NULL, NULL, NULL, NULL, NULL, NULL, NULL, NULL, NULL, NULL, NULL, '2025-09-04 10:31:49', 'superadmin', '2025-09-04 10:31:49', 'superadmin', 1),
	(1309, NULL, 258, 68, 84, NULL, NULL, 1, 0, 22, 1909000, 1909000, 0, 1, NULL, NULL, 1, 1909000, NULL, NULL, NULL, NULL, NULL, NULL, NULL, NULL, NULL, NULL, NULL, NULL, NULL, NULL, NULL, NULL, NULL, NULL, NULL, NULL, NULL, NULL, '2025-09-04 10:32:09', 'superadmin', '2025-09-04 10:32:09', 'superadmin', 1),
	(1310, NULL, 259, 68, 84, NULL, NULL, 12, 0, 24, 36000, 432000, 0, 1, NULL, NULL, 12, 432000, NULL, NULL, NULL, NULL, NULL, NULL, NULL, NULL, NULL, NULL, NULL, NULL, NULL, NULL, NULL, NULL, NULL, NULL, NULL, NULL, NULL, NULL, '2025-09-04 10:32:32', 'superadmin', '2025-09-04 10:32:32', 'superadmin', 1),
	(1311, NULL, 260, 68, 84, NULL, NULL, 7, 0, 24, 53000, 371000, 0, 1, NULL, NULL, 7, 371000, NULL, NULL, NULL, NULL, NULL, NULL, NULL, NULL, NULL, NULL, NULL, NULL, NULL, NULL, NULL, NULL, NULL, NULL, NULL, NULL, NULL, NULL, '2025-09-04 10:33:08', 'superadmin', '2025-09-04 10:33:08', 'superadmin', 1),
	(1312, NULL, 261, 68, 84, NULL, NULL, 10, 0, 22, 4000, 40000, 0, 1, NULL, NULL, 10, 40000, NULL, NULL, NULL, NULL, NULL, NULL, NULL, NULL, NULL, NULL, NULL, NULL, NULL, NULL, NULL, NULL, NULL, NULL, NULL, NULL, NULL, NULL, '2025-09-04 10:33:25', 'superadmin', '2025-09-04 10:33:25', 'superadmin', 1),
	(1313, NULL, 262, 68, 84, NULL, NULL, 8, 0, 22, 6000, 48000, 0, 1, NULL, NULL, 8, 48000, NULL, NULL, NULL, NULL, NULL, NULL, NULL, NULL, NULL, NULL, NULL, NULL, NULL, NULL, NULL, NULL, NULL, NULL, NULL, NULL, NULL, NULL, '2025-09-04 10:33:47', 'superadmin', '2025-09-04 10:33:47', 'superadmin', 1),
	(1314, NULL, 264, 68, 84, NULL, NULL, 6, 0, 22, 5000, 30000, 0, 1, NULL, NULL, 6, 30000, NULL, NULL, NULL, NULL, NULL, NULL, NULL, NULL, NULL, NULL, NULL, NULL, NULL, NULL, NULL, NULL, NULL, NULL, NULL, NULL, NULL, NULL, '2025-09-04 10:34:08', 'superadmin', '2025-09-04 10:34:08', 'superadmin', 1),
	(1315, NULL, 266, 68, 84, NULL, NULL, 4, 0, 22, 9000, 36000, 0, 1, NULL, NULL, 4, 36000, NULL, NULL, NULL, NULL, NULL, NULL, NULL, NULL, NULL, NULL, NULL, NULL, NULL, NULL, NULL, NULL, NULL, NULL, NULL, NULL, NULL, NULL, '2025-09-04 10:34:24', 'superadmin', '2025-09-04 10:34:24', 'superadmin', 1),
	(1316, NULL, 267, 68, 84, NULL, NULL, 4, 0, 22, 4000, 16000, 0, 1, NULL, NULL, 4, 16000, NULL, NULL, NULL, NULL, NULL, NULL, NULL, NULL, NULL, NULL, NULL, NULL, NULL, NULL, NULL, NULL, NULL, NULL, NULL, NULL, NULL, NULL, '2025-09-04 10:34:43', 'superadmin', '2025-09-04 10:34:43', 'superadmin', 1),
	(1317, NULL, 268, 68, 84, NULL, NULL, 4, 0, 22, 149000, 596000, 0, 1, NULL, NULL, 4, 596000, NULL, NULL, NULL, NULL, NULL, NULL, NULL, NULL, NULL, NULL, NULL, NULL, NULL, NULL, NULL, NULL, NULL, NULL, NULL, NULL, NULL, NULL, '2025-09-04 10:35:13', 'superadmin', '2025-09-04 10:35:13', 'superadmin', 1),
	(1318, NULL, 269, 68, 84, NULL, NULL, 4, 0, 22, 318000, 1272000, 0, 1, NULL, NULL, 4, 1272000, NULL, NULL, NULL, NULL, NULL, NULL, NULL, NULL, NULL, NULL, NULL, NULL, NULL, NULL, NULL, NULL, NULL, NULL, NULL, NULL, NULL, NULL, '2025-09-04 10:35:33', 'superadmin', '2025-09-04 10:35:33', 'superadmin', 1),
	(1319, NULL, 271, 68, 84, NULL, NULL, 4, 0, 22, 35000, 140000, 0, 1, NULL, NULL, 4, 140000, NULL, NULL, NULL, NULL, NULL, NULL, NULL, NULL, NULL, NULL, NULL, NULL, NULL, NULL, NULL, NULL, NULL, NULL, NULL, NULL, NULL, NULL, '2025-09-04 10:35:55', 'superadmin', '2025-09-04 10:35:55', 'superadmin', 1),
	(1320, NULL, 274, 68, 84, NULL, NULL, 8, 0, 22, 10000, 80000, 0, 1, NULL, NULL, 8, 80000, NULL, NULL, NULL, NULL, NULL, NULL, NULL, NULL, NULL, NULL, NULL, NULL, NULL, NULL, NULL, NULL, NULL, NULL, NULL, NULL, NULL, NULL, '2025-09-04 10:36:13', 'superadmin', '2025-09-04 10:36:13', 'superadmin', 1),
	(1321, NULL, 276, 68, 84, NULL, NULL, 4, 0, 22, 78000, 312000, 0, 1, NULL, NULL, 4, 312000, NULL, NULL, NULL, NULL, NULL, NULL, NULL, NULL, NULL, NULL, NULL, NULL, NULL, NULL, NULL, NULL, NULL, NULL, NULL, NULL, NULL, NULL, '2025-09-04 10:37:03', 'superadmin', '2025-09-04 10:37:03', 'superadmin', 1),
	(1322, NULL, 285, 68, 84, NULL, NULL, 1, 0, 22, 527000, 527000, 0, 1, NULL, NULL, 1, 527000, NULL, NULL, NULL, NULL, NULL, NULL, NULL, NULL, NULL, NULL, NULL, NULL, NULL, NULL, NULL, NULL, NULL, NULL, NULL, NULL, NULL, NULL, '2025-09-04 10:37:27', 'superadmin', '2025-09-04 10:37:27', 'superadmin', 1),
	(1323, NULL, 290, 68, 84, NULL, NULL, 7, 0, 22, 4000, 28000, 0, 1, NULL, NULL, 7, 28000, NULL, NULL, NULL, NULL, NULL, NULL, NULL, NULL, NULL, NULL, NULL, NULL, NULL, NULL, NULL, NULL, NULL, NULL, NULL, NULL, NULL, NULL, '2025-09-04 10:37:49', 'superadmin', '2025-09-04 10:37:49', 'superadmin', 1),
	(1324, NULL, 294, 68, 84, NULL, NULL, 4, 0, 22, 6000, 24000, 0, 1, NULL, NULL, 4, 24000, NULL, NULL, NULL, NULL, NULL, NULL, NULL, NULL, NULL, NULL, NULL, NULL, NULL, NULL, NULL, NULL, NULL, NULL, NULL, NULL, NULL, NULL, '2025-09-04 10:38:08', 'superadmin', '2025-09-04 10:38:08', 'superadmin', 1),
	(1325, NULL, 295, 68, 84, NULL, NULL, 4, 0, 22, 45000, 180000, 0, 1, NULL, NULL, 4, 180000, NULL, NULL, NULL, NULL, NULL, NULL, NULL, NULL, NULL, NULL, NULL, NULL, NULL, NULL, NULL, NULL, NULL, NULL, NULL, NULL, NULL, NULL, '2025-09-04 10:39:31', 'superadmin', '2025-09-04 10:39:31', 'superadmin', 1),
	(1326, NULL, 298, 68, 84, NULL, NULL, 4, 0, 22, 189000, 756000, 0, 1, NULL, NULL, 4, 756000, NULL, NULL, NULL, NULL, NULL, NULL, NULL, NULL, NULL, NULL, NULL, NULL, NULL, NULL, NULL, NULL, NULL, NULL, NULL, NULL, NULL, NULL, '2025-09-04 10:39:53', 'superadmin', '2025-09-04 10:39:53', 'superadmin', 1),
	(1327, NULL, 300, 68, 84, NULL, NULL, 1, 0, 23, 1403000, 1403000, 0, 1, NULL, NULL, 1, 1403000, NULL, NULL, NULL, NULL, NULL, NULL, NULL, NULL, NULL, NULL, NULL, NULL, NULL, NULL, NULL, NULL, NULL, NULL, NULL, NULL, NULL, NULL, '2025-09-04 10:40:12', 'superadmin', '2025-09-04 10:40:12', 'superadmin', 1),
	(1328, NULL, 302, 68, 84, NULL, NULL, 4, 0, 22, 75000, 300000, 0, 1, NULL, NULL, 4, 300000, NULL, NULL, NULL, NULL, NULL, NULL, NULL, NULL, NULL, NULL, NULL, NULL, NULL, NULL, NULL, NULL, NULL, NULL, NULL, NULL, NULL, NULL, '2025-09-04 10:40:31', 'superadmin', '2025-09-04 10:40:31', 'superadmin', 1),
	(1329, NULL, 305, 68, 84, NULL, NULL, 30, 0, 11, 185000, 5550000, 0, 1, NULL, NULL, 30, 5550000, NULL, NULL, NULL, NULL, NULL, NULL, NULL, NULL, NULL, NULL, NULL, NULL, NULL, NULL, NULL, NULL, NULL, NULL, NULL, NULL, NULL, NULL, '2025-09-04 10:40:53', 'superadmin', '2025-09-04 10:40:53', 'superadmin', 1),
	(1330, NULL, 307, 68, 84, NULL, NULL, 30, 0, 11, 150000, 4500000, 0, 1, NULL, NULL, 30, 4500000, NULL, NULL, NULL, NULL, NULL, NULL, NULL, NULL, NULL, NULL, NULL, NULL, NULL, NULL, NULL, NULL, NULL, NULL, NULL, NULL, NULL, NULL, '2025-09-04 10:41:13', 'superadmin', '2025-09-04 10:41:13', 'superadmin', 1),
	(1331, NULL, 311, 69, 85, NULL, NULL, 20, 10, 3, 15000, 300000, 0, 1, '<p>kue kotak untuk kegiatan</p>\r\n', '', NULL, NULL, NULL, NULL, NULL, NULL, NULL, NULL, 20, 300000, NULL, NULL, NULL, NULL, NULL, NULL, NULL, NULL, NULL, NULL, NULL, NULL, NULL, NULL, '2025-09-04 10:42:15', 'superadmin', '2025-12-31 16:41:01', 'spesifikasi', 1),
	(1332, NULL, 313, 69, 85, NULL, NULL, 20, 10, 3, 35000, 700000, 0, 1, '<p>nasi kotak untuk kegiatan</p>\r\n', '', NULL, NULL, NULL, NULL, NULL, NULL, NULL, NULL, 20, 700000, NULL, NULL, NULL, NULL, NULL, NULL, NULL, NULL, NULL, NULL, NULL, NULL, NULL, NULL, '2025-09-04 10:42:35', 'superadmin', '2025-12-31 16:41:07', 'spesifikasi', 1),
	(1333, NULL, 317, 69, 86, NULL, NULL, 4, 4, 1, 3500000, 14000000, 0, 1, NULL, NULL, NULL, NULL, NULL, NULL, NULL, NULL, NULL, NULL, 4, 14000000, NULL, NULL, NULL, NULL, NULL, NULL, NULL, NULL, NULL, NULL, NULL, NULL, NULL, NULL, '2025-09-04 10:43:01', 'superadmin', '2025-09-04 10:43:01', 'superadmin', 1),
	(1334, NULL, 318, 69, 86, NULL, NULL, 1, 1, 10, 40000000, 40000000, 0, 1, NULL, NULL, NULL, NULL, NULL, NULL, NULL, NULL, NULL, NULL, 1, 40000000, NULL, NULL, NULL, NULL, NULL, NULL, NULL, NULL, NULL, NULL, NULL, NULL, NULL, NULL, '2025-09-04 10:43:20', 'superadmin', '2025-09-04 10:43:20', 'superadmin', 1),
	(1335, NULL, 1210, 44, 55, NULL, NULL, 9, 0, 10, 75000, 675000, 0, 1, NULL, NULL, NULL, NULL, NULL, NULL, 9, 675000, NULL, NULL, NULL, NULL, NULL, NULL, NULL, NULL, NULL, NULL, NULL, NULL, NULL, NULL, NULL, NULL, NULL, NULL, '2025-09-04 10:52:37', 'superadmin', '2025-09-04 10:52:37', 'superadmin', 1),
	(1336, NULL, 1196, 44, 59, NULL, NULL, 1, 0, 4, 150000000, 150000000, 0, 1, NULL, NULL, NULL, NULL, NULL, NULL, NULL, NULL, NULL, NULL, 1, 150000000, NULL, NULL, NULL, NULL, NULL, NULL, NULL, NULL, NULL, NULL, NULL, NULL, NULL, NULL, '2025-09-04 10:53:08', 'superadmin', '2025-09-04 10:53:08', 'superadmin', 1),
	(1337, NULL, 1208, 54, 69, NULL, NULL, 18, 0, 11, 300000, 5400000, 0, 1, NULL, NULL, NULL, NULL, NULL, NULL, NULL, NULL, NULL, NULL, NULL, NULL, NULL, NULL, NULL, NULL, NULL, NULL, 18, 5400000, NULL, NULL, NULL, NULL, NULL, NULL, '2025-09-04 10:56:04', 'superadmin', '2025-09-04 10:56:04', 'superadmin', 1),
	(1338, NULL, 1209, 54, 69, NULL, NULL, 6, 0, 11, 350000, 2100000, 0, 1, NULL, NULL, NULL, NULL, NULL, NULL, NULL, NULL, NULL, NULL, NULL, NULL, NULL, NULL, NULL, NULL, NULL, NULL, 6, 2100000, NULL, NULL, NULL, NULL, NULL, NULL, '2025-09-04 10:56:31', 'superadmin', '2025-09-04 10:56:31', 'superadmin', 1),
	(1339, NULL, 1207, 57, 75, NULL, NULL, 4, 0, 22, 477000, 1908000, 0, 1, NULL, NULL, NULL, NULL, NULL, NULL, NULL, NULL, NULL, NULL, NULL, NULL, 4, 1908000, NULL, NULL, NULL, NULL, NULL, NULL, NULL, NULL, NULL, NULL, NULL, NULL, '2025-09-04 10:57:25', 'superadmin', '2025-09-04 10:57:25', 'superadmin', 1);

-- Dumping structure for table noval.program
CREATE TABLE IF NOT EXISTS `program` (
  `idprogram` int NOT NULL AUTO_INCREMENT,
  `no_rekening_program` varchar(50) DEFAULT NULL,
  `nama_program` varchar(200) DEFAULT NULL,
  `idbidang_urusan` int DEFAULT NULL,
  `is_active` int DEFAULT '1',
  `created` datetime DEFAULT NULL,
  `createdby` varchar(50) DEFAULT NULL,
  `updated` datetime DEFAULT NULL,
  `updatedby` varchar(50) DEFAULT NULL,
  `status` int DEFAULT '1',
  PRIMARY KEY (`idprogram`) USING BTREE,
  KEY `is_active` (`is_active`) USING BTREE,
  KEY `status` (`status`) USING BTREE,
  KEY `no_rekening_urusan` (`no_rekening_program`) USING BTREE,
  KEY `nama_urusan` (`nama_program`) USING BTREE,
  KEY `tahun_anggaran_urusan` (`idbidang_urusan`) USING BTREE
) ENGINE=InnoDB AUTO_INCREMENT=3 DEFAULT CHARSET=utf8mb4 COLLATE=utf8mb4_0900_ai_ci ROW_FORMAT=DYNAMIC;

-- Dumping data for table noval.program: ~2 rows (approximately)
INSERT INTO `program` (`idprogram`, `no_rekening_program`, `nama_program`, `idbidang_urusan`, `is_active`, `created`, `createdby`, `updated`, `updatedby`, `status`) VALUES
	(1, '01', 'PROGRAM PENUNJANG URUSAN PEMERINTAHAN DAERAH PROVINSI', 1, 1, '2025-08-25 08:14:39', 'superadmin', '2025-08-25 08:15:50', 'superadmin', 1),
	(2, '02', 'PROGRAM PEMENUHAN UPAYA KESEHATAN PERORANGAN DAN UPAYA KESEHATAN MASYARAKAT', 1, 1, '2025-08-25 08:16:16', 'superadmin', '2025-12-16 15:22:31', 'ppa', 1);

-- Dumping structure for table noval.purchase_plan
CREATE TABLE IF NOT EXISTS `purchase_plan` (
  `idpurchase_plan` int NOT NULL AUTO_INCREMENT,
  `purchase_plan_date` datetime DEFAULT NULL COMMENT 'tanggal rencana pengadaan',
  `purchase_plan_code` varchar(50) CHARACTER SET utf8mb4 COLLATE utf8mb4_unicode_ci DEFAULT NULL COMMENT 'nomor rencana pengadaan',
  `purchase_plan_status` varchar(50) CHARACTER SET utf8mb4 COLLATE utf8mb4_unicode_ci DEFAULT NULL COMMENT 'status rencana pengadaan',
  `updated_status` datetime DEFAULT NULL COMMENT 'tanggal update status',
  `total_budget` double DEFAULT NULL COMMENT 'total anggaran rencana pengadaan',
  `iduser_created` bigint DEFAULT NULL COMMENT 'id user yang membuat',
  `created` datetime DEFAULT NULL,
  `createdby` varchar(50) CHARACTER SET utf8mb4 COLLATE utf8mb4_unicode_ci DEFAULT NULL,
  `updated` datetime DEFAULT NULL,
  `updatedby` varchar(50) CHARACTER SET utf8mb4 COLLATE utf8mb4_unicode_ci DEFAULT NULL,
  `status` int DEFAULT '1',
  PRIMARY KEY (`idpurchase_plan`),
  KEY `purchase_plan_date` (`purchase_plan_date`),
  KEY `purchase_plan_code` (`purchase_plan_code`),
  KEY `purchase_plan_status` (`purchase_plan_status`),
  KEY `updated_status` (`updated_status`),
  KEY `total_budget` (`total_budget`),
  KEY `iduser_created` (`iduser_created`),
  KEY `status` (`status`)
) ENGINE=InnoDB AUTO_INCREMENT=27 DEFAULT CHARSET=utf8mb4 COLLATE=utf8mb4_unicode_ci;

-- Dumping data for table noval.purchase_plan: ~13 rows (approximately)
INSERT INTO `purchase_plan` (`idpurchase_plan`, `purchase_plan_date`, `purchase_plan_code`, `purchase_plan_status`, `updated_status`, `total_budget`, `iduser_created`, `created`, `createdby`, `updated`, `updatedby`, `status`) VALUES
	(14, '2025-12-31 16:53:22', 'PP202512310001', 'INPUT NPD', NULL, 47000000, 8, '2025-12-31 16:53:32', 'ppk', '2025-12-31 16:53:39', 'ppk', 1),
	(15, '2025-12-31 16:53:41', 'PP202512310002', 'SUDAH DIVERIFIKASI', NULL, 500000, 8, '2025-12-31 16:53:48', 'ppk', '2025-12-31 16:53:56', 'ppk', 1),
	(16, '2025-12-31 16:54:01', 'PP202512310003', 'PROSES PENGADAAN', NULL, 3500000, 8, '2025-12-31 16:54:09', 'ppk', '2025-12-31 16:54:11', 'ppk', 1),
	(17, '2025-12-31 16:54:13', 'PP202512310004', 'PROSES PENGADAAN', NULL, 3500000, 8, '2025-12-31 16:54:22', 'ppk', '2025-12-31 17:07:45', 'ppk', 0),
	(18, '2025-12-31 17:08:24', 'PP202512310005', 'DRAFT', NULL, 3500000, 8, '2025-12-31 17:08:37', 'ppk', '2025-12-31 17:13:48', 'ppk', 1),
	(19, '2025-12-31 17:14:06', 'PP202512310006', 'DITOLAK VERIFIKATOR', NULL, 3500000, 8, '2025-12-31 17:14:13', 'ppk', '2025-12-31 17:14:15', 'ppk', 1),
	(20, '2025-12-31 17:21:16', 'PP202512310007', 'PROSES PENGADAAN', NULL, 21200000, 9, '2025-12-31 17:22:15', 'pp', '2025-12-31 17:23:02', 'pp', 1),
	(21, '2025-12-31 17:23:09', 'PP202512310008', 'KONTRAK PENGADAAN', NULL, 600000, 9, '2025-12-31 17:24:09', 'pp', '2025-12-31 17:24:17', 'pp', 1),
	(22, '2025-12-31 17:24:22', 'PP202512310009', 'MENUNGGU VERIFIKASI', NULL, 5000000, 9, '2025-12-31 17:24:31', 'pp', '2025-12-31 17:24:33', 'pp', 1),
	(23, '2025-12-31 18:30:24', 'PP202512310010', 'INPUT NPD', NULL, 100000000, 2, '2025-12-31 18:30:29', 'superadmin', '2025-12-31 18:30:31', 'superadmin', 1),
	(24, '2025-12-31 18:32:39', 'PP202512310011', 'MENUNGGU PEMBAYARAN', NULL, 72000000, 2, '2025-12-31 18:32:49', 'superadmin', '2025-12-31 18:32:51', 'superadmin', 1),
	(25, '2025-12-31 18:32:53', 'PP202512310012', 'SUDAH DIBAYAR BENDAHARA', NULL, 108000000, 2, '2025-12-31 18:32:59', 'superadmin', '2025-12-31 18:33:02', 'superadmin', 1),
	(26, '2025-12-31 18:33:03', 'PP202512310013', 'SUDAH DIBAYAR BENDAHARA', NULL, 86400000, 2, '2025-12-31 18:33:09', 'superadmin', '2025-12-31 18:33:10', 'superadmin', 1);

-- Dumping structure for table noval.purchase_plan_detail
CREATE TABLE IF NOT EXISTS `purchase_plan_detail` (
  `idpurchase_plan_detail` int NOT NULL AUTO_INCREMENT,
  `idpurchase_plan` int DEFAULT NULL,
  `idpaket_belanja` int DEFAULT NULL COMMENT 'ambil data dari table paket belanja detail sub',
  `idpaket_belanja_detail_sub` int DEFAULT NULL COMMENT 'ambil data dari table paket belanja detail sub',
  `volume` double DEFAULT NULL,
  `volume_realization` double DEFAULT NULL,
  `purchase_plan_detail_total` double DEFAULT NULL,
  `purchase_plan_detail_status` varchar(50) CHARACTER SET utf8mb4 COLLATE utf8mb4_unicode_ci DEFAULT 'KONTRAK PENGADAAN',
  `created` datetime DEFAULT NULL,
  `createdby` varchar(50) CHARACTER SET utf8mb4 COLLATE utf8mb4_unicode_ci DEFAULT NULL,
  `updated` datetime DEFAULT NULL,
  `updatedby` varchar(50) CHARACTER SET utf8mb4 COLLATE utf8mb4_unicode_ci DEFAULT NULL,
  `status` int DEFAULT '1',
  PRIMARY KEY (`idpurchase_plan_detail`),
  KEY `idpurchase_plan` (`idpurchase_plan`),
  KEY `idpaket_belanja` (`idpaket_belanja`),
  KEY `idpaket_belanja_detail_sub` (`idpaket_belanja_detail_sub`),
  KEY `volume` (`volume`),
  KEY `purchase_plan_detail_total` (`purchase_plan_detail_total`),
  KEY `status` (`status`),
  KEY `volume_realization` (`volume_realization`),
  KEY `purchase_plan_detail_status` (`purchase_plan_detail_status`),
  CONSTRAINT `FK_purchase_plan_detail_purchase_plan` FOREIGN KEY (`idpurchase_plan`) REFERENCES `purchase_plan` (`idpurchase_plan`) ON DELETE CASCADE ON UPDATE CASCADE
) ENGINE=InnoDB AUTO_INCREMENT=42 DEFAULT CHARSET=utf8mb4 COLLATE=utf8mb4_unicode_ci;

-- Dumping data for table noval.purchase_plan_detail: ~18 rows (approximately)
INSERT INTO `purchase_plan_detail` (`idpurchase_plan_detail`, `idpurchase_plan`, `idpaket_belanja`, `idpaket_belanja_detail_sub`, `volume`, `volume_realization`, `purchase_plan_detail_total`, `purchase_plan_detail_status`, `created`, `createdby`, `updated`, `updatedby`, `status`) VALUES
	(24, 14, 69, 1333, 2, NULL, 7000000, 'INPUT NPD', '2025-12-31 16:53:32', 'ppk', '2025-12-31 16:53:32', 'ppk', 1),
	(25, 14, 69, 1334, 1, NULL, 40000000, 'INPUT NPD', '2025-12-31 16:53:37', 'ppk', '2025-12-31 16:53:38', 'ppk', 1),
	(26, 15, 69, 1331, 10, NULL, 150000, 'SUDAH DIVERIFIKASI', '2025-12-31 16:53:48', 'ppk', '2025-12-31 16:53:49', 'ppk', 1),
	(27, 15, 69, 1332, 10, NULL, 350000, 'SUDAH DIVERIFIKASI', '2025-12-31 16:53:54', 'ppk', '2025-12-31 16:53:54', 'ppk', 1),
	(28, 16, 69, 1333, 1, NULL, 3500000, 'PROSES PENGADAAN', '2025-12-31 16:54:09', 'ppk', '2025-12-31 16:54:10', 'ppk', 1),
	(29, 17, 69, 1333, 1, NULL, 3500000, 'PROSES PENGADAAN', '2025-12-31 16:54:22', 'ppk', '2025-12-31 16:54:22', 'ppk', 1),
	(30, 18, 69, 1333, 1, NULL, 3500000, 'PROSES PENGADAAN', '2025-12-31 17:08:37', 'ppk', '2025-12-31 17:13:47', 'ppk', 0),
	(31, 19, 69, 1333, 1, NULL, 3500000, 'DITOLAK VERIFIKATOR', '2025-12-31 17:14:13', 'ppk', '2025-12-31 17:14:14', 'ppk', 1),
	(32, 20, 66, 1294, 20, NULL, 20000000, 'PROSES PENGADAAN', '2025-12-31 17:22:15', 'pp', '2025-12-31 17:22:30', 'pp', 1),
	(33, 20, 66, 1295, 20, NULL, 400000, 'PROSES PENGADAAN', '2025-12-31 17:22:55', 'pp', '2025-12-31 17:22:55', 'pp', 1),
	(34, 20, 66, 1296, 20, NULL, 800000, 'PROSES PENGADAAN', '2025-12-31 17:23:00', 'pp', '2025-12-31 17:23:00', 'pp', 1),
	(35, 21, 66, 1295, 10, NULL, 200000, 'KONTRAK PENGADAAN', '2025-12-31 17:24:09', 'pp', '2025-12-31 17:24:10', 'pp', 1),
	(36, 21, 66, 1296, 10, NULL, 400000, 'KONTRAK PENGADAAN', '2025-12-31 17:24:15', 'pp', '2025-12-31 17:24:16', 'pp', 1),
	(37, 22, 66, 1294, 5, NULL, 5000000, 'MENUNGGU VERIFIKASI', '2025-12-31 17:24:31', 'pp', '2025-12-31 17:24:32', 'pp', 1),
	(38, 23, 65, 1293, 1, NULL, 100000000, 'INPUT NPD', '2025-12-31 18:30:29', 'superadmin', '2025-12-31 18:30:30', 'superadmin', 1),
	(39, 24, 63, 1291, 100, NULL, 72000000, 'MENUNGGU PEMBAYARAN', '2025-12-31 18:32:49', 'superadmin', '2025-12-31 18:32:49', 'superadmin', 1),
	(40, 25, 63, 1291, 150, NULL, 108000000, 'SUDAH DIBAYAR BENDAHARA', '2025-12-31 18:32:59', 'superadmin', '2025-12-31 18:33:00', 'superadmin', 1),
	(41, 26, 63, 1291, 120, NULL, 86400000, 'SUDAH DIBAYAR BENDAHARA', '2025-12-31 18:33:09', 'superadmin', '2025-12-31 18:33:09', 'superadmin', 1);

-- Dumping structure for table noval.role
CREATE TABLE IF NOT EXISTS `role` (
  `idrole` int NOT NULL AUTO_INCREMENT,
  `parent` int DEFAULT NULL,
  `name` varchar(100) DEFAULT NULL,
  `title` varchar(100) DEFAULT NULL,
  `description` varchar(200) DEFAULT NULL,
  `created` datetime DEFAULT NULL,
  `createdby` varchar(50) DEFAULT NULL,
  `updated` datetime DEFAULT NULL,
  `updatedby` varchar(50) DEFAULT NULL,
  `status` int DEFAULT '1',
  PRIMARY KEY (`idrole`)
) ENGINE=InnoDB AUTO_INCREMENT=16 DEFAULT CHARSET=latin1;

-- Dumping data for table noval.role: ~13 rows (approximately)
INSERT INTO `role` (`idrole`, `parent`, `name`, `title`, `description`, `created`, `createdby`, `updated`, `updatedby`, `status`) VALUES
	(1, 0, 'administrator', 'Superadmin', 'Superadmin', '2022-04-04 12:00:00', 'superadmin', '2022-04-04 12:00:00', 'superadmin', 1),
	(2, 0, 'admin', 'Admin', 'Admin', '2022-04-04 12:00:00', 'superadmin', '2022-04-04 12:00:00', 'superadmin', 1),
	(3, 0, 'direktur', 'Direktur', 'Direktur', '2025-12-31 16:00:33', 'superadmin', '2025-12-31 16:00:38', 'superadmin', 1),
	(5, 0, 'ppa', 'PPA', 'PPA', '2025-12-31 16:02:08', 'superadmin', '2025-12-31 16:02:15', 'superadmin', 1),
	(6, 0, 'pptk', 'PPTK', 'PPTK', '2025-12-31 16:02:43', 'superadmin', '2025-12-31 16:02:49', 'superadmin', 1),
	(7, 0, 'user_spesifikasi', 'User Spesifikasi', 'User Spesifikasi', '2025-12-31 16:03:46', 'superadmin', '2025-12-31 16:03:51', 'superadmin', 1),
	(8, 0, 'ppk', 'PPK', 'PPK', '2025-12-31 16:04:17', 'superadmin', '2025-12-31 16:04:23', 'superadmin', 1),
	(9, 0, 'pp', 'PP', 'PP', '2025-12-31 16:04:47', 'superadmin', '2025-12-31 16:04:53', 'superadmin', 1),
	(10, 0, 'kontrak_pengadaan', 'Kontrak Pengadaan', 'Kontrak Pengadaan', '2025-12-31 16:05:26', 'superadmin', '2025-12-31 16:05:32', 'superadmin', 1),
	(11, 0, 'realisasi_anggaran', 'Realisasi Anggaran', 'Realisasi Anggaran', '2025-12-31 16:09:27', 'superadmin', '2025-12-31 16:09:34', 'superadmin', 1),
	(13, 0, 'verifikator', 'Verifikator', 'Verifikator', '2025-12-31 16:10:42', 'superadmin', '2025-12-31 16:10:48', 'superadmin', 1),
	(14, 0, 'npd', 'NPD', 'NPD', '2025-12-31 16:11:14', 'superadmin', '2025-12-31 16:11:20', 'superadmin', 1),
	(15, 0, 'bendahara', 'Bendahara', 'Bendahara', '2025-12-31 16:11:45', 'superadmin', '2025-12-31 16:11:51', 'superadmin', 1);

-- Dumping structure for table noval.ruang
CREATE TABLE IF NOT EXISTS `ruang` (
  `idruang` int NOT NULL AUTO_INCREMENT,
  `nama_ruang` varchar(200) DEFAULT NULL,
  `is_active` int DEFAULT '1',
  `created` datetime DEFAULT NULL,
  `createdby` varchar(50) DEFAULT NULL,
  `updated` datetime DEFAULT NULL,
  `updatedby` varchar(50) DEFAULT NULL,
  `status` int DEFAULT '1',
  PRIMARY KEY (`idruang`) USING BTREE,
  KEY `is_active` (`is_active`) USING BTREE,
  KEY `status` (`status`) USING BTREE,
  KEY `nama_urusan` (`nama_ruang`) USING BTREE
) ENGINE=InnoDB AUTO_INCREMENT=109 DEFAULT CHARSET=utf8mb4 COLLATE=utf8mb4_0900_ai_ci ROW_FORMAT=DYNAMIC;

-- Dumping data for table noval.ruang: ~108 rows (approximately)
INSERT INTO `ruang` (`idruang`, `nama_ruang`, `is_active`, `created`, `createdby`, `updated`, `updatedby`, `status`) VALUES
	(1, 'ruang petugas city scan', 1, '2025-08-26 10:08:26', 'superadmin', '2025-08-26 11:22:38', 'superadmin', 1),
	(2, 'ruang city scan', 1, '2025-08-26 10:08:39', 'superadmin', '2025-08-26 11:22:18', 'superadmin', 1),
	(3, 'ruang panel city secan ', 1, '2025-08-26 10:10:23', 'superadmin', '2025-08-26 11:21:57', 'superadmin', 1),
	(4, 'ruang server', 1, '2025-08-26 10:11:01', 'superadmin', '2025-08-26 11:21:30', 'superadmin', 1),
	(5, 'ruang IT', 1, '2025-08-26 10:11:20', 'superadmin', '2025-08-26 11:21:12', 'superadmin', 1),
	(6, 'Ruang x-ray 2', 1, '2025-08-26 10:11:37', 'superadmin', '2025-08-26 11:11:55', 'superadmin', 1),
	(7, 'Ruang x-ray 1', 1, '2025-08-26 10:11:47', 'superadmin', '2025-08-26 11:11:07', 'superadmin', 1),
	(8, 'Gudang radiologi', 1, '2025-08-26 10:12:00', 'superadmin', '2025-08-26 11:10:40', 'superadmin', 1),
	(9, 'Operator', 1, '2025-08-26 10:12:13', 'superadmin', '2025-08-26 11:09:59', 'superadmin', 1),
	(10, 'alat panometic', 1, '2025-08-26 10:12:27', 'superadmin', '2025-08-26 11:09:06', 'superadmin', 1),
	(11, 'usg', 1, '2025-08-26 10:13:07', 'superadmin', '2025-08-26 11:06:26', 'superadmin', 1),
	(12, 'ortotik prostetik', 1, '2025-08-26 10:13:18', 'superadmin', '2025-08-26 11:05:21', 'superadmin', 1),
	(13, '3D printing', 1, '2025-08-26 10:13:30', 'superadmin', '2025-08-26 11:05:47', 'superadmin', 1),
	(14, 'UKM', 1, '2025-08-26 10:31:23', 'superadmin', '2025-08-26 11:04:38', 'superadmin', 0),
	(15, 'Komite medis', 1, '2025-08-26 11:23:05', 'superadmin', '2025-08-26 11:23:05', 'superadmin', 1),
	(16, 'Pendaftaran', 1, '2025-08-26 11:23:17', 'superadmin', '2025-08-26 11:23:17', 'superadmin', 1),
	(17, 'Poli 1', 1, '2025-08-26 11:39:07', 'superadmin', '2025-08-26 11:39:07', 'superadmin', 1),
	(18, 'Poli 2', 1, '2025-08-26 11:39:51', 'superadmin', '2025-08-26 11:39:51', 'superadmin', 1),
	(19, 'Poli 3', 1, '2025-08-26 11:40:04', 'superadmin', '2025-08-26 11:40:04', 'superadmin', 1),
	(20, 'Poli 4', 1, '2025-08-26 11:40:16', 'superadmin', '2025-08-26 11:40:16', 'superadmin', 1),
	(21, 'Poli 5', 1, '2025-08-26 11:40:31', 'superadmin', '2025-08-26 11:40:31', 'superadmin', 1),
	(22, 'Poli 6', 1, '2025-08-26 11:40:44', 'superadmin', '2025-08-26 11:40:44', 'superadmin', 1),
	(23, 'Rekamedis', 1, '2025-08-26 11:41:16', 'superadmin', '2025-08-26 11:41:16', 'superadmin', 1),
	(24, 'Ruang apotik RJ 1', 1, '2025-08-26 11:41:24', 'superadmin', '2025-08-26 11:41:24', 'superadmin', 1),
	(25, 'Rauang apotik RJ 2', 1, '2025-08-26 11:41:39', 'superadmin', '2025-08-26 11:41:39', 'superadmin', 1),
	(26, 'Gudang farmasi 1 ( LT 2)', 1, '2025-08-26 11:41:51', 'superadmin', '2025-08-26 11:41:51', 'superadmin', 1),
	(27, 'Gudang farmasi 2 ( LT 2)', 1, '2025-08-26 11:42:02', 'superadmin', '2025-08-26 11:42:02', 'superadmin', 1),
	(28, 'Ruang klaim BPJS', 1, '2025-08-26 12:06:44', 'superadmin', '2025-08-26 12:06:44', 'superadmin', 1),
	(29, 'Ruang dokter', 1, '2025-08-26 12:07:01', 'superadmin', '2025-08-26 12:07:01', 'superadmin', 1),
	(30, 'Ruang pasien', 1, '2025-08-26 12:07:12', 'superadmin', '2025-08-26 12:07:12', 'superadmin', 1),
	(31, 'Ruang anggrek', 1, '2025-08-26 12:07:55', 'superadmin', '2025-08-26 12:07:55', 'superadmin', 1),
	(32, 'Kantor anggrek ', 1, '2025-08-26 12:08:11', 'superadmin', '2025-08-26 12:08:11', 'superadmin', 1),
	(33, 'Ruang perawat', 1, '2025-08-26 12:10:28', 'superadmin', '2025-08-26 12:10:28', 'superadmin', 1),
	(34, 'Ruang tulip (VIP)', 1, '2025-08-26 12:11:01', 'superadmin', '2025-08-26 12:11:01', 'superadmin', 1),
	(35, 'Ruang  isolasi', 1, '2025-08-26 12:11:32', 'superadmin', '2025-08-26 12:11:32', 'superadmin', 1),
	(36, 'Ruang pasien icu 1', 1, '2025-08-26 12:11:52', 'superadmin', '2025-08-26 12:11:52', 'superadmin', 1),
	(37, 'Ruang pasien icu 2', 1, '2025-08-26 12:12:11', 'superadmin', '2025-08-26 12:12:11', 'superadmin', 1),
	(38, 'Ruang pasien icu 3', 1, '2025-08-26 12:12:31', 'superadmin', '2025-08-26 12:12:31', 'superadmin', 1),
	(39, 'picu 1', 1, '2025-08-26 12:12:44', 'superadmin', '2025-08-26 12:12:44', 'superadmin', 1),
	(40, 'picu 2', 1, '2025-08-26 12:12:53', 'superadmin', '2025-08-26 12:12:53', 'superadmin', 1),
	(41, 'nicu 1', 1, '2025-08-26 12:13:09', 'superadmin', '2025-08-26 12:13:09', 'superadmin', 1),
	(42, 'nicu 2', 1, '2025-08-26 12:13:18', 'superadmin', '2025-08-26 12:13:18', 'superadmin', 1),
	(43, 'Ruang FK( ruang bersalin )', 1, '2025-08-26 12:14:28', 'superadmin', '2025-08-26 12:14:28', 'superadmin', 1),
	(44, 'Ruang HCU', 1, '2025-08-26 12:14:40', 'superadmin', '2025-08-26 12:14:40', 'superadmin', 1),
	(45, 'Ruang dapur', 1, '2025-08-26 12:19:16', 'superadmin', '2025-08-26 12:19:16', 'superadmin', 1),
	(46, 'ruang alat', 1, '2025-08-26 12:20:55', 'superadmin', '2025-08-26 12:20:55', 'superadmin', 1),
	(47, 'ruang penyimpanan baju', 1, '2025-08-26 12:21:15', 'superadmin', '2025-08-26 12:21:15', 'superadmin', 1),
	(48, 'ruang peking ', 1, '2025-08-26 12:21:33', 'superadmin', '2025-08-26 12:21:33', 'superadmin', 1),
	(49, 'Ruang apotik igd', 1, '2025-08-26 12:21:48', 'superadmin', '2025-08-26 12:21:48', 'superadmin', 1),
	(50, 'Ruang pendaftaran', 1, '2025-08-26 12:21:58', 'superadmin', '2025-08-26 12:21:58', 'superadmin', 1),
	(51, 'Ruang tindakan', 1, '2025-08-26 12:22:09', 'superadmin', '2025-08-26 12:22:09', 'superadmin', 1),
	(52, 'Gudang Apotik IGD ', 1, '2025-08-26 12:22:30', 'superadmin', '2025-08-26 12:22:30', 'superadmin', 1),
	(53, 'ruang petugas Igd ', 1, '2025-08-26 12:22:42', 'superadmin', '2025-08-26 12:22:42', 'superadmin', 1),
	(54, 'Gudang Farmasi Igd', 1, '2025-08-26 12:23:11', 'superadmin', '2025-08-26 12:23:11', 'superadmin', 1),
	(55, 'Gudang Obat Igd Sbleh Life ', 1, '2025-08-26 12:23:23', 'superadmin', '2025-08-26 12:23:23', 'superadmin', 1),
	(56, 'ruang transit igd', 1, '2025-08-26 12:23:33', 'superadmin', '2025-08-26 12:23:33', 'superadmin', 1),
	(57, 'poli anak', 1, '2025-08-26 12:23:52', 'superadmin', '2025-08-26 12:23:52', 'superadmin', 1),
	(58, 'poli mata', 1, '2025-08-26 12:43:12', 'superadmin', '2025-08-26 12:43:12', 'superadmin', 1),
	(59, 'Urologi', 1, '2025-08-26 12:44:54', 'superadmin', '2025-08-26 12:44:54', 'superadmin', 1),
	(60, 'Orthopedic', 1, '2025-08-26 12:45:16', 'superadmin', '2025-08-26 12:45:16', 'superadmin', 1),
	(61, 'Fisiotherapi', 1, '2025-08-26 12:45:34', 'superadmin', '2025-08-26 12:45:34', 'superadmin', 1),
	(62, 'THT', 1, '2025-08-26 12:45:48', 'superadmin', '2025-08-26 12:45:48', 'superadmin', 1),
	(63, 'Kebidanan dan kandungan', 1, '2025-08-26 12:46:19', 'superadmin', '2025-08-26 12:46:19', 'superadmin', 1),
	(64, 'Keuangan LT 3', 1, '2025-08-26 12:47:28', 'superadmin', '2025-08-26 12:51:36', 'superadmin', 1),
	(65, 'KA KTU', 1, '2025-08-26 12:52:10', 'superadmin', '2025-08-26 12:52:10', 'superadmin', 1),
	(66, 'pengadaan', 1, '2025-08-26 12:52:23', 'superadmin', '2025-08-26 12:52:23', 'superadmin', 1),
	(67, 'Direktur LT 1', 1, '2025-08-26 12:52:37', 'superadmin', '2025-08-26 12:52:37', 'superadmin', 1),
	(68, 'Yanmet LT 1', 1, '2025-08-26 12:52:58', 'superadmin', '2025-08-26 12:52:58', 'superadmin', 1),
	(69, 'sekertariat', 1, '2025-08-26 12:53:09', 'superadmin', '2025-08-26 12:53:09', 'superadmin', 1),
	(70, 'Gudang 2', 1, '2025-08-26 12:54:08', 'superadmin', '2025-08-26 12:54:08', 'superadmin', 1),
	(71, 'ruang reagen laboratorium', 1, '2025-08-26 12:55:25', 'superadmin', '2025-08-26 12:55:25', 'superadmin', 1),
	(72, 'ruang imun', 1, '2025-08-26 12:55:42', 'superadmin', '2025-08-26 12:55:42', 'superadmin', 1),
	(73, 'ruang analisa petugas ', 1, '2025-08-26 12:56:03', 'superadmin', '2025-08-26 12:56:03', 'superadmin', 1),
	(74, 'ruang pendaftaran petugas', 1, '2025-08-26 12:57:38', 'superadmin', '2025-08-26 12:59:03', 'superadmin', 1),
	(75, 'ruang sampling', 1, '2025-08-26 12:59:54', 'superadmin', '2025-08-26 12:59:54', 'superadmin', 1),
	(76, 'ruang operator lt 3', 1, '2025-08-26 13:00:16', 'superadmin', '2025-08-26 13:00:16', 'superadmin', 1),
	(77, 'ruang DM', 1, '2025-08-26 13:01:08', 'superadmin', '2025-08-26 13:01:08', 'superadmin', 1),
	(78, 'Informasi ', 1, '2025-08-26 13:01:21', 'superadmin', '2025-08-26 13:01:21', 'superadmin', 1),
	(79, 'Atem ', 1, '2025-08-26 13:01:39', 'superadmin', '2025-08-26 13:01:39', 'superadmin', 1),
	(80, 'OK 2', 1, '2025-08-26 13:01:49', 'superadmin', '2025-08-26 13:01:49', 'superadmin', 1),
	(81, 'OK 3', 1, '2025-08-26 13:02:00', 'superadmin', '2025-08-26 13:02:00', 'superadmin', 1),
	(82, 'PLN', 1, '2025-08-26 13:02:26', 'superadmin', '2025-08-26 13:02:26', 'superadmin', 1),
	(83, 'Gudang', 1, '2025-08-28 14:19:20', 'superadmin', '2025-08-28 14:19:20', 'superadmin', 1),
	(84, 'apotik RJ 1', 1, '2025-08-28 14:21:52', 'superadmin', '2025-08-28 14:21:52', 'superadmin', 1),
	(85, 'apotik RJ 2', 1, '2025-08-28 14:24:58', 'superadmin', '2025-08-28 14:24:58', 'superadmin', 1),
	(86, 'Ruang obat', 1, '2025-08-28 14:30:05', 'superadmin', '2025-08-28 14:30:05', 'superadmin', 1),
	(87, 'ruang kamar rawat 1', 1, '2025-08-28 14:31:09', 'superadmin', '2025-08-28 14:31:09', 'superadmin', 1),
	(88, 'ruang kamar rawat 2', 1, '2025-08-28 14:31:28', 'superadmin', '2025-08-28 14:31:28', 'superadmin', 1),
	(89, 'Ruang kamar rawat 2', 1, '2025-08-28 14:33:14', 'superadmin', '2025-08-28 14:33:29', 'superadmin', 0),
	(90, 'ruang kamar no 35', 1, '2025-08-28 14:33:44', 'superadmin', '2025-08-28 14:33:44', 'superadmin', 1),
	(91, 'Ruang FK( ruang bersalin )', 1, '2025-08-28 14:35:24', 'superadmin', '2025-08-28 14:35:24', 'superadmin', 1),
	(92, 'Koridor (rauang tunggu)', 1, '2025-08-28 14:37:27', 'superadmin', '2025-08-28 14:37:27', 'superadmin', 1),
	(93, 'Ruang koridor', 1, '2025-08-28 14:37:48', 'superadmin', '2025-08-28 14:37:48', 'superadmin', 1),
	(94, 'Ruang tunggu apotik igd', 1, '2025-08-28 14:37:59', 'superadmin', '2025-08-28 14:37:59', 'superadmin', 1),
	(95, 'Kepegawaian LT 2', 1, '2025-08-28 14:38:19', 'superadmin', '2025-08-28 14:38:19', 'superadmin', 1),
	(96, 'Ruang analisa', 1, '2025-08-28 14:38:46', 'superadmin', '2025-08-28 14:38:46', 'superadmin', 1),
	(97, 'Ruang pertemuan lt 3', 1, '2025-08-28 14:39:11', 'superadmin', '2025-08-28 14:39:11', 'superadmin', 1),
	(98, 'icu', 1, '2025-09-10 07:47:26', 'superadmin', '2025-09-10 07:47:26', 'superadmin', 1),
	(99, 'OK', 1, '2025-09-10 07:50:28', 'superadmin', '2025-09-10 07:50:28', 'superadmin', 1),
	(100, 'radiologi', 1, '2025-09-10 07:51:00', 'superadmin', '2025-09-10 07:51:00', 'superadmin', 1),
	(101, 'RIK', 1, '2025-09-10 07:51:44', 'superadmin', '2025-09-10 07:51:44', 'superadmin', 1),
	(102, 'cssd', 1, '2025-09-10 07:53:30', 'superadmin', '2025-09-10 07:53:30', 'superadmin', 1),
	(103, 'IGD', 1, '2025-09-10 07:54:30', 'superadmin', '2025-09-10 07:54:30', 'superadmin', 1),
	(104, 'melati', 1, '2025-09-10 07:54:47', 'superadmin', '2025-09-10 07:54:47', 'superadmin', 1),
	(105, 'teratai', 1, '2025-09-10 08:17:54', 'superadmin', '2025-09-10 08:17:54', 'superadmin', 1),
	(106, 'wijaya kusuma', 1, '2025-09-10 08:18:27', 'superadmin', '2025-09-10 08:18:27', 'superadmin', 1),
	(107, 'sakura', 1, '2025-09-10 08:18:40', 'superadmin', '2025-09-10 08:18:40', 'superadmin', 1),
	(108, 'laboratorium', 1, '2025-09-10 08:55:01', 'superadmin', '2025-09-10 08:55:01', 'superadmin', 1);

-- Dumping structure for table noval.satuan
CREATE TABLE IF NOT EXISTS `satuan` (
  `idsatuan` int NOT NULL AUTO_INCREMENT,
  `nama_satuan` varchar(200) DEFAULT NULL,
  `is_active` int DEFAULT '1',
  `created` datetime DEFAULT NULL,
  `createdby` varchar(50) DEFAULT NULL,
  `updated` datetime DEFAULT NULL,
  `updatedby` varchar(50) DEFAULT NULL,
  `status` int DEFAULT '1',
  PRIMARY KEY (`idsatuan`) USING BTREE,
  KEY `is_active` (`is_active`) USING BTREE,
  KEY `status` (`status`) USING BTREE,
  KEY `nama_urusan` (`nama_satuan`) USING BTREE
) ENGINE=InnoDB AUTO_INCREMENT=45 DEFAULT CHARSET=utf8mb4 COLLATE=utf8mb4_0900_ai_ci ROW_FORMAT=DYNAMIC;

-- Dumping data for table noval.satuan: ~44 rows (approximately)
INSERT INTO `satuan` (`idsatuan`, `nama_satuan`, `is_active`, `created`, `createdby`, `updated`, `updatedby`, `status`) VALUES
	(1, 'Unit', 1, '2025-08-25 09:20:29', 'superadmin', '2025-09-09 14:31:42', 'superadmin', 0),
	(2, 'ob', 1, '2025-08-25 09:55:04', 'superadmin', '2025-08-25 09:55:04', 'superadmin', 1),
	(3, 'ok', 1, '2025-08-25 14:54:23', 'superadmin', '2025-08-25 14:54:23', 'superadmin', 1),
	(4, 'LS', 1, '2025-08-25 14:54:39', 'superadmin', '2025-08-25 14:54:39', 'superadmin', 1),
	(5, 'pasien', 1, '2025-08-25 14:55:31', 'superadmin', '2025-08-25 14:55:31', 'superadmin', 1),
	(6, 'org', 1, '2025-08-25 14:55:54', 'superadmin', '2025-08-25 14:55:54', 'superadmin', 1),
	(7, 'bh', 1, '2025-08-25 14:56:19', 'superadmin', '2025-08-26 08:12:36', 'superadmin', 0),
	(8, 'pak', 1, '2025-08-25 14:56:39', 'superadmin', '2025-08-25 14:56:39', 'superadmin', 1),
	(9, 'kali', 1, '2025-08-25 14:58:40', 'superadmin', '2025-08-25 14:58:40', 'superadmin', 1),
	(10, 'pcs', 1, '2025-08-25 14:59:01', 'superadmin', '2025-08-25 14:59:01', 'superadmin', 1),
	(11, 'oh', 1, '2025-08-25 14:59:19', 'superadmin', '2025-08-25 14:59:19', 'superadmin', 1),
	(12, 'unit', 1, '2025-08-25 15:00:06', 'superadmin', '2025-08-25 15:00:06', 'superadmin', 1),
	(13, 'set', 1, '2025-08-25 15:00:24', 'superadmin', '2025-08-25 15:00:24', 'superadmin', 1),
	(14, 'dus', 1, '2025-08-25 15:00:45', 'superadmin', '2025-08-25 15:00:45', 'superadmin', 1),
	(15, 'Paket', 1, '2025-08-25 15:01:02', 'superadmin', '2025-08-25 15:01:02', 'superadmin', 1),
	(16, 'box', 1, '2025-08-25 15:01:18', 'superadmin', '2025-08-25 15:01:18', 'superadmin', 1),
	(17, 'Pt', 1, '2025-08-25 15:01:48', 'superadmin', '2025-08-25 15:01:48', 'superadmin', 1),
	(18, 'unit', 1, '2025-08-25 15:02:17', 'superadmin', '2025-08-25 15:02:17', 'superadmin', 1),
	(19, 'oj', 1, '2025-08-25 15:02:53', 'superadmin', '2025-08-25 15:02:53', 'superadmin', 1),
	(20, 'keg', 1, '2025-08-25 15:03:40', 'superadmin', '2025-08-25 15:03:40', 'superadmin', 1),
	(21, 'Orang', 1, '2025-08-25 15:04:06', 'superadmin', '2025-08-25 15:04:06', 'superadmin', 1),
	(22, 'Buah', 1, '2025-08-25 15:04:48', 'superadmin', '2025-08-25 15:04:48', 'superadmin', 1),
	(23, 'roll', 1, '2025-08-25 15:07:28', 'superadmin', '2025-08-25 15:07:28', 'superadmin', 1),
	(24, 'Lonjor', 1, '2025-08-25 15:08:53', 'superadmin', '2025-08-25 15:08:53', 'superadmin', 1),
	(25, 'meter', 1, '2025-08-25 15:09:11', 'superadmin', '2025-08-25 15:09:11', 'superadmin', 1),
	(26, 'titik', 1, '2025-08-25 15:11:36', 'superadmin', '2025-08-25 15:11:36', 'superadmin', 1),
	(27, 'Pieces', 1, '2025-08-25 15:13:13', 'superadmin', '2025-08-25 15:13:13', 'superadmin', 1),
	(28, 'bendel', 1, '2025-08-25 15:13:49', 'superadmin', '2025-08-25 15:13:49', 'superadmin', 1),
	(29, 'botol', 1, '2025-08-25 15:14:43', 'superadmin', '2025-08-25 15:14:43', 'superadmin', 1),
	(30, 'lembar', 1, '2025-08-25 15:15:24', 'superadmin', '2025-08-25 15:15:24', 'superadmin', 1),
	(31, 'buku', 1, '2025-08-25 15:15:44', 'superadmin', '2025-08-25 15:15:44', 'superadmin', 1),
	(32, 'org/hari', 1, '2025-08-25 15:17:01', 'superadmin', '2025-08-25 15:17:01', 'superadmin', 1),
	(33, 'lokasi', 1, '2025-08-25 15:17:25', 'superadmin', '2025-08-25 15:17:25', 'superadmin', 1),
	(34, 'ruang', 1, '2025-08-25 15:17:38', 'superadmin', '2025-08-25 15:17:38', 'superadmin', 1),
	(35, 'pail', 1, '2025-08-25 15:18:22', 'superadmin', '2025-08-25 15:18:22', 'superadmin', 1),
	(36, 'jurigen', 1, '2025-08-25 15:18:38', 'superadmin', '2025-08-25 15:18:38', 'superadmin', 1),
	(37, 'kg', 1, '2025-08-25 15:18:55', 'superadmin', '2025-08-25 15:18:55', 'superadmin', 1),
	(38, 'bks', 1, '2025-08-25 15:21:05', 'superadmin', '2025-08-25 15:21:05', 'superadmin', 1),
	(39, 'hari perawatan', 1, '2025-08-25 15:21:27', 'superadmin', '2025-08-25 15:21:27', 'superadmin', 1),
	(40, 'tahun', 1, '2025-08-25 15:22:28', 'superadmin', '2025-08-25 15:22:28', 'superadmin', 1),
	(41, 'ampul', 1, '2025-08-25 15:22:51', 'superadmin', '2025-08-25 15:22:51', 'superadmin', 1),
	(42, 'stel', 1, '2025-08-25 15:23:22', 'superadmin', '2025-08-25 15:23:22', 'superadmin', 1),
	(43, 'dokumen', 1, '2025-08-25 15:24:01', 'superadmin', '2025-08-25 15:24:01', 'superadmin', 1),
	(44, ' rim', 1, '2025-08-25 15:24:54', 'superadmin', '2025-08-25 15:24:54', 'superadmin', 1);

-- Dumping structure for table noval.sub_kategori
CREATE TABLE IF NOT EXISTS `sub_kategori` (
  `idsub_kategori` int NOT NULL AUTO_INCREMENT,
  `nama_sub_kategori` varchar(200) DEFAULT NULL,
  `idsumber_dana` int DEFAULT NULL,
  `idkode_rekening` int DEFAULT NULL,
  `is_gender` varchar(200) DEFAULT NULL COMMENT '0 : tidak wajib isi gender; 1: wajib isi gender',
  `is_description` varchar(200) DEFAULT NULL COMMENT '0 : tidak wajib isi keterangan; 1: wajib isi keterangan',
  `is_room` varchar(200) DEFAULT NULL COMMENT '0 : tidak wajib isi ruang; 1: wajib isi ruang',
  `is_name_training` varchar(200) DEFAULT NULL COMMENT '0 : tidak wajib isi nama diklat; 1: wajib isi nama diklat',
  `is_active` int DEFAULT '1',
  `created` datetime DEFAULT NULL,
  `createdby` varchar(50) DEFAULT NULL,
  `updated` datetime DEFAULT NULL,
  `updatedby` varchar(50) DEFAULT NULL,
  `status` int DEFAULT '1',
  PRIMARY KEY (`idsub_kategori`) USING BTREE,
  KEY `is_active` (`is_active`) USING BTREE,
  KEY `status` (`status`) USING BTREE,
  KEY `nama_urusan` (`nama_sub_kategori`) USING BTREE,
  KEY `is_gender` (`is_gender`),
  KEY `idsumber_dana` (`idsumber_dana`),
  KEY `idkode_rekening` (`idkode_rekening`)
) ENGINE=InnoDB AUTO_INCREMENT=1215 DEFAULT CHARSET=utf8mb4 COLLATE=utf8mb4_0900_ai_ci ROW_FORMAT=DYNAMIC;

-- Dumping data for table noval.sub_kategori: ~1.214 rows (approximately)
INSERT INTO `sub_kategori` (`idsub_kategori`, `nama_sub_kategori`, `idsumber_dana`, `idkode_rekening`, `is_gender`, `is_description`, `is_room`, `is_name_training`, `is_active`, `created`, `createdby`, `updated`, `updatedby`, `status`) VALUES
	(1, 'Bed 3 Crank Elektrik', 4, 3, '0', '0', '0', '0', 1, '2025-08-25 09:17:30', 'superadmin', '2025-09-04 11:53:36', 'superadmin', 1),
	(2, 'Pejabat Pengadaan (2 orang x 12 bulan)', 1, 10, '1', '0', '0', '0', 1, '2025-08-25 09:53:43', 'superadmin', '2025-09-10 16:14:12', 'superadmin', 1),
	(3, 'Kuasa Pengguna Anggaran (1 orang x 12 bulan)', 1, 9, '1', '0', '0', '0', 1, '2025-08-25 14:05:05', 'superadmin', '2025-09-10 16:14:39', 'superadmin', 1),
	(4, 'Pejabat Pembuat Komitmen (1 orang x 12 bulan)', 1, 9, '1', '0', '0', '0', 1, '2025-08-25 14:07:48', 'superadmin', '2025-09-10 16:14:50', 'superadmin', 1),
	(5, 'Ketua Tim Teknis (2 orang x 12 bulan)', 1, 9, '1', '0', '0', '0', 1, '2025-08-25 14:08:42', 'superadmin', '2025-09-10 16:15:01', 'superadmin', 1),
	(6, 'Sekretaris Tim Teknis (2 orang x 12 bulan)', 1, 9, '1', '0', '0', '0', 1, '2025-08-25 14:10:06', 'superadmin', '2025-09-10 16:15:35', 'superadmin', 1),
	(7, 'Anggota Tim Teknis (2 orang x 12 bulan)', 1, 9, '1', '0', '0', '0', 1, '2025-08-25 14:10:36', 'superadmin', '2025-09-10 16:15:49', 'superadmin', 1),
	(8, 'Ketua (1 org x 8 bulan)', 1, 31, '1', '0', '0', '0', 1, '2025-08-25 14:11:31', 'superadmin', '2025-09-10 16:16:24', 'superadmin', 1),
	(9, 'Seketaris (1 org x 8 bulan)', 1, 31, '1', '0', '0', '0', 1, '2025-08-25 14:13:06', 'superadmin', '2025-09-10 16:16:48', 'superadmin', 1),
	(10, 'Anggota (2 org x 8 bulan)', 1, 31, '1', '0', '0', '0', 1, '2025-08-25 14:13:28', 'superadmin', '2025-09-10 16:17:09', 'superadmin', 1),
	(11, 'Nasi Kotak (20 org x 8 kl)', 1, 25, '1', '0', '0', '0', 1, '2025-08-25 14:13:58', 'superadmin', '2025-09-10 16:18:24', 'superadmin', 1),
	(12, 'Kue Kotak (20 org x 8 kl)', 1, 25, '1', '0', '0', '0', 1, '2025-08-25 14:14:44', 'superadmin', '2025-09-10 16:18:36', 'superadmin', 1),
	(13, 'Uang harian Dewan Pengawas BLUD (1 org x 8 kali)', 1, 84, '1', '0', '0', '0', 1, '2025-08-25 14:15:05', 'superadmin', '2025-09-10 16:19:23', 'superadmin', 1),
	(14, 'Biaya Transport Dewan Pengawas BLUD (1 org x 8 kali)', 1, 84, '1', '0', '0', '0', 1, '2025-08-25 14:15:28', 'superadmin', '2025-09-10 16:19:34', 'superadmin', 1),
	(15, 'Paket Pengiriman', 1, 50, '1', '0', '0', '0', 1, '2025-08-25 14:16:49', 'superadmin', '2025-09-10 16:20:38', 'superadmin', 1),
	(16, 'Pengantaran Obat Pasien (10 pasien x 22 hari x 12 bln)', 1, 50, '1', '0', '0', '0', 1, '2025-08-25 14:19:29', 'superadmin', '2025-09-10 16:21:26', 'superadmin', 1),
	(17, 'Uang harian (2 org x 1 hari x 12 lokasi)', 1, 84, '1', '0', '0', '0', 1, '2025-08-25 14:20:07', 'superadmin', '2025-09-10 16:22:25', 'superadmin', 1),
	(18, 'Biaya transport (2 orang x 12 lokasi)', 1, 84, '1', '0', '0', '0', 1, '2025-08-25 14:27:51', 'superadmin', '2025-09-10 16:22:35', 'superadmin', 1),
	(19, 'Golongan DIII (8 Org x 12 bulan)', 1, 32, '1', '0', '0', '0', 1, '2025-08-25 14:29:18', 'superadmin', '2025-09-10 16:23:37', 'superadmin', 1),
	(20, 'Golongan DIV / S 1  (13 Org x 12 bulan)', 1, 32, '1', '0', '0', '0', 1, '2025-08-25 14:29:59', 'superadmin', '2025-09-10 16:23:53', 'superadmin', 1),
	(21, 'Golongan DIV / S 2  (2 Org x 12 bulan)', 1, NULL, '1', '0', '0', '0', 1, '2025-08-25 14:30:54', 'superadmin', '2025-09-08 08:28:11', 'superadmin', 1),
	(22, 'Golongan DIII (8 Org x 1 bulan)', 1, NULL, '1', '0', '0', '0', 1, '2025-08-25 14:31:29', 'superadmin', '2025-09-08 08:28:18', 'superadmin', 1),
	(23, 'Golongan DIV / S 1  (13 Org x 1 bulan)', 1, NULL, '1', '0', '0', '0', 1, '2025-08-25 14:34:08', 'superadmin', '2025-09-08 08:28:24', 'superadmin', 1),
	(24, 'Golongan DIV / S 2  (2 Org x 1 bulan)', 1, NULL, '1', '0', '0', '0', 1, '2025-08-25 14:34:27', 'superadmin', '2025-09-08 08:28:30', 'superadmin', 1),
	(25, 'Honor Tambahan 23 orang x Rp. 1.200.000', 1, NULL, '1', '0', '0', '0', 1, '2025-08-25 14:34:55', 'superadmin', '2025-09-08 08:28:36', 'superadmin', 1),
	(26, 'Golongan SMA (44 Org x 12 bulan)', 1, NULL, '1', '0', '0', '0', 1, '2025-08-25 14:36:02', 'superadmin', '2025-09-08 08:28:41', 'superadmin', 1),
	(27, 'Golongan DIII (4 Org x 12 bulan)', 1, NULL, '1', '0', '0', '0', 1, '2025-08-25 14:36:23', 'superadmin', '2025-09-08 08:28:46', 'superadmin', 1),
	(28, 'Golongan DIV / S 1  (13 Org x 12 bulan)', 1, NULL, '1', '0', '0', '0', 1, '2025-08-25 14:36:47', 'superadmin', '2025-09-08 08:28:51', 'superadmin', 1),
	(29, 'Golongan SMA (44 Org x 1 bulan)', 1, NULL, '1', '0', '0', '0', 1, '2025-08-25 14:37:10', 'superadmin', '2025-09-08 08:28:56', 'superadmin', 1),
	(30, 'Golongan DIII (4 Org x 1 bulan)', 1, NULL, '1', '0', '0', '0', 1, '2025-08-25 14:37:31', 'superadmin', '2025-09-08 08:29:03', 'superadmin', 1),
	(31, 'Golongan DIV / S 1  (13 Org x 1 bulan)', 1, NULL, '1', '0', '0', '0', 1, '2025-08-25 14:37:49', 'superadmin', '2025-09-08 08:29:10', 'superadmin', 1),
	(32, 'Honor Tambahan 61 orang x Rp. 1.200.000 ', 1, NULL, '1', '0', '0', '0', 1, '2025-08-25 14:38:19', 'superadmin', '2025-09-08 08:31:54', 'superadmin', 1),
	(33, 'Iuran BPJS  ketenagakerjaan (JKK) untuk PTT-PK (84 org x 12 bulan)', 1, NULL, '1', '0', '0', '0', 1, '2025-08-25 14:38:41', 'superadmin', '2025-09-08 08:32:00', 'superadmin', 1),
	(34, 'Iuran BPJS  Ketenagakerjaan (JKM) untuk PTT-PK (84 org x 12 bulan)', 1, NULL, '1', '0', '0', '0', 1, '2025-08-25 14:39:03', 'superadmin', '2025-09-08 08:32:05', 'superadmin', 1),
	(35, 'Iuran BPJS Kesehatan untuk PTT-PK (84 org x 12 bulan)', 1, NULL, '1', '0', '0', '0', 1, '2025-08-25 14:39:21', 'superadmin', '2025-09-08 08:32:11', 'superadmin', 1),
	(36, 'Iuran BPJS  Ketenagakerjaan (JP) untuk PTT-PK (84 org x 12 bulan)', 1, NULL, '1', '0', '0', '0', 1, '2025-08-25 14:39:38', 'superadmin', '2025-09-08 08:32:15', 'superadmin', 1),
	(37, 'Iuran BPJS Ketenagakerjaan (JHT) untuk PTT-PK (84 org x 12 bulan) ', 1, NULL, '1', '0', '0', '0', 1, '2025-08-25 15:09:10', 'superadmin', '2025-09-08 08:32:20', 'superadmin', 1),
	(38, 'Nasi Kotak Kunjungan Tamu Kedinasan (10 org x 1 hari x 50 kali)', 1, 25, '1', '0', '0', '0', 1, '2025-08-25 15:09:41', 'superadmin', '2025-09-11 08:52:04', 'superadmin', 1),
	(39, 'Kue Kotak Kunjungan Tamu Kedinasan (10 org x 1 hari x 50 kali)', 1, 25, '1', '0', '0', '0', 1, '2025-08-25 15:09:59', 'superadmin', '2025-09-11 08:58:14', 'superadmin', 1),
	(40, 'Kue kotak u/ peserta, panitia & penyuluh pkrs (40 org x 24 kali)', 1, 25, '1', '0', '0', '0', 1, '2025-08-25 15:12:39', 'superadmin', '2025-09-11 08:57:57', 'superadmin', 1),
	(41, 'Nasi kotak u/ rapat evaluasi (15 org x 2 kali)', 1, 25, '1', '0', '0', '0', 1, '2025-08-25 15:12:58', 'superadmin', '2025-09-11 08:51:57', 'superadmin', 1),
	(42, 'Poster', NULL, NULL, '1', '0', '0', '0', 1, '2025-08-25 15:13:17', 'superadmin', '2025-09-01 08:09:39', 'superadmin', 0),
	(43, 'Leaflet', 1, NULL, '0', '0', '0', '0', 1, '2025-08-25 15:13:35', 'superadmin', '2025-09-08 08:33:17', 'superadmin', 1),
	(44, 'Banner', NULL, NULL, '1', '0', '0', '0', 1, '2025-08-25 15:15:32', 'superadmin', '2025-09-01 08:09:18', 'superadmin', 0),
	(45, 'Tali Tampar', 1, NULL, '0', '0', '0', '0', 1, '2025-08-25 15:15:49', 'superadmin', '2025-09-08 08:33:26', 'superadmin', 1),
	(46, 'Kabel Ties', NULL, NULL, '1', '0', '0', '0', 1, '2025-08-25 15:17:05', 'superadmin', '2025-09-01 08:13:03', 'superadmin', 0),
	(47, 'Canva Pro Berlangganan', 1, NULL, '0', '0', '0', '0', 1, '2025-08-25 15:17:23', 'superadmin', '2025-09-08 08:33:32', 'superadmin', 1),
	(48, 'Kartu nama customer care', 1, NULL, '0', '0', '0', '0', 1, '2025-08-25 15:17:42', 'superadmin', '2025-09-08 08:34:08', 'superadmin', 1),
	(49, 'Flasdisk 32gb', NULL, NULL, '0', '0', '0', '0', 1, '2025-08-25 15:18:23', 'superadmin', '2025-09-01 08:15:34', 'superadmin', 0),
	(50, 'Stiker Oneway', 1, NULL, '0', '0', '0', '0', 1, '2025-08-25 15:18:39', 'superadmin', '2025-09-08 08:34:02', 'superadmin', 1),
	(51, 'Iklan Media Cetak 1/4 Halaman', 1, NULL, '0', '0', '0', '0', 1, '2025-08-25 15:20:22', 'superadmin', '2025-09-08 08:33:40', 'superadmin', 1),
	(52, 'Iklan Media Cetak 1/2 Halaman', 1, NULL, '0', '0', '0', '0', 1, '2025-08-25 15:20:43', 'superadmin', '2025-09-08 08:33:47', 'superadmin', 1),
	(53, 'Adlibs Trafific Hour', 1, NULL, '0', '0', '0', '0', 1, '2025-08-25 15:23:21', 'superadmin', '2025-09-08 08:33:53', 'superadmin', 1),
	(54, 'Uang Transport Perjalanan dinas di dalam kota yang kurang dari 8 (delapan) jam', 1, 85, '1', '0', '0', '0', 1, '2025-08-25 15:23:53', 'superadmin', '2025-09-11 09:08:31', 'superadmin', 1),
	(55, 'Stand Meja Projector Roda', 1, NULL, '0', '0', '0', '0', 1, '2025-08-25 15:24:10', 'superadmin', '2025-09-08 08:35:48', 'superadmin', 1),
	(56, 'Acrilic Poster', 1, 96, '0', '0', '0', '0', 1, '2025-08-25 15:24:26', 'superadmin', '2025-09-10 16:08:41', 'superadmin', 1),
	(57, 'Papan Multiplex', 1, NULL, '0', '0', '0', '0', 1, '2025-08-25 15:24:43', 'superadmin', '2025-09-08 08:35:37', 'superadmin', 1),
	(58, 'TV 85 Inch', 1, NULL, '0', '0', '0', '0', 1, '2025-08-25 15:24:59', 'superadmin', '2025-09-08 08:35:30', 'superadmin', 1),
	(59, 'Standing Breket TV', 1, NULL, '0', '0', '0', '0', 1, '2025-08-25 15:27:08', 'superadmin', '2025-09-08 08:35:25', 'superadmin', 1),
	(60, 'Gaji SPV (2 org x 12 bln)', 1, NULL, '1', '0', '0', '0', 1, '2025-08-25 15:27:34', 'superadmin', '2025-09-08 08:35:19', 'superadmin', 1),
	(61, 'Gaji tenaga pelaksana (33 org x 12 bln)', 1, NULL, '1', '0', '0', '0', 1, '2025-08-25 15:28:00', 'superadmin', '2025-09-08 08:34:51', 'superadmin', 1),
	(62, 'Bahan pakai habis', 1, NULL, '0', '0', '0', '0', 1, '2025-08-25 15:29:40', 'superadmin', '2025-09-08 08:34:34', 'superadmin', 1),
	(63, 'Sewa Peralatan Outsoursing Cleaning Service', 1, NULL, '0', '0', '0', '0', 1, '2025-08-25 15:30:31', 'superadmin', '2025-09-08 08:34:43', 'superadmin', 1),
	(64, 'Gaji Satpam (12 org x 12 bln)', 1, NULL, '1', '0', '0', '0', 1, '2025-08-25 15:34:43', 'superadmin', '2025-09-08 08:35:58', 'superadmin', 1),
	(65, 'Seragam PDH Satpam (Paket)', 1, NULL, '1', '0', '0', '0', 1, '2025-08-25 15:34:58', 'superadmin', '2025-09-08 08:36:04', 'superadmin', 1),
	(66, 'Jas hujan security satpam setelan', 1, NULL, '1', '0', '0', '0', 1, '2025-08-25 15:35:23', 'superadmin', '2025-09-08 08:36:10', 'superadmin', 1),
	(67, 'Kue Kotak (20 org x 58 kali) ', 1, 25, '1', '0', '0', '0', 1, '2025-08-25 15:37:08', 'superadmin', '2025-09-11 08:57:19', 'superadmin', 1),
	(68, 'Nasi Kotak (20 org x 12 kali) ', NULL, NULL, '1', '0', '0', '0', 1, '2025-08-25 15:40:36', 'superadmin', '2025-09-01 08:40:31', 'superadmin', 0),
	(69, 'Kue Kotak (20 org x 12 kali)', NULL, NULL, '1', '0', '0', '0', 1, '2025-08-25 15:41:34', 'superadmin', '2025-09-01 08:54:20', 'superadmin', 0),
	(70, 'Nasi Kotak (10 org x 5 kali)', 1, 25, '1', '0', '0', '0', 1, '2025-08-25 15:42:10', 'superadmin', '2025-09-11 08:51:32', 'superadmin', 1),
	(71, 'Kue Kotak (10 org x 5 kali) ', 1, 25, '1', '0', '0', '0', 1, '2025-08-25 15:42:59', 'superadmin', '2025-09-11 08:57:11', 'superadmin', 1),
	(72, 'Nasi Kotak (30 org x 3 kali)', 1, 25, '1', '0', '0', '0', 1, '2025-08-25 15:43:27', 'superadmin', '2025-09-11 08:51:47', 'superadmin', 1),
	(73, 'Kue Kotak (30 org x 3 kali)', 1, 25, '1', '0', '0', '0', 1, '2025-08-25 15:44:40', 'superadmin', '2025-09-11 08:56:56', 'superadmin', 1),
	(74, 'Nasi Kotak (30 org x 5 kali)', 1, 25, '1', '0', '0', '0', 1, '2025-08-25 15:48:25', 'superadmin', '2025-09-11 08:51:13', 'superadmin', 1),
	(75, 'Kue Kotak (30 org x 5 kali)', 1, 25, '1', '0', '0', '0', 1, '2025-08-25 15:48:44', 'superadmin', '2025-09-11 08:56:44', 'superadmin', 1),
	(76, 'Nasi Kotak (20 org x 12 kali)', 1, 25, '1', '0', '0', '0', 1, '2025-08-25 15:49:02', 'superadmin', '2025-09-11 08:50:41', 'superadmin', 1),
	(77, 'Kue Kotak (20 org x 12 kali)', 1, 25, '1', '0', '0', '0', 1, '2025-08-25 15:49:24', 'superadmin', '2025-09-11 08:56:33', 'superadmin', 1),
	(78, 'Nasi Kotak (36 org x 6 kali)', 1, 25, '1', '0', '0', '0', 1, '2025-08-25 15:50:29', 'superadmin', '2025-09-11 08:50:33', 'superadmin', 1),
	(79, 'Kue Kotak (36 org x 6 kali)', 1, 25, '1', '0', '0', '0', 1, '2025-08-25 15:50:47', 'superadmin', '2025-09-11 08:56:10', 'superadmin', 1),
	(80, 'Nasi Kotak (40 orang x 1 kali)', 1, 25, '1', '0', '0', '0', 1, '2025-08-25 15:51:08', 'superadmin', '2025-09-11 08:50:26', 'superadmin', 1),
	(81, 'Nasi Kotak (25 org x 4 kali)', 1, 25, '1', '0', '0', '0', 1, '2025-08-25 15:52:03', 'superadmin', '2025-09-11 08:50:03', 'superadmin', 1),
	(82, 'Kue Kotak (25 org x 4 kali)', 1, 25, '1', '0', '0', '0', 1, '2025-08-25 15:52:21', 'superadmin', '2025-09-11 08:55:47', 'superadmin', 1),
	(83, 'Kue Kotak (17 orang x 12 kali)', 1, 25, '1', '0', '0', '0', 1, '2025-08-25 15:52:42', 'superadmin', '2025-09-11 08:55:39', 'superadmin', 1),
	(84, 'Kue Kotak (35 orang x 3 kali)', 1, 25, '1', '0', '0', '0', 1, '2025-08-25 15:52:58', 'superadmin', '2025-09-11 08:55:29', 'superadmin', 1),
	(85, 'Kue Kotak (20 orang x 20 kali)', 1, 25, '1', '0', '0', '0', 1, '2025-08-25 15:53:15', 'superadmin', '2025-09-11 08:55:17', 'superadmin', 1),
	(86, 'Nasi Kotak (25 orang x 9 kali)', 1, 25, '1', '0', '0', '0', 1, '2025-08-25 15:53:32', 'superadmin', '2025-09-11 08:49:31', 'superadmin', 1),
	(87, 'Snak u/ senam kebugaran (50 org x 4 minggu x 12 bln)', 1, NULL, '1', '0', '0', '0', 1, '2025-08-25 15:54:38', 'superadmin', '2025-09-08 08:39:25', 'superadmin', 1),
	(88, 'Minuman Showcase u/ Pengunjung Rawat Jalan', 1, NULL, '0', '0', '0', '0', 1, '2025-08-25 15:55:05', 'superadmin', '2025-09-08 08:39:30', 'superadmin', 1),
	(89, 'Nasi Kotak (25 org x 8 kali)', 1, 25, '1', '0', '0', '0', 1, '2025-08-25 15:56:38', 'superadmin', '2025-09-11 08:49:19', 'superadmin', 1),
	(90, 'Kue Kotak (25 org x 15 kali)', 1, 25, '1', '0', '0', '0', 1, '2025-08-25 15:56:55', 'superadmin', '2025-09-11 08:55:03', 'superadmin', 1),
	(91, 'Tagihan telepon', 1, NULL, '0', '0', '0', '0', 1, '2025-08-25 15:59:17', 'superadmin', '2025-09-08 08:39:48', 'superadmin', 1),
	(92, 'Tagihan air', 1, NULL, '0', '0', '0', '0', 1, '2025-08-25 16:00:05', 'superadmin', '2025-09-08 08:39:53', 'superadmin', 1),
	(93, 'Tagihan listrik', 1, NULL, '0', '0', '0', '0', 1, '2025-08-25 16:01:12', 'superadmin', '2025-09-08 08:39:59', 'superadmin', 1),
	(94, 'Tagihan Internet', 1, NULL, '0', '0', '0', '0', 1, '2025-08-25 16:01:33', 'superadmin', '2025-09-08 08:40:05', 'superadmin', 1),
	(95, 'Tagihan Backup Cloud', 1, NULL, '0', '0', '0', '0', 1, '2025-08-25 16:01:50', 'superadmin', '2025-09-08 08:40:10', 'superadmin', 1),
	(96, 'Transport lokal (30 org x 1 kali)', 1, 85, '1', '0', '0', '0', 1, '2025-08-25 16:03:40', 'superadmin', '2025-09-11 09:22:27', 'superadmin', 1),
	(97, 'Paket souvenir', NULL, NULL, '0', '0', '0', '0', 1, '2025-08-25 16:04:28', 'superadmin', '2025-09-01 09:23:40', 'superadmin', 0),
	(98, 'Kue Kotak   (240 org x 1 kali)', 1, 25, '1', '0', '0', '0', 1, '2025-08-25 16:05:56', 'superadmin', '2025-09-11 08:54:48', 'superadmin', 1),
	(99, 'Nasi Kotak  (30 org x 2 kali)', 1, 25, '1', '0', '0', '0', 1, '2025-08-25 16:10:09', 'superadmin', '2025-09-11 08:49:11', 'superadmin', 1),
	(100, 'Tote Bag Kanvas', 1, NULL, '0', '0', '0', '0', 1, '2025-08-25 16:10:31', 'superadmin', '2025-09-08 08:40:36', 'superadmin', 1),
	(101, 'Paket sembako', 1, NULL, '0', '0', '0', '0', 1, '2025-08-25 16:10:58', 'superadmin', '2025-09-08 08:40:42', 'superadmin', 1),
	(102, 'Tumpeng Besar', 1, NULL, '0', '0', '0', '0', 1, '2025-08-25 16:12:27', 'superadmin', '2025-09-08 08:40:47', 'superadmin', 1),
	(103, 'Banner', NULL, NULL, '0', '0', '0', '0', 1, '2025-08-25 16:12:48', 'superadmin', '2025-09-01 08:09:26', 'superadmin', 0),
	(104, 'Sewa Sound system', 1, NULL, '0', '0', '0', '0', 1, '2025-08-25 16:13:06', 'superadmin', '2025-09-08 08:41:31', 'superadmin', 1),
	(105, 'Sewa Panggung', 1, NULL, '0', '0', '0', '0', 1, '2025-08-25 16:13:23', 'superadmin', '2025-09-08 08:41:36', 'superadmin', 1),
	(106, 'Sewa Tenda dan kursi', 1, NULL, '0', '0', '0', '0', 1, '2025-08-25 16:13:40', 'superadmin', '2025-09-08 08:41:41', 'superadmin', 1),
	(107, 'Biaya Transport Lokal', 1, 85, '1', '0', '0', '0', 1, '2025-08-25 16:16:46', 'superadmin', '2025-09-11 09:21:37', 'superadmin', 1),
	(108, 'Kue Kotak  (415 org x 1 kali)', 1, 25, '1', '0', '0', '0', 1, '2025-08-26 08:16:36', 'superadmin', '2025-09-11 08:54:38', 'superadmin', 1),
	(109, 'Pemeliharaan Ventilator', NULL, NULL, '0', '0', '1', '0', 1, '2025-08-26 08:27:04', 'superadmin', '2025-08-28 12:01:32', 'superadmin', 0),
	(110, 'Pemeliharaan C-ARM', 1, NULL, '0', '0', '1', '0', 1, '2025-08-26 08:30:43', 'superadmin', '2025-09-08 08:24:50', 'superadmin', 1),
	(111, 'Pemeliharaan USG', 1, NULL, '0', '0', '1', '0', 1, '2025-08-26 08:31:07', 'superadmin', '2025-09-08 08:24:42', 'superadmin', 1),
	(112, 'Pemeliharaan Pasien Monitor', 1, NULL, '0', '0', '1', '0', 1, '2025-08-26 08:42:08', 'superadmin', '2025-09-08 08:24:37', 'superadmin', 1),
	(113, 'Pemeliharaan Autoclave', 1, NULL, '0', '0', '1', '0', 1, '2025-08-26 08:42:27', 'superadmin', '2025-09-08 08:14:35', 'superadmin', 1),
	(114, 'Pemeliharaan CPAP', 1, NULL, '0', '0', '1', '0', 1, '2025-08-26 08:42:45', 'superadmin', '2025-09-08 08:14:30', 'superadmin', 1),
	(115, 'Pemeliharaan Defibrilator', 1, NULL, '0', '0', '1', '0', 1, '2025-08-26 08:43:44', 'superadmin', '2025-09-08 08:14:25', 'superadmin', 1),
	(116, 'Pemeliharaan ECG', 1, NULL, '0', '0', '1', '0', 1, '2025-08-26 08:44:06', 'superadmin', '2025-09-08 08:14:18', 'superadmin', 1),
	(117, 'Pemeliharaan Infant Warmer', 1, NULL, '0', '0', '1', '0', 1, '2025-08-26 08:44:28', 'superadmin', '2025-09-08 08:14:13', 'superadmin', 1),
	(118, 'Pemeliharaan infuspump', 1, NULL, '0', '0', '1', '0', 1, '2025-08-26 08:45:41', 'superadmin', '2025-09-08 08:14:07', 'superadmin', 1),
	(119, 'Pemeliharaan Foto terapi', 1, NULL, '0', '0', '1', '0', 1, '2025-08-26 08:45:58', 'superadmin', '2025-09-08 08:14:02', 'superadmin', 1),
	(120, 'Pemeliharaan Tens', 1, NULL, '0', '0', '1', '0', 1, '2025-08-26 08:46:14', 'superadmin', '2025-09-08 08:13:57', 'superadmin', 1),
	(121, 'Pemeliharaan Ultrasound terapi', 1, NULL, '0', '0', '1', '0', 1, '2025-08-26 08:46:29', 'superadmin', '2025-09-08 08:12:24', 'superadmin', 1),
	(122, 'Pemeliharaan General X-ray', 1, NULL, '0', '0', '1', '0', 1, '2025-08-26 09:32:36', 'superadmin', '2025-09-08 08:12:16', 'superadmin', 1),
	(123, 'Pemeliharaan Gas Medis', 1, NULL, '0', '0', '1', '0', 1, '2025-08-26 09:32:54', 'superadmin', '2025-09-08 08:12:11', 'superadmin', 1),
	(124, 'Pemeliharaan X Ray Mobile', 1, NULL, '0', '0', '1', '0', 1, '2025-08-26 09:33:11', 'superadmin', '2025-09-08 08:12:06', 'superadmin', 1),
	(125, 'Pemeliharaan Slit Lamp', 1, NULL, '0', '0', '1', '0', 1, '2025-08-26 09:33:28', 'superadmin', '2025-09-08 08:12:01', 'superadmin', 1),
	(126, 'Pemeliharaan Meja Operasi', 1, NULL, '0', '0', '1', '0', 1, '2025-08-26 09:33:45', 'superadmin', '2025-09-08 08:11:53', 'superadmin', 1),
	(127, 'Pemeliharaan anestesi', 1, NULL, '0', '0', '1', '0', 1, '2025-08-26 09:45:28', 'superadmin', '2025-09-08 08:11:44', 'superadmin', 1),
	(128, 'Pemeliharaan USG Obgyn', 1, NULL, '0', '0', '1', '0', 1, '2025-08-26 09:46:04', 'superadmin', '2025-09-08 08:11:36', 'superadmin', 1),
	(129, 'Vital Sign Monitor', 1, NULL, '0', '0', '1', '0', 1, '2025-08-26 09:46:23', 'superadmin', '2025-09-08 08:42:21', 'superadmin', 1),
	(130, 'Pemeliharaan CTG', 1, NULL, '0', '0', '1', '0', 1, '2025-08-26 09:46:43', 'superadmin', '2025-09-08 08:11:31', 'superadmin', 1),
	(131, 'Pemeliharaan Cobas C311', 1, NULL, '0', '0', '1', '0', 1, '2025-08-26 09:46:58', 'superadmin', '2025-09-08 08:11:25', 'superadmin', 1),
	(132, 'Pemeliharaan Ventilator', 1, NULL, '0', '0', '1', '0', 1, '2025-08-26 09:47:14', 'superadmin', '2025-09-08 08:11:20', 'superadmin', 1),
	(133, 'Bongkar pasang AC', 1, NULL, '0', '0', '1', '0', 1, '2025-08-26 09:48:15', 'superadmin', '2025-09-08 08:42:27', 'superadmin', 1),
	(134, 'Pemeliharaan AC cassete', 1, NULL, '0', '0', '1', '0', 1, '2025-08-26 09:48:34', 'superadmin', '2025-09-08 08:11:15', 'superadmin', 1),
	(135, 'Pemeliharaan AC floor standing', 1, NULL, '0', '0', '1', '0', 1, '2025-08-26 09:48:53', 'superadmin', '2025-09-08 08:11:09', 'superadmin', 1),
	(136, 'Pemeliharaan AC split', 1, NULL, '0', '0', '1', '0', 1, '2025-08-26 09:49:09', 'superadmin', '2025-09-08 08:11:04', 'superadmin', 1),
	(137, 'Pemeliharaan AVR 120', 1, NULL, '0', '0', '1', '0', 1, '2025-08-26 09:49:27', 'superadmin', '2025-09-08 08:10:59', 'superadmin', 1),
	(138, 'Pemeliharaan AVR 150', 1, NULL, '0', '0', '1', '0', 1, '2025-08-26 09:49:44', 'superadmin', '2025-09-08 08:10:50', 'superadmin', 1),
	(139, 'Pemeliharaan AVR 250', 1, NULL, '0', '0', '1', '0', 1, '2025-08-26 09:49:59', 'superadmin', '2025-09-08 08:10:45', 'superadmin', 1),
	(140, 'Pemeliharaan genset', 1, NULL, '0', '0', '1', '0', 1, '2025-08-26 09:50:31', 'superadmin', '2025-09-08 08:10:40', 'superadmin', 1),
	(141, 'Pemeliharaan mesin cuci piring', 1, NULL, '0', '0', '1', '0', 1, '2025-08-26 09:50:48', 'superadmin', '2025-09-08 08:10:35', 'superadmin', 1),
	(142, 'Pemeliharaan Sumur Bor', 1, NULL, '0', '0', '1', '0', 1, '2025-08-26 09:51:06', 'superadmin', '2025-09-08 08:10:29', 'superadmin', 1),
	(143, 'Pemeliharaan Washer', 1, NULL, '0', '0', '1', '0', 1, '2025-08-26 09:56:40', 'superadmin', '2025-09-08 08:10:24', 'superadmin', 1),
	(144, 'Bedside Monitor', 4, 3, '0', '0', '1', '0', 1, '2025-08-26 10:01:05', 'superadmin', '2025-09-04 11:53:08', 'superadmin', 1),
	(145, 'Incubator Neonatus', 4, 7, '0', '0', '1', '0', 1, '2025-08-26 10:01:33', 'superadmin', '2025-09-04 11:52:30', 'superadmin', 1),
	(146, 'T-piece Resuscitator CPAP Transport', 4, 3, '0', '0', '1', '0', 1, '2025-08-26 10:01:51', 'superadmin', '2025-09-04 11:51:58', 'superadmin', 1),
	(147, 'Incubator Transport', 4, 4, '0', '0', '1', '0', 1, '2025-08-26 10:02:10', 'superadmin', '2025-09-04 11:51:23', 'superadmin', 1),
	(148, 'Electrocardiograph', 4, 5, '0', '0', '1', '0', 1, '2025-08-26 10:02:35', 'superadmin', '2025-09-04 11:51:00', 'superadmin', 1),
	(149, 'Pengisian freon AC', 1, NULL, '0', '0', '1', '0', 1, '2025-08-26 10:02:43', 'superadmin', '2025-09-08 08:42:49', 'superadmin', 1),
	(150, 'Defibrilator', 4, 3, '0', '0', '1', '0', 1, '2025-08-26 10:02:51', 'superadmin', '2025-09-04 11:50:30', 'superadmin', 1),
	(151, 'Meja Operasi', 4, 3, '0', '0', '1', '0', 1, '2025-08-26 10:03:04', 'superadmin', '2025-09-04 11:50:05', 'superadmin', 1),
	(152, 'Mobile X-Ray', 4, 6, '0', '0', '1', '0', 1, '2025-08-26 10:04:58', 'superadmin', '2025-09-04 11:49:39', 'superadmin', 1),
	(153, 'Ventilator', 4, 7, '0', '0', '1', '0', 1, '2025-08-26 10:05:13', 'superadmin', '2025-09-04 11:49:14', 'superadmin', 1),
	(154, 'Perbaikan AC', 1, NULL, '0', '0', '1', '0', 1, '2025-08-26 10:06:25', 'superadmin', '2025-09-08 08:42:43', 'superadmin', 1),
	(155, 'Perbaikan dan Pembuatan Taman IPAL', 1, NULL, '0', '0', '1', '0', 1, '2025-08-26 10:06:49', 'superadmin', '2025-09-08 08:42:55', 'superadmin', 1),
	(156, 'Pemeliharaan AC Central Kamar Operasi', 1, NULL, '0', '0', '1', '0', 1, '2025-08-26 10:07:10', 'superadmin', '2025-09-08 08:10:08', 'superadmin', 1),
	(157, 'Servis Sliding Automatic Door Non Tormax', 1, NULL, '0', '0', '0', '0', 1, '2025-08-26 10:07:32', 'superadmin', '2025-09-08 08:43:00', 'superadmin', 1),
	(158, 'Perbaikan Panel ATS/AMF dan Perbaikan Kabel Genset', 1, NULL, '0', '0', '1', '0', 1, '2025-08-26 10:07:48', 'superadmin', '2025-09-08 08:43:06', 'superadmin', 1),
	(159, 'Nasi Kotak (55 org x 3 hr x 1 kali)', 1, 25, '1', '0', '0', '0', 1, '2025-08-26 10:10:36', 'superadmin', '2025-09-11 08:49:03', 'superadmin', 1),
	(160, 'Kue Kotak (55 org x 3 hr x 2 kali)', 1, 25, '1', '0', '0', '0', 1, '2025-08-26 10:23:50', 'superadmin', '2025-09-11 08:54:29', 'superadmin', 1),
	(161, 'Cendera Mata', 1, NULL, '0', '0', '0', '0', 1, '2025-08-26 10:43:02', 'superadmin', '2025-09-09 13:29:46', 'superadmin', 1),
	(162, 'Cetak Sertifikat', 1, NULL, '0', '0', '0', '0', 1, '2025-08-26 10:43:19', 'superadmin', '2025-09-09 13:29:59', 'superadmin', 1),
	(163, 'Jasa Narasumber Tenaga Ahli 1 org x 9 jam x 3 hari)', 1, NULL, '1', '0', '0', '0', 1, '2025-08-26 10:43:39', 'superadmin', '2025-09-09 13:29:51', 'superadmin', 1),
	(164, 'Penginapan (1 org x 4 hr)', 1, 84, '1', '0', '0', '0', 1, '2025-08-26 10:44:27', 'superadmin', '2025-09-11 10:07:20', 'superadmin', 1),
	(165, 'Tiket Kereta Api PP (1 org x 1 kali)', 1, NULL, '1', '0', '0', '0', 1, '2025-08-26 10:45:22', 'superadmin', '2025-09-09 13:30:10', 'superadmin', 1),
	(166, 'Biaya Transport PP (1 org x 1 kali)', 1, NULL, '1', '0', '0', '0', 1, '2025-08-26 10:46:09', 'superadmin', '2025-09-09 13:30:15', 'superadmin', 1),
	(167, 'Dokumentasi kegiatan', 1, NULL, '0', '1', '0', '0', 1, '2025-08-26 10:48:53', 'superadmin', '2025-09-09 13:30:19', 'superadmin', 1),
	(168, 'Biaya Kepesertaan', 1, NULL, '1', '0', '0', '1', 1, '2025-08-26 10:49:22', 'superadmin', '2025-09-09 13:30:24', 'superadmin', 1),
	(169, 'Uang harian Perjalanan Dinas - Diklat (21 orang x 3 hari)', 1, 84, '1', '0', '0', '0', 1, '2025-08-26 10:51:47', 'superadmin', '2025-09-11 09:06:04', 'superadmin', 1),
	(170, 'Biaya Transportasi (21 orang x 1 kali)', 1, NULL, '1', '0', '0', '0', 1, '2025-08-26 10:53:47', 'superadmin', '2025-09-09 13:30:37', 'superadmin', 1),
	(171, 'Uang harian Perjalanan Dinas - Diklat (2 orang x 4 hari)', NULL, NULL, '1', '0', '0', '1', 1, '2025-08-26 10:54:13', 'superadmin', '2025-09-01 11:05:59', 'superadmin', 0),
	(172, 'Biaya Tiket PP (2 orang x 1 kali)', 1, NULL, '1', '0', '0', '0', 1, '2025-08-26 10:54:44', 'superadmin', '2025-09-09 13:31:13', 'superadmin', 1),
	(173, 'Biaya Taksi (2 orang x 2 kali)', 1, NULL, '1', '0', '0', '0', 1, '2025-08-26 10:55:06', 'superadmin', '2025-09-09 13:31:03', 'superadmin', 1),
	(174, 'Uang harian Perjalanan Dinas - Diklat (4 orang x 5 hari)', 1, 84, '1', '0', '0', '1', 1, '2025-08-26 10:56:03', 'superadmin', '2025-09-11 09:05:56', 'superadmin', 1),
	(175, 'Biaya Transportasi (4 orang x 1 kali)', 1, NULL, '1', '0', '0', '1', 1, '2025-08-26 10:56:30', 'superadmin', '2025-09-09 13:31:40', 'superadmin', 1),
	(176, 'Uang harian Perjalanan Dinas - Diklat (2 orang x 3 hari)', 1, 84, '1', '0', '0', '1', 1, '2025-08-26 10:56:48', 'superadmin', '2025-09-11 09:05:47', 'superadmin', 1),
	(177, 'Biaya Tiket PP (2 orang x 1 kali)', NULL, NULL, '1', '0', '0', '1', 1, '2025-08-26 11:06:10', 'superadmin', '2025-09-01 11:04:54', 'superadmin', 0),
	(178, 'Biaya Taksi (2 orang x 2 kali)', NULL, NULL, '1', '0', '0', '1', 1, '2025-08-26 11:06:38', 'superadmin', '2025-09-01 11:06:35', 'superadmin', 0),
	(179, 'Uang harian Perjalanan Dinas - Diklat (3 orang x 5 hari)', 1, 84, '1', '0', '0', '1', 1, '2025-08-26 11:09:18', 'superadmin', '2025-09-11 09:05:40', 'superadmin', 1),
	(180, 'Biaya Transportasi (3 orang x 1 kali)', 1, NULL, '1', '0', '0', '1', 1, '2025-08-26 11:11:14', 'superadmin', '2025-09-09 13:31:25', 'superadmin', 1),
	(181, 'Uang harian Perjalanan Dinas - Diklat (2 orang x 4 hari)', 1, 84, '1', '0', '0', '1', 1, '2025-08-26 11:11:33', 'superadmin', '2025-09-11 09:05:31', 'superadmin', 1),
	(182, 'Biaya Tiket PP (2 orang x 1 kali)', NULL, NULL, '1', '0', '0', '1', 1, '2025-08-26 11:12:49', 'superadmin', '2025-09-01 11:05:08', 'superadmin', 0),
	(183, 'Biaya Taksi (2 orang x 2 kali)', NULL, NULL, '1', '0', '0', '1', 1, '2025-08-26 11:13:09', 'superadmin', '2025-09-01 11:06:39', 'superadmin', 0),
	(184, 'AKI (baterai UPS)', 1, NULL, '0', '0', '0', '0', 1, '2025-08-26 11:33:21', 'superadmin', '2025-09-09 13:31:54', 'superadmin', 1),
	(185, 'Antena Digital', 1, NULL, '0', '0', '0', '0', 1, '2025-08-26 11:33:35', 'superadmin', '2025-09-09 13:31:59', 'superadmin', 1),
	(186, 'Baterai 23A 12V', 1, NULL, '0', '0', '0', '0', 1, '2025-08-26 11:33:57', 'superadmin', '2025-09-09 13:32:05', 'superadmin', 1),
	(187, 'Baterai AA', 1, NULL, '0', '0', '0', '0', 1, '2025-08-26 11:35:01', 'superadmin', '2025-09-09 13:32:11', 'superadmin', 1),
	(188, 'Baterai AAA', 1, NULL, '0', '0', '0', '0', 1, '2025-08-26 11:35:23', 'superadmin', '2025-09-09 13:32:43', 'superadmin', 1),
	(189, 'Baterai Accu 12V 90 Ah', 1, NULL, '0', '0', '0', '0', 1, '2025-08-26 11:43:14', 'superadmin', '2025-09-09 13:32:38', 'superadmin', 1),
	(190, 'Baterai Kotak', 1, NULL, '0', '0', '0', '0', 1, '2025-08-26 11:44:40', 'superadmin', '2025-09-09 13:32:53', 'superadmin', 1),
	(191, 'Bendera Merah Putih Ukuran 100 X 150 Cm', NULL, NULL, '0', '0', '0', '0', 1, '2025-08-26 11:45:04', 'superadmin', '2025-09-01 11:29:43', 'superadmin', 0),
	(192, 'Bendera Merah Putih Ukuran 140 x 210 Cm', NULL, NULL, '0', '0', '0', '0', 1, '2025-08-26 13:14:28', 'superadmin', '2025-09-01 11:29:47', 'superadmin', 0),
	(193, 'Breket AC 1 PK', 1, NULL, '0', '0', '0', '0', 1, '2025-08-26 13:14:48', 'superadmin', '2025-09-09 13:33:00', 'superadmin', 1),
	(194, 'Breket AC 2 PK', 1, NULL, '0', '0', '0', '0', 1, '2025-08-26 13:15:06', 'superadmin', '2025-09-09 13:33:06', 'superadmin', 1),
	(195, 'Breket TV', 1, NULL, '0', '0', '0', '0', 1, '2025-08-26 13:16:57', 'superadmin', '2025-09-09 13:33:11', 'superadmin', 1),
	(196, 'Cat Minyak Besi Warna Hitam', 1, NULL, '0', '0', '0', '0', 1, '2025-08-26 13:17:16', 'superadmin', '2025-09-09 13:33:18', 'superadmin', 1),
	(197, 'Cat Minyak/Besi Warna Putih', 1, NULL, '0', '0', '0', '0', 1, '2025-08-26 13:17:36', 'superadmin', '2025-09-09 13:33:23', 'superadmin', 1),
	(198, 'Cat Tembok Warna Putih', 1, NULL, '0', '0', '0', '0', 1, '2025-08-26 13:17:58', 'superadmin', '2025-09-09 13:33:28', 'superadmin', 1),
	(199, 'Cat Tembok Warna Putih 5 kg', 1, NULL, '0', '0', '0', '0', 1, '2025-08-26 13:18:31', 'superadmin', '2025-09-09 13:33:33', 'superadmin', 1),
	(200, 'Filter Air Sedimen', 1, NULL, '0', '0', '0', '0', 1, '2025-08-26 13:19:58', 'superadmin', '2025-09-09 13:33:38', 'superadmin', 1),
	(201, 'Fitingan Dop Plafon', 1, NULL, '0', '0', '0', '0', 1, '2025-08-26 13:20:15', 'superadmin', '2025-09-09 13:33:43', 'superadmin', 1),
	(202, 'Floatless', 1, NULL, '0', '0', '0', '0', 1, '2025-08-26 13:20:37', 'superadmin', '2025-09-09 13:33:48', 'superadmin', 1),
	(203, 'Floor Drain Kamar Mandi', 1, NULL, '0', '0', '0', '0', 1, '2025-08-26 13:20:52', 'superadmin', '2025-09-09 13:33:52', 'superadmin', 1),
	(204, 'Galon Air Mineral Kosong', 1, NULL, '0', '0', '0', '0', 1, '2025-08-26 13:21:12', 'superadmin', '2025-09-09 13:33:56', 'superadmin', 1),
	(205, 'Isolasi Listrik', 1, NULL, '0', '0', '0', '0', 1, '2025-08-26 13:21:36', 'superadmin', '2025-09-09 13:34:01', 'superadmin', 1),
	(206, 'Isolasi Pipa AC', 1, NULL, '0', '0', '0', '0', 1, '2025-08-26 13:22:29', 'superadmin', '2025-09-09 13:34:14', 'superadmin', 1),
	(207, 'Jet Shower', 1, NULL, '0', '0', '0', '0', 1, '2025-08-26 13:24:57', 'superadmin', '2025-09-09 13:34:26', 'superadmin', 1),
	(208, 'Kabel 5 Meter Rol', 1, NULL, '0', '0', '0', '0', 1, '2025-08-26 13:25:19', 'superadmin', '2025-09-09 13:34:31', 'superadmin', 1),
	(209, 'Kabel NYM 3 x 2.5', 1, NULL, '0', '0', '0', '0', 1, '2025-08-26 13:26:20', 'superadmin', '2025-09-09 13:35:02', 'superadmin', 1),
	(210, 'Kabel NYMHY 3x1.5', 1, NULL, '0', '0', '0', '0', 1, '2025-08-26 13:26:40', 'superadmin', '2025-09-09 13:34:58', 'superadmin', 1),
	(211, 'Kabel NYMHY 3x2.5', 1, NULL, '0', '0', '0', '0', 1, '2025-08-26 13:27:10', 'superadmin', '2025-09-09 13:34:53', 'superadmin', 1),
	(212, 'Kabel Olor Stop Kontak', 1, NULL, '0', '0', '0', '0', 1, '2025-08-26 13:28:26', 'superadmin', '2025-09-09 13:34:49', 'superadmin', 1),
	(213, 'Kabel Ties', NULL, NULL, '0', '0', '0', '0', 1, '2025-08-26 13:28:44', 'superadmin', '2025-09-01 08:13:06', 'superadmin', 0),
	(214, 'Kaca Mata Google', NULL, NULL, '0', '0', '0', '0', 1, '2025-08-26 13:29:07', 'superadmin', '2025-09-01 13:33:53', 'superadmin', 0),
	(215, 'kain lap mikro fiber', NULL, NULL, '0', '0', '0', '0', 1, '2025-08-26 13:29:24', 'superadmin', '2025-09-01 13:35:04', 'superadmin', 0),
	(216, 'Kapasitor 35 mF', 1, NULL, '0', '0', '0', '0', 1, '2025-08-26 13:29:52', 'superadmin', '2025-09-09 13:34:44', 'superadmin', 1),
	(217, 'Kapasitor AC 45 UF', 1, NULL, '0', '0', '0', '0', 1, '2025-08-26 13:30:47', 'superadmin', '2025-09-09 13:34:40', 'superadmin', 1),
	(218, 'Klem Kabel 10', 1, NULL, '0', '0', '0', '0', 1, '2025-08-26 13:31:12', 'superadmin', '2025-09-09 13:34:36', 'superadmin', 1),
	(219, 'Klem Kabel 14', 1, NULL, '0', '0', '0', '0', 1, '2025-08-26 13:31:34', 'superadmin', '2025-09-09 13:35:09', 'superadmin', 1),
	(220, 'Klem Kabel 8', 1, NULL, '0', '0', '0', '0', 1, '2025-08-26 13:32:02', 'superadmin', '2025-09-09 13:35:39', 'superadmin', 1),
	(221, 'Knee PVC 1 inch', 1, NULL, '0', '0', '0', '0', 1, '2025-08-26 13:32:28', 'superadmin', '2025-09-09 13:35:44', 'superadmin', 1),
	(222, '  Knee PVC 1/2 inchi', 1, 11, '0', '0', '0', '0', 1, '2025-08-26 13:32:44', 'superadmin', '2025-09-10 16:04:21', 'superadmin', 1),
	(223, 'Knee PVC 3/4 inchi', 1, NULL, '0', '0', '0', '0', 1, '2025-08-26 13:33:00', 'superadmin', '2025-09-09 13:35:52', 'superadmin', 1),
	(224, 'Komponen Box Closet', 1, NULL, '0', '0', '0', '0', 1, '2025-08-26 13:33:25', 'superadmin', '2025-09-09 13:35:57', 'superadmin', 1),
	(225, 'Kalsiboard ukuran 120 x 240 cm', 1, NULL, '0', '0', '0', '0', 1, '2025-08-26 13:40:38', 'superadmin', '2025-09-09 13:36:07', 'superadmin', 1),
	(226, 'Kran Air 1/2 inchi dinding/ tembok', 1, NULL, '0', '0', '0', '0', 1, '2025-08-26 13:41:31', 'superadmin', '2025-09-09 13:36:02', 'superadmin', 1),
	(227, 'Kran Air 3/4 inchi', 1, NULL, '0', '0', '0', '0', 1, '2025-08-26 13:41:49', 'superadmin', '2025-09-09 13:36:12', 'superadmin', 1),
	(228, 'Kran Wastafel Model Leher Angsa 1/2 inchi', 1, NULL, '0', '0', '0', '0', 1, '2025-08-26 13:43:38', 'superadmin', '2025-09-09 13:36:18', 'superadmin', 1),
	(229, 'Lampu Halogen Proyektor', 1, NULL, '0', '0', '0', '0', 1, '2025-08-26 13:43:54', 'superadmin', '2025-09-09 13:36:47', 'superadmin', 1),
	(230, 'Lampu Hias', 1, NULL, '0', '0', '0', '0', 1, '2025-08-26 13:44:09', 'superadmin', '2025-09-09 13:36:53', 'superadmin', 1),
	(231, 'Lampu Led 12 Watt', 1, NULL, '0', '0', '0', '0', 1, '2025-08-26 13:44:26', 'superadmin', '2025-09-09 13:36:57', 'superadmin', 1),
	(232, 'Lampu Led 30 watt', 1, NULL, '0', '0', '0', '0', 1, '2025-08-26 13:44:40', 'superadmin', '2025-09-09 13:37:02', 'superadmin', 1),
	(233, 'Lampu Led 7 Watt', 1, NULL, '0', '0', '0', '0', 1, '2025-08-26 13:44:55', 'superadmin', '2025-09-09 13:37:07', 'superadmin', 1),
	(234, 'Lampu TL Led 16-36 Watt', 1, NULL, '0', '0', '0', '0', 1, '2025-08-26 13:45:27', 'superadmin', '2025-09-09 13:37:12', 'superadmin', 1),
	(235, 'Lampu TL Led 8-18 Watt', 1, NULL, '0', '0', '0', '0', 1, '2025-08-26 13:45:48', 'superadmin', '2025-09-09 13:38:12', 'superadmin', 1),
	(236, 'Las Dop PVC 3/4 inchi', 1, NULL, '0', '0', '0', '0', 1, '2025-08-26 13:46:20', 'superadmin', '2025-09-09 13:38:30', 'superadmin', 1),
	(237, 'Las Dop PVC 4 inchi', 1, NULL, '0', '0', '0', '0', 1, '2025-08-26 13:46:42', 'superadmin', '2025-09-09 13:38:36', 'superadmin', 1),
	(238, 'Lem PVC', 1, NULL, '0', '0', '0', '0', 1, '2025-08-26 13:46:57', 'superadmin', '2025-09-09 13:38:43', 'superadmin', 1),
	(239, 'Mata Bor Pagoda', 1, NULL, '0', '0', '0', '0', 1, '2025-08-26 13:47:11', 'superadmin', '2025-09-09 13:38:49', 'superadmin', 1),
	(240, 'MCB 32 A 3 Pase', 1, NULL, '0', '0', '0', '0', 1, '2025-08-26 13:47:29', 'superadmin', '2025-09-09 13:38:55', 'superadmin', 1),
	(241, 'Metline', 1, NULL, '0', '0', '0', '0', 1, '2025-08-26 13:47:44', 'superadmin', '2025-09-09 13:39:02', 'superadmin', 1),
	(242, 'Money Detector (Alat Untuk Mendeteksi Uang Palsu)', 1, NULL, '0', '0', '0', '0', 1, '2025-08-26 13:47:59', 'superadmin', '2025-09-09 13:39:08', 'superadmin', 1),
	(243, 'NFB 160 A', 1, NULL, '0', '0', '0', '0', 1, '2025-08-26 13:48:15', 'superadmin', '2025-09-09 13:39:14', 'superadmin', 1),
	(244, 'NFB 200 A', 1, NULL, '0', '0', '0', '0', 1, '2025-08-26 13:48:45', 'superadmin', '2025-09-09 13:39:19', 'superadmin', 1),
	(245, 'Galvanis kanal C ', 1, NULL, '0', '0', '0', '0', 1, '2025-08-26 13:48:55', 'superadmin', '2025-09-09 13:39:24', 'superadmin', 1),
	(246, 'NFB 250 A', 1, NULL, '0', '0', '0', '0', 1, '2025-08-26 13:49:00', 'superadmin', '2025-09-09 13:39:29', 'superadmin', 1),
	(247, 'NFB 400 A', 1, NULL, '0', '0', '0', '0', 1, '2025-08-26 13:49:15', 'superadmin', '2025-09-09 13:39:33', 'superadmin', 1),
	(248, 'Plamir jadi (instan) kemasan 5 kg ', 1, NULL, '0', '0', '0', '0', 1, '2025-08-26 13:50:35', 'superadmin', '2025-09-09 13:39:38', 'superadmin', 1),
	(249, 'Kasa  ', 1, NULL, '0', '0', '0', '0', 1, '2025-08-26 13:52:23', 'superadmin', '2025-09-09 13:39:51', 'superadmin', 1),
	(250, 'Kapi plamir  ', 1, NULL, '0', '0', '0', '0', 1, '2025-08-26 13:53:12', 'superadmin', '2025-09-09 13:39:56', 'superadmin', 1),
	(251, 'Denabol ', 1, NULL, '0', '0', '0', '0', 1, '2025-08-26 13:54:02', 'superadmin', '2025-09-09 13:40:01', 'superadmin', 1),
	(252, 'Sekrup baja  ', 1, NULL, '0', '0', '0', '0', 1, '2025-08-26 13:55:51', 'superadmin', '2025-09-09 13:40:08', 'superadmin', 1),
	(253, 'Mata pisau grenda potong  ', 1, NULL, '0', '0', '0', '0', 1, '2025-08-26 13:56:19', 'superadmin', '2025-09-09 13:40:12', 'superadmin', 1),
	(254, 'Kawat almunium 2mm ', 1, NULL, '0', '0', '0', '0', 1, '2025-08-26 13:56:41', 'superadmin', '2025-09-09 13:40:18', 'superadmin', 1),
	(255, 'Cat tembok ( 5 kg ) ', 1, NULL, '0', '0', '0', '0', 1, '2025-08-26 13:57:07', 'superadmin', '2025-09-09 13:40:39', 'superadmin', 1),
	(256, 'kuas cat 5 " ', 1, NULL, '0', '0', '0', '0', 1, '2025-08-26 13:57:47', 'superadmin', '2025-09-09 13:40:51', 'superadmin', 1),
	(257, 'pintu sleding lenkap uk 100 cm x 200 cm ', 1, NULL, '0', '0', '0', '0', 1, '2025-08-26 13:59:29', 'superadmin', '2025-09-09 13:40:45', 'superadmin', 1),
	(258, 'Pintu almini lengkap kusen  ', 1, NULL, '0', '0', '0', '0', 1, '2025-08-26 13:59:51', 'superadmin', '2025-09-09 13:40:56', 'superadmin', 1),
	(259, 'pipa 1/2 dim pvc ', 1, NULL, '0', '0', '0', '0', 1, '2025-08-26 14:00:12', 'superadmin', '2025-09-09 13:41:29', 'superadmin', 1),
	(260, 'pipa 1 dim pvc ', 1, NULL, '0', '0', '0', '0', 1, '2025-08-26 14:05:15', 'superadmin', '2025-09-09 13:43:33', 'superadmin', 1),
	(261, 'kenni 1/2 dim pvc ', 1, NULL, '0', '0', '0', '0', 1, '2025-08-26 14:05:57', 'superadmin', '2025-09-09 13:43:38', 'superadmin', 1),
	(262, 'kenni 1 dim pvc ', 1, NULL, '0', '0', '0', '0', 1, '2025-08-26 14:06:25', 'superadmin', '2025-09-09 13:43:46', 'superadmin', 1),
	(263, 'Papan Nama Meja (Acrilic Sign)', 1, NULL, '0', '0', '0', '0', 1, '2025-08-26 14:07:12', 'superadmin', '2025-09-09 13:43:50', 'superadmin', 1),
	(264, 'Te 1/2 dim pvc ', 1, NULL, '0', '0', '0', '0', 1, '2025-08-26 14:07:36', 'superadmin', '2025-09-09 13:44:01', 'superadmin', 1),
	(265, 'Pipa AC 1/4 x 1/2 MM', 1, NULL, '0', '0', '0', '0', 1, '2025-08-26 14:08:04', 'superadmin', '2025-09-09 13:43:55', 'superadmin', 1),
	(266, 'Te 1 dim pvc  ', 1, NULL, '0', '0', '0', '0', 1, '2025-08-26 14:08:46', 'superadmin', '2025-09-09 13:44:05', 'superadmin', 1),
	(267, 'sook drat dalam 1/2 dim pvc ', 1, NULL, '0', '0', '0', '0', 1, '2025-08-26 14:09:19', 'superadmin', '2025-09-09 13:44:10', 'superadmin', 1),
	(268, 'kran wastafel  ', 1, NULL, '0', '0', '0', '0', 1, '2025-08-26 14:09:45', 'superadmin', '2025-09-09 13:44:15', 'superadmin', 1),
	(269, 'sifon wastafel ', 1, NULL, '0', '0', '0', '0', 1, '2025-08-26 14:10:31', 'superadmin', '2025-09-09 13:44:21', 'superadmin', 1),
	(270, 'Pipa Drain AC', 1, NULL, '0', '0', '0', '0', 1, '2025-08-26 14:11:19', 'superadmin', '2025-09-09 13:44:26', 'superadmin', 1),
	(271, 'slang fleksibel 1/2 dim  ', 1, NULL, '0', '0', '0', '0', 1, '2025-08-26 14:11:34', 'superadmin', '2025-09-09 13:44:33', 'superadmin', 1),
	(272, 'Pipa Drain Untuk Ac 1 PK', 1, NULL, '0', '0', '0', '0', 1, '2025-08-26 14:11:42', 'superadmin', '2025-09-09 13:44:38', 'superadmin', 1),
	(273, 'Pipa PVC 1 1/2', 1, NULL, '0', '0', '0', '0', 1, '2025-08-26 14:11:59', 'superadmin', '2025-09-09 13:44:43', 'superadmin', 1),
	(274, 'dobel nepel 1/2 dim  ', 1, NULL, '0', '0', '0', '0', 1, '2025-08-26 14:12:16', 'superadmin', '2025-09-09 13:44:54', 'superadmin', 1),
	(275, 'Pipa PVC 1 inchi', 1, NULL, '0', '0', '0', '0', 1, '2025-08-26 14:12:16', 'superadmin', '2025-09-09 13:44:48', 'superadmin', 1),
	(276, 'Stop kran 1/2 dim  ', 1, NULL, '0', '0', '0', '0', 1, '2025-08-26 14:12:43', 'superadmin', '2025-09-09 13:44:58', 'superadmin', 1),
	(277, 'Pipa PVC 1/2 inchi', 1, NULL, '0', '0', '0', '0', 1, '2025-08-26 14:14:12', 'superadmin', '2025-09-09 13:45:03', 'superadmin', 1),
	(278, 'Pipa PVC 2 inchi', 1, NULL, '0', '0', '0', '0', 1, '2025-08-26 14:14:33', 'superadmin', '2025-09-09 13:45:08', 'superadmin', 1),
	(279, 'Pipa PVC 3 inchi', 1, NULL, '0', '0', '0', '0', 1, '2025-08-26 14:14:50', 'superadmin', '2025-09-09 13:46:46', 'superadmin', 1),
	(280, 'Pipa PVC 3/4 inchi', 1, NULL, '0', '0', '0', '0', 1, '2025-08-26 14:15:06', 'superadmin', '2025-09-09 13:46:41', 'superadmin', 1),
	(281, 'Pipa PVC 4 inchi', 1, NULL, '0', '0', '0', '0', 1, '2025-08-26 14:15:34', 'superadmin', '2025-09-09 13:46:36', 'superadmin', 1),
	(282, 'Pipa PVC 5 inchi', 1, NULL, '0', '0', '0', '0', 1, '2025-08-26 14:16:18', 'superadmin', '2025-09-09 13:46:30', 'superadmin', 1),
	(283, 'Radar Swit Tandon', 1, NULL, '0', '0', '0', '0', 1, '2025-08-26 14:16:33', 'superadmin', '2025-09-09 13:46:25', 'superadmin', 1),
	(284, 'Rantai Plastik Traffic cone', 1, NULL, '0', '0', '0', '0', 1, '2025-08-26 14:16:47', 'superadmin', '2025-09-09 13:46:20', 'superadmin', 1),
	(285, 'wastafel  ', 1, NULL, '0', '0', '0', '0', 1, '2025-08-26 14:16:49', 'superadmin', '2025-09-09 13:46:15', 'superadmin', 1),
	(286, 'Remot TV (Universal)', 1, NULL, '0', '0', '0', '0', 1, '2025-08-26 14:17:03', 'superadmin', '2025-09-09 13:46:06', 'superadmin', 1),
	(287, 'Roda Bed Pasien Single Wheels Size 5 Inch', 1, NULL, '0', '0', '0', '0', 1, '2025-08-26 14:17:19', 'superadmin', '2025-09-09 13:46:00', 'superadmin', 1),
	(288, 'Saklar Ganda', 1, NULL, '0', '0', '0', '0', 1, '2025-08-26 14:17:40', 'superadmin', '2025-09-09 13:45:23', 'superadmin', 1),
	(289, 'Saklar Tunggal', 1, NULL, '0', '0', '0', '0', 1, '2025-08-26 14:17:52', 'superadmin', '2025-09-09 13:47:08', 'superadmin', 1),
	(290, 'sook 1/2 dim pvc ', 1, NULL, '0', '0', '0', '0', 1, '2025-08-26 14:17:57', 'superadmin', '2025-09-09 13:47:13', 'superadmin', 1),
	(291, 'Senter besar Rechargeable', 1, NULL, '0', '0', '0', '0', 1, '2025-08-26 14:18:09', 'superadmin', '2025-09-09 13:47:18', 'superadmin', 1),
	(292, 'Senter Kepala Led', 1, NULL, '0', '0', '0', '0', 1, '2025-08-26 14:18:24', 'superadmin', '2025-09-09 13:47:23', 'superadmin', 1),
	(293, 'Sifon Wastafel Plastik', 1, NULL, '0', '0', '0', '0', 1, '2025-08-26 14:18:43', 'superadmin', '2025-09-09 13:47:28', 'superadmin', 1),
	(294, 'sook 1 dim  ', 1, NULL, '0', '0', '0', '0', 1, '2025-08-26 14:18:44', 'superadmin', '2025-09-09 13:47:38', 'superadmin', 1),
	(295, 'stop kontak OUTBOW ', 1, NULL, '0', '0', '0', '0', 1, '2025-08-26 14:19:04', 'superadmin', '2025-09-09 13:47:44', 'superadmin', 1),
	(296, 'Steker', 1, NULL, '0', '0', '0', '0', 1, '2025-08-26 14:19:05', 'superadmin', '2025-09-09 13:48:42', 'superadmin', 1),
	(297, 'Stop Kontak 4 Lubang', 1, NULL, '0', '0', '0', '0', 1, '2025-08-26 14:19:24', 'superadmin', '2025-09-09 13:48:47', 'superadmin', 1),
	(298, 'lampu Tl LED 18 wat lengkap + Box TL  ', 1, NULL, '0', '0', '0', '0', 1, '2025-08-26 14:19:26', 'superadmin', '2025-09-09 13:48:52', 'superadmin', 1),
	(299, 'Stop Kontak Dinding', 1, NULL, '0', '0', '0', '0', 1, '2025-08-26 14:19:43', 'superadmin', '2025-09-09 13:48:59', 'superadmin', 1),
	(300, 'kabel nym 3x 2,5 mm (1 roll 50 mtr) ', 1, NULL, '0', '0', '0', '0', 1, '2025-08-26 14:19:46', 'superadmin', '2025-09-09 13:49:04', 'superadmin', 1),
	(301, 'Sunglass', 1, NULL, '0', '0', '0', '0', 1, '2025-08-26 14:20:01', 'superadmin', '2025-09-09 13:49:10', 'superadmin', 1),
	(302, 'saklar OUTBOU ', 1, NULL, '0', '0', '0', '0', 1, '2025-08-26 14:20:12', 'superadmin', '2025-09-09 13:49:16', 'superadmin', 1),
	(303, 'Tali Pembatas Antrian', 1, NULL, '0', '0', '0', '0', 1, '2025-08-26 14:20:14', 'superadmin', '2025-09-09 13:49:21', 'superadmin', 1),
	(304, 'Terminal Kuningan Isi 2', 1, NULL, '0', '0', '0', '0', 1, '2025-08-26 14:20:32', 'superadmin', '2025-09-09 13:49:26', 'superadmin', 1),
	(305, 'Tenaga tukang  ', 1, NULL, '0', '0', '0', '0', 1, '2025-08-26 14:20:32', 'superadmin', '2025-09-09 13:49:32', 'superadmin', 1),
	(306, 'Thermohygrometer', 1, NULL, '0', '0', '0', '0', 1, '2025-08-26 14:20:48', 'superadmin', '2025-09-09 13:49:36', 'superadmin', 1),
	(307, 'Pembantu tukang  ', 1, NULL, '0', '0', '0', '0', 1, '2025-08-26 14:20:54', 'superadmin', '2025-09-09 13:49:42', 'superadmin', 1),
	(308, 'Timah Paragon', 1, NULL, '0', '0', '0', '0', 1, '2025-08-26 14:21:02', 'superadmin', '2025-09-09 13:49:47', 'superadmin', 1),
	(309, 'Umbul - Umbul', 1, NULL, '0', '0', '0', '0', 1, '2025-08-26 14:21:16', 'superadmin', '2025-09-09 13:50:44', 'superadmin', 1),
	(310, 'Umbul - Umbul Gedung', 1, NULL, '0', '0', '0', '0', 1, '2025-08-26 14:22:37', 'superadmin', '2025-09-09 13:50:38', 'superadmin', 1),
	(311, 'Kue kotak (20 org x 1 kali)  ', 1, 25, '1', '0', '0', '0', 1, '2025-08-26 14:22:50', 'superadmin', '2025-09-11 08:54:21', 'superadmin', 1),
	(312, 'Bendera Merah Putih Kecil Untuk Kaca Mobil', 1, NULL, '0', '0', '0', '0', 1, '2025-08-26 14:22:57', 'superadmin', '2025-09-09 13:50:29', 'superadmin', 1),
	(313, 'Nasi kotak  (20 org x 1 kali)  ', 1, 25, '1', '0', '0', '0', 1, '2025-08-26 14:23:12', 'superadmin', '2025-09-11 08:48:54', 'superadmin', 1),
	(314, 'Bendera Merah Putih Ukuran 60 X 90 cm', 1, NULL, '0', '0', '0', '0', 1, '2025-08-26 14:23:24', 'superadmin', '2025-09-09 13:50:19', 'superadmin', 1),
	(315, 'Mainan Kuda Goyang Anak', 1, NULL, '0', '0', '0', '0', 1, '2025-08-26 14:23:40', 'superadmin', '2025-09-09 13:50:14', 'superadmin', 1),
	(316, 'Rambu Dilarang merokok', 1, NULL, '0', '0', '0', '0', 1, '2025-08-26 14:23:55', 'superadmin', '2025-09-09 13:50:09', 'superadmin', 1),
	(317, 'Lemari Arsip Pintu Kaca ', 1, NULL, '0', '0', '0', '0', 1, '2025-08-26 14:24:04', 'superadmin', '2025-09-09 13:50:02', 'superadmin', 1),
	(318, 'Phantom Manekin Model CPR Dewasa ', 1, NULL, '0', '0', '0', '0', 1, '2025-08-26 14:24:28', 'superadmin', '2025-09-09 13:49:57', 'superadmin', 1),
	(319, 'Honor Auditor Independen (KAP) ', 1, NULL, '1', '0', '0', '0', 1, '2025-08-26 14:25:14', 'superadmin', '2025-09-09 13:52:03', 'superadmin', 1),
	(320, '8 Mic Konfrensi Bosstley MT 8', 1, 98, '0', '0', '0', '0', 1, '2025-08-26 14:25:44', 'superadmin', '2025-09-10 16:06:41', 'superadmin', 1),
	(321, 'Ac 1 PK', 1, 94, '0', '0', '1', '0', 1, '2025-08-26 14:26:02', 'superadmin', '2025-09-10 16:07:07', 'superadmin', 1),
	(322, 'Ac 2 PK', 1, 94, '0', '0', '1', '0', 1, '2025-08-26 14:26:18', 'superadmin', '2025-09-10 16:07:32', 'superadmin', 1),
	(323, 'Alat Pemadam Api Ringan (APAR)', 1, NULL, '0', '0', '0', '0', 1, '2025-08-26 14:26:41', 'superadmin', '2025-09-09 13:51:38', 'superadmin', 1),
	(324, 'Almari Arsip Sliding Kaca', 1, NULL, '0', '0', '0', '0', 1, '2025-08-26 14:27:32', 'superadmin', '2025-09-09 13:51:32', 'superadmin', 1),
	(325, 'Honorarium Narasumber Setara Eselon III ', 1, NULL, '1', '0', '0', '0', 1, '2025-08-26 14:27:37', 'superadmin', '2025-09-09 13:51:08', 'superadmin', 1),
	(326, 'Audio Sound System Portable', 1, NULL, '0', '0', '0', '0', 1, '2025-08-26 14:27:49', 'superadmin', '2025-09-09 13:51:03', 'superadmin', 1),
	(327, 'Kue Kotak ', 1, 25, '1', '0', '0', '0', 1, '2025-08-26 14:28:06', 'superadmin', '2025-09-11 08:54:12', 'superadmin', 1),
	(328, 'Bel Pasien', 1, NULL, '0', '0', '0', '0', 1, '2025-08-26 14:28:08', 'superadmin', '2025-09-09 13:50:53', 'superadmin', 1),
	(329, 'Nasi Kotak ', 1, 25, '1', '0', '0', '0', 1, '2025-08-26 14:28:29', 'superadmin', '2025-09-11 08:48:45', 'superadmin', 1),
	(330, 'Perencanaan ', 1, NULL, '0', '1', '0', '0', 1, '2025-08-26 14:31:15', 'superadmin', '2025-09-09 13:52:15', 'superadmin', 1),
	(331, 'Blender Obat', 1, NULL, '0', '0', '0', '0', 1, '2025-08-26 14:31:27', 'superadmin', '2025-09-09 13:52:36', 'superadmin', 1),
	(332, 'Bor Codles 18 Volt', 1, NULL, '0', '0', '0', '0', 1, '2025-08-26 14:31:53', 'superadmin', '2025-09-09 13:53:08', 'superadmin', 1),
	(333, 'Digital Amplifier', 1, NULL, '0', '0', '0', '0', 1, '2025-08-26 14:32:09', 'superadmin', '2025-09-09 13:53:02', 'superadmin', 1),
	(334, 'Digital Clamp Meter (Tang Ampere)', 1, NULL, '0', '0', '0', '0', 1, '2025-08-26 14:32:33', 'superadmin', '2025-09-09 13:52:57', 'superadmin', 1),
	(335, 'Pengawasan ', 1, NULL, '0', '1', '0', '0', 1, '2025-08-26 14:33:09', 'superadmin', '2025-09-09 13:52:52', 'superadmin', 1),
	(336, 'Konstruksi (Fisik) ', 1, 1, '0', '1', '0', '0', 1, '2025-08-26 14:33:59', 'superadmin', '2025-09-04 10:46:13', 'superadmin', 1),
	(337, 'Perencanaan ', NULL, NULL, '0', '1', '0', '0', 1, '2025-08-26 14:34:31', 'superadmin', '2025-08-26 14:34:55', 'superadmin', 0),
	(338, 'Dinamo Servo', 1, NULL, '0', '0', '0', '0', 1, '2025-08-26 14:34:41', 'superadmin', '2025-09-09 13:52:48', 'superadmin', 1),
	(339, 'Dispenser', 1, NULL, '0', '0', '0', '0', 1, '2025-08-26 14:34:56', 'superadmin', '2025-09-09 13:52:42', 'superadmin', 1),
	(340, 'Drain Cleaner', 1, NULL, '0', '0', '0', '0', 1, '2025-08-26 14:35:13', 'superadmin', '2025-09-09 13:53:15', 'superadmin', 1),
	(341, 'FingerLock Door', 1, NULL, '0', '0', '0', '0', 1, '2025-08-26 14:35:59', 'superadmin', '2025-09-09 13:54:36', 'superadmin', 1),
	(342, 'Jasa Narasumber Tenaga Ahli ', 1, NULL, '1', '0', '0', '0', 1, '2025-08-26 14:36:05', 'superadmin', '2025-09-09 13:54:29', 'superadmin', 1),
	(343, 'Food Trolley', 1, NULL, '0', '0', '0', '0', 1, '2025-08-26 14:36:14', 'superadmin', '2025-09-09 13:53:50', 'superadmin', 1),
	(344, 'Foto Presiden Dan Wakil Presiden + Garuda', 1, NULL, '0', '0', '0', '0', 1, '2025-08-26 14:36:34', 'superadmin', '2025-09-09 13:53:45', 'superadmin', 1),
	(345, 'Tirai PVC', 1, NULL, '0', '0', '0', '0', 1, '2025-08-26 14:36:59', 'superadmin', '2025-09-09 13:53:40', 'superadmin', 1),
	(346, 'Grenda Potong', 1, NULL, '0', '0', '0', '0', 1, '2025-08-26 14:37:17', 'superadmin', '2025-09-09 13:53:35', 'superadmin', 1),
	(347, 'Hand Tool', 1, NULL, '0', '0', '0', '0', 1, '2025-08-26 14:37:35', 'superadmin', '2025-09-09 13:53:30', 'superadmin', 1),
	(348, 'Heatgun', 1, NULL, '0', '0', '0', '0', 1, '2025-08-26 14:37:50', 'superadmin', '2025-09-09 13:53:25', 'superadmin', 1),
	(349, 'Kue Kotak (15 org x 10 kali) ', 1, 25, '1', '0', '0', '0', 1, '2025-08-26 14:38:13', 'superadmin', '2025-09-11 08:54:03', 'superadmin', 1),
	(350, 'Nasi Kotak (15 org x 10 kali) ', 1, 25, '1', '0', '0', '0', 1, '2025-08-26 14:39:53', 'superadmin', '2025-09-11 08:48:31', 'superadmin', 1),
	(351, 'uang harian (3 org x 1 hari x 4 kali) ', 1, 84, '1', '0', '0', '0', 1, '2025-08-26 14:42:57', 'superadmin', '2025-09-11 09:05:25', 'superadmin', 1),
	(352, 'biaya transport (3 org x 1 hari x 4 kali) ', 1, NULL, '1', '0', '0', '0', 1, '2025-08-26 14:44:34', 'superadmin', '2025-09-09 14:08:34', 'superadmin', 1),
	(353, 'uang harian (2 org x 1 hari x 5 kali) ', 1, 84, '1', '0', '0', '0', 1, '2025-08-26 14:45:41', 'superadmin', '2025-09-11 09:05:16', 'superadmin', 1),
	(354, 'biaya transport (2 org x 1 hari x 5 kali) ', 1, NULL, '1', '0', '0', '0', 1, '2025-08-26 14:46:27', 'superadmin', '2025-09-09 13:55:44', 'superadmin', 1),
	(355, 'Kertas Hvs Folio (F4) 70 Gram  ', NULL, NULL, '0', '0', '0', '0', 1, '2025-08-26 14:47:02', 'superadmin', '2025-09-02 09:13:06', 'superadmin', 0),
	(356, 'Kertas Bufalo Uk Folio Warna  ', 1, NULL, '0', '0', '0', '0', 1, '2025-08-26 14:47:59', 'superadmin', '2025-09-09 13:55:36', 'superadmin', 1),
	(357, 'Kipas Angin Dinding', 1, NULL, '0', '0', '0', '0', 1, '2025-08-26 14:48:52', 'superadmin', '2025-09-09 13:55:18', 'superadmin', 1),
	(358, 'Kompresor', 1, NULL, '0', '0', '0', '0', 1, '2025-08-26 14:49:09', 'superadmin', '2025-09-09 13:55:13', 'superadmin', 1),
	(359, 'Kulkas Dua Pintu', 1, NULL, '0', '0', '0', '0', 1, '2025-08-26 14:49:23', 'superadmin', '2025-09-09 13:55:04', 'superadmin', 1),
	(360, 'Kulkas Obat', 1, NULL, '0', '0', '0', '0', 1, '2025-08-26 14:49:38', 'superadmin', '2025-09-09 13:54:57', 'superadmin', 1),
	(361, 'Kursi Dokter', 1, NULL, '0', '0', '0', '0', 1, '2025-08-26 14:51:53', 'superadmin', '2025-09-09 14:10:07', 'superadmin', 1),
	(362, 'Kursi Kantor', 1, NULL, '0', '0', '0', '0', 1, '2025-08-26 14:52:08', 'superadmin', '2025-09-09 14:10:03', 'superadmin', 1),
	(363, 'Kursi Pasien (kursi loket)', 1, NULL, '0', '0', '0', '0', 1, '2025-08-26 14:52:33', 'superadmin', '2025-09-09 14:09:58', 'superadmin', 1),
	(364, 'Kursi Pasien', 1, NULL, '0', '0', '0', '0', 1, '2025-08-26 14:52:53', 'superadmin', '2025-09-09 14:09:53', 'superadmin', 1),
	(365, 'Kursi Serbaguna/Bar/Makan (Berta 8)', 1, NULL, '0', '0', '0', '0', 1, '2025-08-26 14:53:10', 'superadmin', '2025-09-09 14:09:48', 'superadmin', 1),
	(366, 'Kursi Tindakan Dokter', NULL, NULL, '0', '0', '1', '0', 1, '2025-08-26 14:53:24', 'superadmin', '2025-08-28 11:42:23', 'superadmin', 0),
	(367, 'Kursi Tunggu 5 Seater Airseat AC 950 Chairman', 1, NULL, '0', '0', '0', '0', 1, '2025-08-26 14:53:40', 'superadmin', '2025-09-09 14:09:43', 'superadmin', 1),
	(368, 'Lemari Narkotika dan Psikotropika', 1, NULL, '0', '0', '0', '0', 1, '2025-08-26 14:53:56', 'superadmin', '2025-09-09 14:09:37', 'superadmin', 1),
	(369, 'Loker 4 Susun', 1, NULL, '0', '0', '0', '0', 1, '2025-08-26 14:54:21', 'superadmin', '2025-09-09 14:09:30', 'superadmin', 1),
	(370, 'Lux Meter', 1, NULL, '0', '0', '0', '0', 1, '2025-08-26 14:54:35', 'superadmin', '2025-09-09 14:09:24', 'superadmin', 1),
	(371, 'Meja Dokter', 1, NULL, '0', '0', '0', '0', 1, '2025-08-26 14:54:52', 'superadmin', '2025-09-09 14:09:18', 'superadmin', 1),
	(372, 'Meja Kerja', 1, NULL, '0', '0', '0', '0', 1, '2025-08-26 14:55:21', 'superadmin', '2025-09-09 14:11:07', 'superadmin', 1),
	(373, 'MEJA LIPAT PORTABLE 140 X 60', 1, NULL, '0', '0', '0', '0', 1, '2025-08-26 14:55:33', 'superadmin', '2025-09-09 14:11:02', 'superadmin', 1),
	(374, 'Meja Recpetionist + Backdrop', 1, NULL, '0', '0', '0', '0', 1, '2025-08-26 14:55:47', 'superadmin', '2025-09-09 14:10:57', 'superadmin', 1),
	(375, 'MEJA STAINLESS', 1, NULL, '0', '0', '0', '0', 1, '2025-08-26 14:56:25', 'superadmin', '2025-09-09 14:10:51', 'superadmin', 1),
	(376, 'Mesin Penghancur Kertas', 1, NULL, '0', '0', '0', '0', 1, '2025-08-26 14:56:42', 'superadmin', '2025-09-09 14:10:46', 'superadmin', 1),
	(377, 'Mesin Penyambung PPR Wipro LP-01', 1, NULL, '0', '0', '0', '0', 1, '2025-08-26 14:56:56', 'superadmin', '2025-09-09 14:10:40', 'superadmin', 1),
	(378, 'Mesin Pompa Jet Pump (JP Basic 4)', 1, NULL, '0', '0', '0', '0', 1, '2025-08-26 14:57:59', 'superadmin', '2025-09-09 14:10:33', 'superadmin', 1),
	(379, 'Mic Loket Dua Arah', 1, NULL, '0', '0', '0', '0', 1, '2025-08-26 14:58:15', 'superadmin', '2025-09-09 14:10:27', 'superadmin', 1),
	(380, 'Micropon Meja (1 Set Isi 9 Mic Meja Wireless)', 1, NULL, '0', '0', '0', '0', 1, '2025-08-26 14:58:31', 'superadmin', '2025-09-09 14:10:22', 'superadmin', 1),
	(381, 'Monitor TV 32 Inch', 1, NULL, '0', '0', '1', '0', 1, '2025-08-26 14:58:48', 'superadmin', '2025-09-09 14:10:17', 'superadmin', 1),
	(382, 'Nata Obeng Set Stanley', 1, NULL, '0', '0', '0', '0', 1, '2025-08-26 14:59:06', 'superadmin', '2025-09-09 14:12:06', 'superadmin', 1),
	(383, 'Nurse Call System 2 Way Voice', 1, NULL, '0', '0', '0', '0', 1, '2025-08-26 14:59:20', 'superadmin', '2025-09-09 14:12:00', 'superadmin', 1),
	(384, 'Paket Sound System', 1, NULL, '0', '0', '0', '0', 1, '2025-08-26 15:10:59', 'superadmin', '2025-09-09 14:11:55', 'superadmin', 1),
	(385, 'Papan Akrilik', 1, NULL, '0', '0', '0', '0', 1, '2025-08-26 15:11:23', 'superadmin', '2025-09-09 14:11:46', 'superadmin', 1),
	(386, 'Papan Nama Tempel', 1, NULL, '0', '0', '0', '0', 1, '2025-08-26 15:13:22', 'superadmin', '2025-09-09 14:11:39', 'superadmin', 1),
	(387, 'Pengisi Kapsul Manual 100 Lubang', 1, NULL, '0', '0', '0', '0', 1, '2025-08-26 15:13:41', 'superadmin', '2025-09-09 14:11:35', 'superadmin', 1),
	(388, 'Podium', 1, NULL, '0', '0', '0', '0', 1, '2025-08-26 15:14:03', 'superadmin', '2025-09-09 14:11:29', 'superadmin', 1),
	(389, 'Tinta Printer Refil Hitam (774)  ', 1, NULL, '0', '0', '0', '0', 1, '2025-08-26 15:14:11', 'superadmin', '2025-09-09 14:11:23', 'superadmin', 1),
	(390, 'Pointer', NULL, NULL, '0', '0', '0', '0', 1, '2025-08-26 15:14:17', 'superadmin', '2025-09-02 08:15:53', 'superadmin', 0),
	(391, 'Pompa Cutter Air Kotor', 1, NULL, '0', '0', '0', '0', 1, '2025-08-26 15:14:32', 'superadmin', '2025-09-09 14:11:18', 'superadmin', 1),
	(392, 'Pressure meter', 1, NULL, '0', '0', '0', '0', 1, '2025-08-26 15:14:48', 'superadmin', '2025-09-09 14:11:12', 'superadmin', 1),
	(393, 'Tinta Printer Refil Warna Biru (664)  ', 1, NULL, '0', '0', '0', '0', 1, '2025-08-26 15:15:06', 'superadmin', '2025-09-09 14:13:27', 'superadmin', 1),
	(394, 'Rak Obat Apotek Alumunium + ACP 150 x 60 x 220 cm', 1, NULL, '0', '0', '0', '0', 1, '2025-08-26 15:15:11', 'superadmin', '2025-09-09 14:13:21', 'superadmin', 1),
	(395, 'Tinta Printer Refil Warna Kuning (664)  ', 1, NULL, '0', '0', '0', '0', 1, '2025-08-26 15:15:33', 'superadmin', '2025-09-09 14:13:13', 'superadmin', 1),
	(396, 'Scop Strecher', 1, NULL, '0', '0', '0', '0', 1, '2025-08-26 15:15:33', 'superadmin', '2025-09-09 14:13:08', 'superadmin', 1),
	(397, 'Sofa Tamu', 1, NULL, '0', '0', '0', '0', 1, '2025-08-26 15:15:51', 'superadmin', '2025-09-09 14:12:40', 'superadmin', 1),
	(398, 'Tinta Printer Refil Warna Merah (664)  ', 1, NULL, '0', '0', '0', '0', 1, '2025-08-26 15:15:55', 'superadmin', '2025-09-09 14:12:57', 'superadmin', 1),
	(399, 'Solder Tembak 20-200W Goot TQ-77 220V', 1, NULL, '0', '0', '0', '0', 1, '2025-08-26 15:16:07', 'superadmin', '2025-09-09 14:12:34', 'superadmin', 1),
	(400, 'Sound Level Meter', 1, NULL, '0', '0', '0', '0', 1, '2025-08-26 15:16:25', 'superadmin', '2025-09-09 14:12:26', 'superadmin', 1),
	(401, 'Speaker Pengeras Dinding + Bracket', 1, NULL, '0', '0', '0', '0', 1, '2025-08-26 15:16:56', 'superadmin', '2025-09-09 14:12:20', 'superadmin', 1),
	(402, 'STB TV', 1, NULL, '0', '0', '0', '0', 1, '2025-08-26 15:23:05', 'superadmin', '2025-09-09 14:12:15', 'superadmin', 1),
	(403, 'Tangga Lipat', 1, NULL, '0', '0', '0', '0', 1, '2025-08-26 15:23:20', 'superadmin', '2025-09-09 14:14:26', 'superadmin', 1),
	(404, 'Tangga Lipat Arsip', 1, NULL, '0', '0', '0', '0', 1, '2025-08-26 15:23:36', 'superadmin', '2025-09-09 14:14:20', 'superadmin', 1),
	(405, 'Tempat Charger 10 Titik Dengan Loker Kunci', 1, NULL, '0', '0', '0', '0', 1, '2025-08-26 15:23:58', 'superadmin', '2025-09-09 14:14:15', 'superadmin', 1),
	(406, 'Tempat Sampah beroda 660 liter Hijau', 1, NULL, '0', '0', '0', '0', 1, '2025-08-26 15:24:20', 'superadmin', '2025-09-09 14:14:10', 'superadmin', 1),
	(407, 'Thermometer Ruangan', 1, NULL, '0', '0', '0', '0', 1, '2025-08-26 15:24:35', 'superadmin', '2025-09-09 14:14:05', 'superadmin', 1),
	(408, 'Tiang Bendera Ruangan', 1, NULL, '0', '0', '0', '0', 1, '2025-08-26 15:24:53', 'superadmin', '2025-09-09 14:13:54', 'superadmin', 1),
	(409, 'Tool Kit', 1, NULL, '0', '0', '0', '0', 1, '2025-08-26 15:25:10', 'superadmin', '2025-09-09 14:13:48', 'superadmin', 1),
	(410, 'TV 32 Inch', 1, NULL, '0', '0', '1', '0', 1, '2025-08-26 15:25:37', 'superadmin', '2025-09-09 14:13:43', 'superadmin', 1),
	(411, 'TV 43 Inch', 1, NULL, '0', '0', '1', '0', 1, '2025-08-26 15:27:34', 'superadmin', '2025-09-09 14:13:39', 'superadmin', 1),
	(412, 'UPS', NULL, NULL, '0', '0', '0', '0', 1, '2025-08-26 15:29:02', 'superadmin', '2025-09-02 08:26:58', 'superadmin', 0),
	(413, 'Vacum Cleaner', 1, NULL, '0', '0', '0', '0', 1, '2025-08-26 15:29:18', 'superadmin', '2025-09-09 14:13:34', 'superadmin', 1),
	(414, 'Kursi Rapat', 1, NULL, '0', '0', '0', '0', 1, '2025-08-26 15:29:40', 'superadmin', '2025-09-09 14:15:23', 'superadmin', 1),
	(415, 'Kamera Face Recognition', 1, NULL, '0', '0', '0', '0', 1, '2025-08-26 15:30:00', 'superadmin', '2025-09-09 14:15:14', 'superadmin', 1),
	(416, 'Blender Obat (Crusher)', 1, NULL, '0', '0', '0', '0', 1, '2025-08-26 15:30:17', 'superadmin', '2025-09-09 14:15:08', 'superadmin', 1),
	(417, 'Smoke Detector Fire Alarm', 1, NULL, '0', '0', '0', '0', 1, '2025-08-26 15:30:35', 'superadmin', '2025-09-09 14:15:03', 'superadmin', 1),
	(418, 'Transport (50 org x 1 kali)', 1, 85, '1', '0', '0', '0', 1, '2025-08-26 15:32:30', 'superadmin', '2025-09-11 09:11:09', 'superadmin', 1),
	(419, 'Kue Kotak  Persiapan (70 org x 1 kali)', 1, 25, '1', '0', '0', '0', 1, '2025-08-26 15:32:55', 'superadmin', '2025-09-11 08:53:55', 'superadmin', 1),
	(420, 'Nasi Kotak Persiapan (70 org x 1 kali)', 1, 25, '1', '0', '0', '0', 1, '2025-08-26 15:33:43', 'superadmin', '2025-09-11 08:48:21', 'superadmin', 1),
	(421, 'Honor Narasumber Kegiatan FKTP', 1, NULL, '1', '0', '0', '0', 1, '2025-08-26 15:34:02', 'superadmin', '2025-09-09 14:14:42', 'superadmin', 1),
	(422, 'Amplop Putih Besar (110X230 mm)', 1, NULL, '0', '0', '0', '0', 1, '2025-08-26 15:35:19', 'superadmin', '2025-09-09 14:14:38', 'superadmin', 1),
	(423, 'Amplop Putih sedang (95X152 mm)', 1, NULL, '0', '0', '0', '0', 1, '2025-08-26 15:37:09', 'superadmin', '2025-09-09 14:14:33', 'superadmin', 1),
	(424, 'Ballpoin', 1, NULL, '0', '0', '0', '0', 1, '2025-08-26 15:43:33', 'superadmin', '2025-09-09 14:55:58', 'superadmin', 1),
	(425, 'Ballpoint (Balliner) (Ballpoint Direktur)', 1, NULL, '0', '0', '0', '0', 1, '2025-08-26 15:43:52', 'superadmin', '2025-09-09 14:16:29', 'superadmin', 1),
	(426, 'Binder clip (No 105)', 1, NULL, '0', '0', '0', '0', 1, '2025-08-26 15:44:08', 'superadmin', '2025-09-09 14:16:16', 'superadmin', 1),
	(427, 'Binder clip (No 107)', 1, NULL, '0', '0', '0', '0', 1, '2025-08-26 15:44:26', 'superadmin', '2025-09-09 14:16:10', 'superadmin', 1),
	(428, 'Binder clip (No 111)', 1, NULL, '0', '0', '0', '0', 1, '2025-08-26 15:44:52', 'superadmin', '2025-09-09 14:15:57', 'superadmin', 1),
	(429, 'Binder clip (No 155)', 1, NULL, '0', '0', '0', '0', 1, '2025-08-26 15:45:15', 'superadmin', '2025-09-09 14:15:51', 'superadmin', 1),
	(430, 'Binder clip (No 200)', 1, NULL, '0', '0', '0', '0', 1, '2025-08-26 15:45:32', 'superadmin', '2025-09-09 14:15:47', 'superadmin', 1),
	(431, 'Binder clip (No 260)', 1, NULL, '0', '0', '0', '0', 1, '2025-08-26 15:45:48', 'superadmin', '2025-09-09 14:15:42', 'superadmin', 1),
	(432, 'Blanco Fluid (Tipex)', 1, NULL, '0', '0', '0', '0', 1, '2025-08-26 15:46:01', 'superadmin', '2025-09-09 14:15:37', 'superadmin', 1),
	(433, 'Buku ekspedisi', 1, NULL, '0', '0', '0', '0', 1, '2025-08-26 15:46:15', 'superadmin', '2025-09-09 14:15:31', 'superadmin', 1),
	(434, 'Buku folio (isi 200 lembar)', 1, NULL, '0', '0', '0', '0', 1, '2025-08-26 15:47:30', 'superadmin', '2025-09-09 14:16:36', 'superadmin', 1),
	(435, 'Buku tulis 38 lembar', 1, NULL, '0', '0', '0', '0', 1, '2025-08-26 15:47:46', 'superadmin', '2025-09-09 14:17:32', 'superadmin', 1),
	(436, 'Dobel selotip (bolak,balik)', 1, NULL, '0', '0', '0', '0', 1, '2025-08-26 15:48:10', 'superadmin', '2025-09-09 14:17:26', 'superadmin', 1),
	(437, 'Dokumen Keeper 40 lbr', 1, NULL, '0', '0', '0', '0', 1, '2025-08-26 15:48:54', 'superadmin', '2025-09-09 14:17:20', 'superadmin', 1),
	(438, 'Dokumen Keeper 60 lbr warna biru', 1, NULL, '0', '0', '0', '0', 1, '2025-08-26 15:49:09', 'superadmin', '2025-09-09 14:17:14', 'superadmin', 1),
	(439, 'Dokumen Keeper 60 lbr warna hijau', 1, NULL, '0', '0', '0', '0', 1, '2025-08-26 15:49:24', 'superadmin', '2025-09-09 14:17:08', 'superadmin', 1),
	(440, 'Doubel Tape Hitam', 1, NULL, '0', '0', '0', '0', 1, '2025-08-26 15:49:40', 'superadmin', '2025-09-09 14:17:03', 'superadmin', 1),
	(441, 'Double tape spon besar', 1, NULL, '0', '0', '0', '0', 1, '2025-08-26 15:49:58', 'superadmin', '2025-09-09 14:16:57', 'superadmin', 1),
	(442, 'Double tape spon sedang', 1, NULL, '0', '0', '0', '0', 1, '2025-08-27 07:39:58', 'superadmin', '2025-09-09 14:16:52', 'superadmin', 1),
	(443, 'Flasdisk 32gb', 1, NULL, '0', '0', '0', '0', 1, '2025-08-27 07:40:14', 'superadmin', '2025-09-09 14:16:47', 'superadmin', 1),
	(444, 'Garisan besi (30 cm)', 1, NULL, '0', '0', '0', '0', 1, '2025-08-27 07:42:09', 'superadmin', '2025-09-09 14:16:43', 'superadmin', 1),
	(445, 'Garisan besi (60 cm)', 1, NULL, '0', '0', '0', '0', 1, '2025-08-27 07:42:46', 'superadmin', '2025-09-09 14:18:37', 'superadmin', 1),
	(446, 'Garisan Mika (30 Cm)', 1, NULL, '0', '0', '0', '0', 1, '2025-08-27 07:51:28', 'superadmin', '2025-09-09 14:18:31', 'superadmin', 1),
	(447, 'Garisan mika (60 cm)', 1, NULL, '0', '0', '0', '0', 1, '2025-08-27 07:51:44', 'superadmin', '2025-09-09 14:18:26', 'superadmin', 1),
	(448, 'Gelang Pasien Anak Biru', 1, NULL, '0', '0', '0', '0', 1, '2025-08-27 07:52:34', 'superadmin', '2025-09-09 14:18:20', 'superadmin', 1),
	(449, 'Gelang Pasien Anak Pink', 1, NULL, '0', '0', '0', '0', 1, '2025-08-27 07:54:07', 'superadmin', '2025-09-09 14:18:14', 'superadmin', 1),
	(450, 'Gelang Pasien Dewasa Biru', 1, NULL, '0', '0', '0', '0', 1, '2025-08-27 07:54:56', 'superadmin', '2025-09-09 14:18:09', 'superadmin', 1),
	(451, 'Gelang Pasien Dewasa Pink', 1, NULL, '0', '0', '0', '0', 1, '2025-08-27 07:55:14', 'superadmin', '2025-09-09 14:18:02', 'superadmin', 1),
	(452, 'Gunting Kain', NULL, NULL, '0', '0', '0', '0', 1, '2025-08-27 07:55:29', 'superadmin', '2025-09-02 09:03:26', 'superadmin', 0),
	(453, 'Gunting kertas', 1, NULL, '0', '0', '0', '0', 1, '2025-08-27 07:55:58', 'superadmin', '2025-09-09 14:17:58', 'superadmin', 1),
	(454, 'ID Card Holder/Name Tag + Yoyo', 1, NULL, '0', '0', '0', '0', 1, '2025-08-27 07:56:18', 'superadmin', '2025-09-09 14:17:52', 'superadmin', 1),
	(455, 'Isi pisau cutter', 1, NULL, '0', '0', '0', '0', 1, '2025-08-27 07:56:35', 'superadmin', '2025-09-09 14:17:41', 'superadmin', 1),
	(456, 'Isi Staples (Hecheneces no 10)', 1, NULL, '0', '0', '0', '0', 1, '2025-08-27 07:57:51', 'superadmin', '2025-09-09 14:19:40', 'superadmin', 1),
	(457, 'Isi Staples (Hecheneces no 50)', 1, NULL, '0', '0', '0', '0', 1, '2025-08-27 07:58:13', 'superadmin', '2025-09-09 14:19:34', 'superadmin', 1),
	(458, 'Isolasi Putih', NULL, NULL, '0', '0', '0', '0', 1, '2025-08-27 07:58:26', 'superadmin', '2025-09-02 09:07:12', 'superadmin', 0),
	(459, 'Kalkulator', 1, NULL, '0', '0', '0', '0', 1, '2025-08-27 07:58:45', 'superadmin', '2025-09-09 14:19:26', 'superadmin', 1),
	(460, 'Karbon Printer Barkode (Thermal Transfer Ribbon Wax uk 110 x 300 mm)', 1, NULL, '0', '0', '0', '0', 1, '2025-08-27 07:59:03', 'superadmin', '2025-09-09 14:19:19', 'superadmin', 1),
	(461, 'Kartu ID Card / Ultra Card / Kartu PVC blank', 1, NULL, '0', '0', '0', '0', 1, '2025-08-27 07:59:22', 'superadmin', '2025-09-09 14:19:14', 'superadmin', 1),
	(462, 'Kertas Barkode (u/ mesin Barkode type baru)', 1, NULL, '0', '0', '0', '0', 1, '2025-08-27 07:59:39', 'superadmin', '2025-09-09 14:19:07', 'superadmin', 1),
	(463, 'Kertas Continuous Form 3 Ply', 1, NULL, '0', '0', '0', '0', 1, '2025-08-27 08:01:51', 'superadmin', '2025-09-09 14:19:01', 'superadmin', 1),
	(464, 'Kertas HVS A4 70 gram', 1, NULL, '0', '0', '0', '0', 1, '2025-08-27 08:02:39', 'superadmin', '2025-09-09 14:18:56', 'superadmin', 1),
	(465, 'Kertas HVS A4 80 gram', 1, NULL, '0', '0', '0', '0', 1, '2025-08-27 08:02:54', 'superadmin', '2025-09-09 14:18:51', 'superadmin', 1),
	(466, 'Kertas HVS folio (F4) 70 gram', 1, NULL, '0', '0', '0', '0', 1, '2025-08-27 08:03:13', 'superadmin', '2025-09-09 14:18:46', 'superadmin', 1),
	(467, 'Kertas HVS folio (F4) 80 gram', 1, NULL, '0', '0', '0', '0', 1, '2025-08-27 08:03:27', 'superadmin', '2025-09-09 14:20:33', 'superadmin', 1),
	(468, 'kertas potongan  untuk cetak resep', 1, NULL, '0', '0', '0', '0', 1, '2025-08-27 08:03:52', 'superadmin', '2025-09-09 14:20:28', 'superadmin', 1),
	(469, 'Kertas Stiker Glossy F4 Camel', 1, NULL, '0', '0', '0', '0', 1, '2025-08-27 08:04:12', 'superadmin', '2025-09-09 14:20:23', 'superadmin', 1),
	(470, 'Kertas Thermal  70 x 50', 1, NULL, '0', '0', '0', '0', 1, '2025-08-27 08:04:29', 'superadmin', '2025-09-09 14:20:18', 'superadmin', 1),
	(471, 'Kertas Thermal 57 X 50', 1, NULL, '0', '0', '0', '0', 1, '2025-08-27 08:04:45', 'superadmin', '2025-09-09 14:20:12', 'superadmin', 1),
	(472, 'Kertas Thermal 80 x 50', 1, NULL, '0', '0', '0', '0', 1, '2025-08-27 08:06:29', 'superadmin', '2025-09-09 14:20:06', 'superadmin', 1),
	(473, 'Kwitansi biasa', 1, NULL, '0', '0', '0', '0', 1, '2025-08-27 08:06:45', 'superadmin', '2025-09-09 14:20:02', 'superadmin', 1),
	(474, 'Label Barcode Diet Pasien', 1, NULL, '0', '0', '0', '0', 1, '2025-08-27 08:07:04', 'superadmin', '2025-09-09 14:19:58', 'superadmin', 1),
	(475, 'Label obat', 1, NULL, '0', '0', '0', '0', 1, '2025-08-27 08:07:19', 'superadmin', '2025-09-09 14:19:53', 'superadmin', 1),
	(476, 'Lakban Bening 2 Inch', 1, NULL, '0', '0', '0', '0', 1, '2025-08-27 08:07:35', 'superadmin', '2025-09-09 14:19:46', 'superadmin', 1),
	(477, 'Lem kertas', 1, NULL, '0', '0', '0', '0', 1, '2025-08-27 08:07:51', 'superadmin', '2025-09-09 14:21:33', 'superadmin', 1),
	(478, 'Map bag plastik', 1, NULL, '0', '0', '0', '0', 1, '2025-08-27 08:08:05', 'superadmin', '2025-09-09 14:21:26', 'superadmin', 1),
	(479, 'Map folder bag plastik', 1, NULL, '0', '0', '0', '0', 1, '2025-08-27 08:08:33', 'superadmin', '2025-09-09 14:21:22', 'superadmin', 1),
	(480, 'MAP GANTUNG', 1, NULL, '0', '0', '0', '0', 1, '2025-08-27 08:08:53', 'superadmin', '2025-09-09 14:21:16', 'superadmin', 1),
	(481, 'Map plastik kancing hijau', 1, NULL, '0', '0', '0', '0', 1, '2025-08-27 08:11:13', 'superadmin', '2025-09-09 14:21:10', 'superadmin', 1),
	(482, 'Map plastik kancing merah', 1, NULL, '0', '0', '0', '0', 1, '2025-08-27 08:11:29', 'superadmin', '2025-09-09 14:21:04', 'superadmin', 1),
	(483, 'Map Snel Plastik', 1, NULL, '0', '0', '0', '0', 1, '2025-08-27 08:11:46', 'superadmin', '2025-09-09 14:20:57', 'superadmin', 1),
	(484, 'Materai @ 10.000', 1, NULL, '0', '0', '0', '0', 1, '2025-08-27 08:12:03', 'superadmin', '2025-09-09 14:20:51', 'superadmin', 1),
	(485, 'Odner Bantex Folio', 1, NULL, '0', '0', '0', '0', 1, '2025-08-27 08:12:18', 'superadmin', '2025-09-09 14:20:46', 'superadmin', 1),
	(486, 'Papan untuk kertas HVS', 1, NULL, '0', '0', '0', '0', 1, '2025-08-27 08:12:35', 'superadmin', '2025-09-09 14:20:40', 'superadmin', 1),
	(487, 'Paper clips No 5', 1, NULL, '0', '0', '0', '0', 1, '2025-08-27 08:12:50', 'superadmin', '2025-09-09 14:22:40', 'superadmin', 1),
	(488, 'Paper clips no. 3', 1, NULL, '0', '0', '0', '0', 1, '2025-08-27 08:13:06', 'superadmin', '2025-09-09 14:22:35', 'superadmin', 1),
	(489, 'Penghapus Papan White Board', 1, NULL, '0', '0', '0', '0', 1, '2025-08-27 08:13:25', 'superadmin', '2025-09-09 14:22:30', 'superadmin', 1),
	(490, 'Penghapus Pensil', 1, NULL, '0', '0', '0', '0', 1, '2025-08-27 08:13:39', 'superadmin', '2025-09-09 14:22:25', 'superadmin', 1),
	(491, 'Pensil', 1, NULL, '0', '0', '0', '0', 1, '2025-08-27 08:13:56', 'superadmin', '2025-09-09 14:22:19', 'superadmin', 1),
	(492, 'Pensil redblue', 1, NULL, '0', '0', '0', '0', 1, '2025-08-27 08:14:27', 'superadmin', '2025-09-09 14:22:13', 'superadmin', 1),
	(493, 'Perfurator 40 XL', 1, NULL, '0', '0', '0', '0', 1, '2025-08-27 08:14:47', 'superadmin', '2025-09-09 14:22:07', 'superadmin', 1),
	(494, 'Pita Printer LX 310', 1, NULL, '0', '0', '0', '0', 1, '2025-08-27 08:15:04', 'superadmin', '2025-09-09 14:21:54', 'superadmin', 1),
	(495, 'Plak ban bening 5 cm', 1, NULL, '0', '0', '0', '0', 1, '2025-08-27 08:15:20', 'superadmin', '2025-09-09 14:21:48', 'superadmin', 1),
	(496, 'Plak ban coklat 5 cm', 1, NULL, '0', '0', '0', '0', 1, '2025-08-27 08:15:53', 'superadmin', '2025-09-09 14:21:42', 'superadmin', 1),
	(497, 'Plak ban hitam 5 cm', 1, NULL, '0', '0', '0', '0', 1, '2025-08-27 08:17:00', 'superadmin', '2025-09-09 14:23:50', 'superadmin', 1),
	(498, 'Plak ban merah 5 cm', 1, NULL, '0', '0', '0', '0', 1, '2025-08-27 08:17:15', 'superadmin', '2025-09-09 14:23:44', 'superadmin', 1),
	(499, 'Plastik laminating', 1, NULL, '0', '0', '0', '0', 1, '2025-08-27 08:17:37', 'superadmin', '2025-09-09 14:23:40', 'superadmin', 1),
	(500, 'Post It Plastik', 1, NULL, '0', '0', '0', '0', 1, '2025-08-27 08:17:54', 'superadmin', '2025-09-09 14:23:35', 'superadmin', 1),
	(501, 'Printer Cleaning Kits', 1, NULL, '0', '0', '0', '0', 1, '2025-08-27 08:18:09', 'superadmin', '2025-09-09 14:23:29', 'superadmin', 1),
	(502, 'Spidol besar non permanent BG,12', 1, NULL, '0', '0', '0', '0', 1, '2025-08-27 08:18:24', 'superadmin', '2025-09-09 14:23:22', 'superadmin', 1),
	(503, 'Spidol besar permanent G,12', 1, NULL, '0', '0', '0', '0', 1, '2025-08-27 08:18:43', 'superadmin', '2025-09-09 14:23:04', 'superadmin', 1),
	(504, 'Spidol Board Marker', 1, NULL, '0', '0', '0', '0', 1, '2025-08-27 08:18:59', 'superadmin', '2025-09-09 14:22:59', 'superadmin', 1),
	(505, 'Spidol Non Permanen', 1, NULL, '0', '0', '0', '0', 1, '2025-08-27 08:19:15', 'superadmin', '2025-09-09 14:22:54', 'superadmin', 1),
	(506, 'Spidol Operasi Skin Marker', 1, NULL, '0', '0', '0', '0', 1, '2025-08-27 08:19:59', 'superadmin', '2025-09-09 14:22:49', 'superadmin', 1),
	(507, 'Spidol Permanen', 1, NULL, '0', '0', '0', '0', 1, '2025-08-27 08:20:14', 'superadmin', '2025-09-09 14:25:35', 'superadmin', 1),
	(508, 'Stabilo', 1, NULL, '0', '0', '0', '0', 1, '2025-08-27 08:20:29', 'superadmin', '2025-09-09 14:25:30', 'superadmin', 1),
	(509, 'Staples (Kecil)', 1, NULL, '0', '0', '0', '0', 1, '2025-08-27 08:20:42', 'superadmin', '2025-09-09 14:25:25', 'superadmin', 1),
	(510, 'Staples Besar', 1, NULL, '0', '0', '0', '0', 1, '2025-08-27 08:21:18', 'superadmin', '2025-09-09 14:25:20', 'superadmin', 1),
	(511, 'Stempel Dinas', 1, NULL, '0', '0', '0', '0', 1, '2025-08-27 08:21:35', 'superadmin', '2025-09-09 14:25:15', 'superadmin', 1),
	(512, 'Stop Map Folio', 1, NULL, '0', '0', '0', '0', 1, '2025-08-27 08:21:52', 'superadmin', '2025-09-09 14:25:10', 'superadmin', 1),
	(513, 'Stop Map Snelhecter', 1, NULL, '0', '0', '0', '0', 1, '2025-08-27 08:22:43', 'superadmin', '2025-09-09 14:25:06', 'superadmin', 1),
	(514, 'Tinta PrinterHP Smart Tank GT 52 Magenta', 1, NULL, '0', '0', '0', '0', 1, '2025-08-27 08:23:02', 'superadmin', '2025-09-09 14:25:00', 'superadmin', 1),
	(515, 'Tinta Printer Epson 008 Black', 1, NULL, '0', '0', '0', '0', 1, '2025-08-27 08:23:16', 'superadmin', '2025-09-09 14:24:56', 'superadmin', 1),
	(516, 'Tinta Printer Epson 008 Cyan', 1, NULL, '0', '0', '0', '0', 1, '2025-08-27 08:23:29', 'superadmin', '2025-09-09 14:24:51', 'superadmin', 1),
	(517, 'Tinta Printer Epson 008 magenta', 1, NULL, '0', '0', '0', '0', 1, '2025-08-27 08:23:41', 'superadmin', '2025-09-09 14:26:29', 'superadmin', 1),
	(518, 'Tinta Printer Epson 008 yellow', 1, NULL, '0', '0', '0', '0', 1, '2025-08-27 08:23:55', 'superadmin', '2025-09-09 14:26:24', 'superadmin', 1),
	(519, 'Tinta Printer HP Smart Tank GT 52 Yellow', 1, NULL, '0', '0', '0', '0', 1, '2025-08-27 08:24:14', 'superadmin', '2025-09-09 14:26:19', 'superadmin', 1),
	(520, 'Tinta Printer HP Smart Tank GT 53', 1, NULL, '0', '0', '0', '0', 1, '2025-08-27 08:24:28', 'superadmin', '2025-09-09 14:26:08', 'superadmin', 1),
	(521, 'Tinta Printer HP Smart TankGT 52 Blue', 1, NULL, '0', '0', '0', '0', 1, '2025-08-27 08:24:44', 'superadmin', '2025-09-09 14:26:13', 'superadmin', 1),
	(522, 'Tinta Printer Id Card Fargo Dtc1250Id Pn 070207 Ribbon Ymcko', 1, NULL, '0', '0', '0', '0', 1, '2025-08-27 08:25:00', 'superadmin', '2025-09-09 14:26:00', 'superadmin', 1),
	(523, 'Tinta printer id card fargo DTC1250ID ribbon black', 1, NULL, '0', '0', '0', '0', 1, '2025-08-27 08:25:18', 'superadmin', '2025-09-09 14:25:56', 'superadmin', 1),
	(524, 'Tinta Printer Refil  Magenta (003)', 1, NULL, '0', '0', '0', '0', 1, '2025-08-27 08:57:11', 'superadmin', '2025-09-09 14:25:50', 'superadmin', 1),
	(525, 'Tinta Printer Refil Hitam Bk 790 (Canon G3010) ', 1, NULL, '0', '0', '0', '0', 1, '2025-08-27 08:57:53', 'superadmin', '2025-09-09 14:25:46', 'superadmin', 1),
	(526, 'Tinta Printer Refil L1455 Hitam (774)', 1, NULL, '0', '0', '0', '0', 1, '2025-08-27 08:58:12', 'superadmin', '2025-09-09 14:25:41', 'superadmin', 1),
	(527, 'Tinta Printer Refil L1455 Warna Biru (664)', 1, NULL, '0', '0', '0', '0', 1, '2025-08-27 08:58:31', 'superadmin', '2025-09-09 14:27:26', 'superadmin', 1),
	(528, 'Tinta Printer Refil L1455 Warna Hitam (664)', 1, NULL, '0', '0', '0', '0', 1, '2025-08-27 09:04:42', 'superadmin', '2025-09-09 14:27:22', 'superadmin', 1),
	(529, 'Tinta Printer Refil L1455 Warna Kuning (664) ', 1, NULL, '0', '0', '0', '0', 1, '2025-08-27 09:06:08', 'superadmin', '2025-09-09 14:27:14', 'superadmin', 1),
	(530, 'Tinta Printer Refil L1455 Warna Merah (664)', 1, NULL, '0', '0', '0', '0', 1, '2025-08-27 09:06:54', 'superadmin', '2025-09-09 14:27:10', 'superadmin', 1),
	(531, 'Tinta Printer Refil Warna Biru (003)', 1, NULL, '0', '0', '0', '0', 1, '2025-08-27 09:07:14', 'superadmin', '2025-09-09 14:27:04', 'superadmin', 1),
	(532, 'Tinta Printer Refil Warna Biru Bk 790 (Canon G3010)', 1, NULL, '0', '0', '0', '0', 1, '2025-08-27 09:08:48', 'superadmin', '2025-09-09 14:26:59', 'superadmin', 1),
	(533, 'Tinta Printer Refil Warna Cyan (001)', 1, NULL, '0', '0', '0', '0', 1, '2025-08-27 09:09:06', 'superadmin', '2025-09-09 14:26:55', 'superadmin', 1),
	(534, 'Tinta Printer Refil Warna Hitam (001)', 1, NULL, '0', '0', '0', '0', 1, '2025-08-27 09:09:30', 'superadmin', '2025-09-09 14:26:50', 'superadmin', 1),
	(535, 'Tinta Printer Refil Warna Hitam (003)', 1, NULL, '0', '0', '0', '0', 1, '2025-08-27 09:10:07', 'superadmin', '2025-09-09 14:26:45', 'superadmin', 1),
	(536, 'Tinta Printer Refil Warna Kuning (001)', 1, NULL, '0', '0', '0', '0', 1, '2025-08-27 09:12:18', 'superadmin', '2025-09-09 14:26:40', 'superadmin', 1),
	(537, 'Tinta Printer Refil Warna Kuning (003)', 1, NULL, '0', '0', '0', '0', 1, '2025-08-27 09:12:43', 'superadmin', '2025-09-09 14:28:29', 'superadmin', 1),
	(538, 'Tinta Printer Refil Warna Kuning Bk 790 (Canon G3010)', 1, NULL, '0', '0', '0', '0', 1, '2025-08-27 09:13:00', 'superadmin', '2025-09-09 14:28:22', 'superadmin', 1),
	(539, 'Tinta Printer Refil Warna Magenta (003)', 1, NULL, '0', '0', '0', '0', 1, '2025-08-27 09:13:23', 'superadmin', '2025-09-09 14:28:16', 'superadmin', 1),
	(540, 'Tinta Printer Refil Warna Merah Bk 790 (Canon G3010)', 1, NULL, '0', '0', '0', '0', 1, '2025-08-27 09:14:01', 'superadmin', '2025-09-09 14:28:11', 'superadmin', 1),
	(541, 'Tinta Printer Refil Warna Red (001)', 1, NULL, '0', '0', '0', '0', 1, '2025-08-27 09:14:31', 'superadmin', '2025-09-09 14:28:06', 'superadmin', 1),
	(542, 'Tinta printer refill hitam (005)', 1, NULL, '0', '0', '0', '0', 1, '2025-08-27 09:14:50', 'superadmin', '2025-09-09 14:28:02', 'superadmin', 1),
	(543, 'Tinta printer tipe 673 cyan', 1, NULL, '0', '0', '0', '0', 1, '2025-08-27 09:15:10', 'superadmin', '2025-09-09 14:27:57', 'superadmin', 1),
	(544, 'Tinta printer tipe 673 hitam', 1, NULL, '0', '0', '0', '0', 1, '2025-08-27 09:19:39', 'superadmin', '2025-09-09 14:27:50', 'superadmin', 1),
	(545, 'Tinta printer tipe 673 light cyan', 1, NULL, '0', '0', '0', '0', 1, '2025-08-27 09:20:50', 'superadmin', '2025-09-09 14:27:43', 'superadmin', 1),
	(546, 'Tinta printer tipe 673 light magenta', 1, NULL, '0', '0', '0', '0', 1, '2025-08-27 09:21:09', 'superadmin', '2025-09-09 14:27:34', 'superadmin', 1),
	(547, 'Tinta printer tipe 673 magenta', 1, NULL, '0', '0', '0', '0', 1, '2025-08-27 09:21:32', 'superadmin', '2025-09-09 14:29:31', 'superadmin', 1),
	(548, 'Tinta printer tipe 673 yellow', 1, NULL, '0', '0', '0', '0', 1, '2025-08-27 09:22:09', 'superadmin', '2025-09-09 14:29:26', 'superadmin', 1),
	(549, 'Tinta Stempel biasa', 1, NULL, '0', '0', '0', '0', 1, '2025-08-27 09:22:56', 'superadmin', '2025-09-09 14:29:20', 'superadmin', 1),
	(550, 'Tinta Stempel Flash', 1, NULL, '0', '0', '0', '0', 1, '2025-08-27 09:23:14', 'superadmin', '2025-09-09 14:29:14', 'superadmin', 1),
	(551, 'Tinta Stempel-Ink', 1, NULL, '0', '0', '0', '0', 1, '2025-08-27 09:23:36', 'superadmin', '2025-09-09 14:29:08', 'superadmin', 1),
	(552, 'Buku Cek', 1, NULL, '0', '0', '0', '0', 1, '2025-08-27 09:24:27', 'superadmin', '2025-09-09 14:29:03', 'superadmin', 1),
	(553, 'Toner HP Laserjet 416A (W2040A) Black Original', 1, NULL, '0', '0', '0', '0', 1, '2025-08-27 09:25:00', 'superadmin', '2025-09-09 14:28:56', 'superadmin', 1),
	(554, 'Toner HP Laserjet 416A (W2041A) Cyan Original', 1, NULL, '0', '0', '0', '0', 1, '2025-08-27 09:25:27', 'superadmin', '2025-09-09 14:28:50', 'superadmin', 1),
	(555, 'Toner HP Laserjet 416A (W2042A) Yelow Original', 1, NULL, '0', '0', '0', '0', 1, '2025-08-27 09:25:58', 'superadmin', '2025-09-09 14:28:45', 'superadmin', 1),
	(556, 'Toner HP Laserjet 416A (W2043A) Magenta Original', 1, NULL, '0', '0', '0', '0', 1, '2025-08-27 09:26:16', 'superadmin', '2025-09-09 14:28:36', 'superadmin', 1),
	(557, 'Bisband Uk 3 Cm', 1, NULL, '0', '0', '0', '0', 1, '2025-08-27 09:26:32', 'superadmin', '2025-09-09 14:30:32', 'superadmin', 1),
	(558, 'Bisband Uk 4 Cm', 1, NULL, '0', '0', '0', '0', 1, '2025-08-27 09:26:50', 'superadmin', '2025-09-09 14:30:27', 'superadmin', 1),
	(559, 'Bisband Uk 5 cm', 1, NULL, '0', '0', '0', '0', 1, '2025-08-27 09:27:13', 'superadmin', '2025-09-09 14:30:21', 'superadmin', 1),
	(560, 'Bowl Silikon', 1, NULL, '0', '0', '0', '0', 1, '2025-08-27 09:37:31', 'superadmin', '2025-09-09 14:30:14', 'superadmin', 1),
	(561, 'Cat Spray Warna Coklat Krem', 1, NULL, '0', '0', '0', '0', 1, '2025-08-27 09:42:09', 'superadmin', '2025-09-09 14:30:09', 'superadmin', 1),
	(562, 'CCI oskar', 1, NULL, '0', '0', '0', '0', 1, '2025-08-27 10:30:30', 'superadmin', '2025-09-09 14:30:04', 'superadmin', 1),
	(563, 'Elastis Korset 10 Cm', 1, NULL, '0', '0', '0', '0', 1, '2025-08-27 10:30:47', 'superadmin', '2025-09-09 14:29:59', 'superadmin', 1),
	(564, 'Gesper Sabuk 3 Cm', 1, NULL, '0', '0', '0', '0', 1, '2025-08-27 10:31:07', 'superadmin', '2025-09-09 14:29:53', 'superadmin', 1),
	(565, 'Gesper Sabuk 5 Cm', 1, NULL, '0', '0', '0', '0', 1, '2025-08-27 10:31:24', 'superadmin', '2025-09-09 14:29:47', 'superadmin', 1),
	(566, 'Jarum jahit singer', 1, NULL, '0', '0', '0', '0', 1, '2025-08-27 10:31:41', 'superadmin', '2025-09-09 14:29:41', 'superadmin', 1),
	(567, 'Jarum mesin jahit', NULL, NULL, '0', '0', '0', '0', 1, '2025-08-27 10:32:00', 'superadmin', '2025-09-02 10:44:49', 'superadmin', 0),
	(568, 'Kaos Stump', 1, NULL, '0', '0', '0', '0', 1, '2025-08-27 10:32:16', 'superadmin', '2025-09-09 14:31:45', 'superadmin', 1),
	(569, 'Keling Rivet 12 mm', 1, NULL, '0', '0', '0', '0', 1, '2025-08-27 10:32:32', 'superadmin', '2025-09-09 14:31:39', 'superadmin', 1),
	(570, 'Keling Rivet Alumunium', 1, NULL, '0', '0', '0', '0', 1, '2025-08-27 10:32:50', 'superadmin', '2025-09-09 14:31:34', 'superadmin', 1),
	(571, 'Kulit Sapi Lembaran', 1, NULL, '0', '0', '0', '0', 1, '2025-08-27 10:33:11', 'superadmin', '2025-09-09 14:31:28', 'superadmin', 1),
	(572, 'Kulit Sintetis Oscar', 1, NULL, '0', '0', '0', '0', 1, '2025-08-27 10:34:15', 'superadmin', '2025-09-09 14:31:23', 'superadmin', 1),
	(573, 'Lem Kuning (aibon)', 1, NULL, '0', '0', '0', '0', 1, '2025-08-27 10:34:39', 'superadmin', '2025-09-09 14:31:18', 'superadmin', 1),
	(574, 'Meteran Gergam', 1, NULL, '0', '0', '0', '0', 1, '2025-08-27 10:35:00', 'superadmin', '2025-09-09 14:31:13', 'superadmin', 1),
	(575, 'Minyak WD 40', 1, NULL, '0', '0', '0', '0', 1, '2025-08-27 10:35:13', 'superadmin', '2025-09-09 14:30:48', 'superadmin', 1),
	(576, 'Oli mesin jahit', NULL, NULL, '0', '0', '0', '0', 1, '2025-08-27 10:35:28', 'superadmin', '2025-09-02 10:50:56', 'superadmin', 0),
	(577, 'Plastik Polieteline 4 mm Putih', 1, NULL, '0', '0', '0', '0', 1, '2025-08-27 10:36:09', 'superadmin', '2025-09-09 14:30:43', 'superadmin', 1),
	(578, 'Plastik Polipropilen 3 mm Clear', 1, NULL, '0', '0', '0', '0', 1, '2025-08-27 10:36:24', 'superadmin', '2025-09-09 14:30:38', 'superadmin', 1),
	(579, 'Plastik Polipropilen 4mm Clear', 1, NULL, '0', '0', '0', '0', 1, '2025-08-27 13:39:31', 'superadmin', '2025-09-09 14:32:40', 'superadmin', 1),
	(580, 'Plastik Wrap', 1, NULL, '0', '0', '0', '0', 1, '2025-08-27 13:39:52', 'superadmin', '2025-09-09 14:32:36', 'superadmin', 1),
	(581, 'Sikat Kawar', 1, NULL, '0', '0', '0', '0', 1, '2025-08-27 13:46:23', 'superadmin', '2025-09-09 14:32:31', 'superadmin', 1),
	(582, 'Sole Karet Sandal', 1, NULL, '0', '0', '0', '0', 1, '2025-08-27 13:46:43', 'superadmin', '2025-09-09 14:32:26', 'superadmin', 1),
	(583, 'Spidol Tinta Air', 1, NULL, '0', '0', '0', '0', 1, '2025-08-27 13:54:50', 'superadmin', '2025-09-09 14:32:21', 'superadmin', 1),
	(584, 'Spon Eva 10 mm', 1, NULL, '0', '0', '0', '0', 1, '2025-08-27 13:55:06', 'superadmin', '2025-09-09 14:32:16', 'superadmin', 1),
	(585, 'Spon Eva 3 mm', 1, NULL, '0', '0', '0', '0', 1, '2025-08-27 13:55:26', 'superadmin', '2025-09-09 14:32:11', 'superadmin', 1),
	(586, 'Spon Eva 4 mm', 1, NULL, '0', '0', '0', '0', 1, '2025-08-27 13:55:42', 'superadmin', '2025-09-09 14:32:06', 'superadmin', 1),
	(587, 'Spon Eva 5 mm', 1, NULL, '0', '0', '0', '0', 1, '2025-08-27 13:56:02', 'superadmin', '2025-09-09 14:32:01', 'superadmin', 1),
	(588, 'Spon Eva 6 mm', 1, NULL, '0', '0', '0', '0', 1, '2025-08-27 13:56:22', 'superadmin', '2025-09-09 14:31:56', 'superadmin', 1),
	(589, 'Spon Eva 8 mm', 1, NULL, '0', '0', '0', '0', 1, '2025-08-27 13:56:37', 'superadmin', '2025-09-09 14:33:35', 'superadmin', 1),
	(590, 'Spon Plastasote 5 mm', 1, NULL, '0', '0', '0', '0', 1, '2025-08-27 13:56:53', 'superadmin', '2025-09-09 14:33:31', 'superadmin', 1),
	(591, 'Stoking Kaki', 1, NULL, '0', '0', '0', '0', 1, '2025-08-27 13:57:09', 'superadmin', '2025-09-09 14:33:26', 'superadmin', 1),
	(592, 'Surform Halfround', 1, NULL, '0', '0', '0', '0', 1, '2025-08-27 13:57:24', 'superadmin', '2025-09-09 14:33:16', 'superadmin', 1),
	(593, 'Tali Dinamo Mesin Jahit', 1, NULL, '0', '0', '0', '0', 1, '2025-08-27 13:57:42', 'superadmin', '2025-09-09 14:33:11', 'superadmin', 1),
	(594, 'Velcrow YKK 10 cm', 1, NULL, '0', '0', '0', '0', 1, '2025-08-27 13:57:57', 'superadmin', '2025-09-09 14:33:05', 'superadmin', 1),
	(595, 'Amplop Dinas Coklat (12 x 28 cm)', 1, NULL, '0', '0', '0', '0', 1, '2025-08-27 13:58:13', 'superadmin', '2025-09-09 14:33:01', 'superadmin', 1),
	(596, 'Amplop Radiologi Ukuran Besar', 1, NULL, '0', '0', '0', '0', 1, '2025-08-27 13:59:09', 'superadmin', '2025-09-09 14:32:56', 'superadmin', 1),
	(597, 'Amplop Radiologi Ukuran Sedang', 1, NULL, '0', '0', '0', '0', 1, '2025-08-27 14:02:54', 'superadmin', '2025-09-09 14:32:51', 'superadmin', 1),
	(598, 'Blangko Permintaan Pemeriksaan Lab/Radiologi', 1, NULL, '0', '0', '0', '0', 1, '2025-08-27 14:04:18', 'superadmin', '2025-09-09 14:32:46', 'superadmin', 1),
	(599, 'Bon makan ICU', 1, NULL, '0', '0', '0', '0', 1, '2025-08-27 14:07:32', 'superadmin', '2025-09-09 14:34:46', 'superadmin', 1),
	(600, 'Bon makan kelas 2/3', 1, NULL, '0', '0', '0', '0', 1, '2025-08-27 14:10:54', 'superadmin', '2025-09-09 14:34:39', 'superadmin', 1),
	(601, 'Buku Isihara/Buku Tes Warna', 1, NULL, '0', '0', '0', '0', 1, '2025-08-27 14:11:53', 'superadmin', '2025-09-09 14:34:31', 'superadmin', 1),
	(602, 'Copy Resep', 1, NULL, '0', '0', '0', '0', 1, '2025-08-27 14:12:19', 'superadmin', '2025-09-09 14:34:25', 'superadmin', 1),
	(603, 'Cover USG Radiologi dan Kandungan Kecil', 1, NULL, '0', '0', '0', '0', 1, '2025-08-27 14:13:18', 'superadmin', '2025-09-09 14:34:16', 'superadmin', 1),
	(604, 'Cover USG Radiologi Besar', 1, NULL, '0', '0', '0', '0', 1, '2025-08-27 14:13:34', 'superadmin', '2025-09-09 14:34:11', 'superadmin', 1),
	(605, 'Dokumen Rekam Medis Rawat Inap (Status Rawat Inap)', 1, NULL, '0', '0', '0', '0', 1, '2025-08-27 14:56:29', 'superadmin', '2025-09-09 14:34:06', 'superadmin', 1),
	(606, 'Form Waste (sisa makan)', 1, NULL, '0', '0', '0', '0', 1, '2025-08-27 15:02:36', 'superadmin', '2025-09-09 14:34:01', 'superadmin', 1),
	(607, 'Formulir  Observasi ICU (Lembar ICU)', 1, NULL, '0', '0', '0', '0', 1, '2025-08-27 15:03:29', 'superadmin', '2025-09-09 14:33:55', 'superadmin', 1),
	(608, 'Formulir Above Elbow', 1, NULL, '0', '0', '0', '0', 1, '2025-08-27 15:04:08', 'superadmin', '2025-09-09 14:33:42', 'superadmin', 1),
	(609, 'Formulir Asesmen Pra Induksi', 1, NULL, '0', '0', '0', '0', 1, '2025-08-27 15:04:33', 'superadmin', '2025-09-09 14:36:35', 'superadmin', 1),
	(610, 'Formulir Assesmen Pra Anastesi', 1, NULL, '0', '0', '0', '0', 1, '2025-08-27 15:05:00', 'superadmin', '2025-09-09 14:35:47', 'superadmin', 1),
	(611, 'Formulir Assesment Pra Bedah', 1, NULL, '0', '0', '0', '0', 1, '2025-08-27 15:05:18', 'superadmin', '2025-09-09 14:35:42', 'superadmin', 1),
	(612, 'Formulir Asuhan Keperawatan Perioperatif', 1, NULL, '0', '0', '0', '0', 1, '2025-08-27 15:05:45', 'superadmin', '2025-09-09 14:35:34', 'superadmin', 1),
	(613, 'Formulir Bellow Elbow Prostesis', 1, NULL, '0', '0', '0', '0', 1, '2025-08-27 15:06:11', 'superadmin', '2025-09-09 14:35:27', 'superadmin', 1),
	(614, 'Formulir Blanko Rujukan Rawat Inap', 1, NULL, '0', '0', '0', '0', 1, '2025-08-27 15:06:33', 'superadmin', '2025-09-09 14:35:22', 'superadmin', 1),
	(615, 'Formulir Bon Makan Kelas 1', 1, NULL, '0', '0', '0', '0', 1, '2025-08-27 15:07:37', 'superadmin', '2025-09-09 14:35:17', 'superadmin', 1),
	(616, 'Formulir Cek List Supervisi Pelayanan Anastesi', 1, NULL, '0', '0', '0', '0', 1, '2025-08-27 15:07:57', 'superadmin', '2025-09-09 14:35:12', 'superadmin', 1),
	(617, 'Formulir Ceklist Persiapan Rever / Rujuk Ambulance', 1, NULL, '0', '0', '0', '0', 1, '2025-08-27 15:08:15', 'superadmin', '2025-09-09 14:35:07', 'superadmin', 1),
	(618, 'Formulir Checklist Surgical Safety', 1, NULL, '0', '0', '0', '0', 1, '2025-08-27 15:09:50', 'superadmin', '2025-09-09 14:35:02', 'superadmin', 1),
	(619, 'Formulir Clinical Pathway Diabetes Mellitus Tipe 2', 1, NULL, '0', '0', '0', '0', 1, '2025-08-27 15:10:10', 'superadmin', '2025-09-09 14:37:52', 'superadmin', 1),
	(620, 'Formulir Clinical Pathway Perdarahan Post Partum', 1, NULL, '0', '0', '0', '0', 1, '2025-08-27 15:10:39', 'superadmin', '2025-09-09 14:37:47', 'superadmin', 1),
	(621, 'Formulir Clinical Pathway Preeklamsia Berat', 1, NULL, '0', '0', '0', '0', 1, '2025-08-27 15:11:20', 'superadmin', '2025-09-09 14:37:39', 'superadmin', 1),
	(622, 'Formulir Clinical Pathway Reaksi Kusta', 1, NULL, '0', '0', '0', '0', 1, '2025-08-27 15:11:37', 'superadmin', '2025-09-09 14:37:34', 'superadmin', 1),
	(623, 'Formulir Clinical Pathway Stroke Infark', 1, NULL, '0', '0', '0', '0', 1, '2025-08-27 15:11:51', 'superadmin', '2025-09-09 14:37:29', 'superadmin', 1),
	(624, 'Formulir Daftar Pemberian Obat', 1, NULL, '0', '0', '0', '0', 1, '2025-08-27 15:12:39', 'superadmin', '2025-09-09 14:37:06', 'superadmin', 1),
	(625, 'Formulir Daftar Tilik Pasien Pre dan Post Operasi', 1, NULL, '0', '0', '0', '0', 1, '2025-08-27 15:12:55', 'superadmin', '2025-09-09 14:37:00', 'superadmin', 1),
	(626, 'Formulir Edukasi Pasien', 1, NULL, '0', '0', '0', '0', 1, '2025-08-27 15:13:12', 'superadmin', '2025-09-09 14:36:55', 'superadmin', 1),
	(627, 'Formulir Follow Up Perawatan Pasien & Terapi Antiretroviral', 1, NULL, '0', '0', '0', '0', 1, '2025-08-27 15:14:28', 'superadmin', '2025-09-09 14:36:50', 'superadmin', 1),
	(628, 'Formulir Hand Over Jaga Dokter IGD', 1, NULL, '0', '0', '0', '0', 1, '2025-08-27 15:14:45', 'superadmin', '2025-09-09 14:36:43', 'superadmin', 1),
	(629, 'Formulir Identifikasi Bayi Baru Lahir', 1, NULL, '0', '0', '0', '0', 1, '2025-08-27 15:15:00', 'superadmin', '2025-09-09 14:40:47', 'superadmin', 1),
	(630, 'Formulir Ikhtisar Perawatan Pasien HIV dan Terapi Antiretroviral (ART)', 1, NULL, '0', '0', '0', '0', 1, '2025-08-27 15:15:14', 'superadmin', '2025-09-09 14:40:42', 'superadmin', 1),
	(631, 'Formulir Informasi dan Persetujuan Perawatan Saluran Akar (PSA)/Endodontik', 1, NULL, '0', '0', '0', '0', 1, '2025-08-27 15:15:37', 'superadmin', '2025-09-09 14:40:37', 'superadmin', 1),
	(632, 'Formulir Informasi Dan Persetujuan Tindakan Anastesi General', 1, NULL, '0', '0', '0', '0', 1, '2025-08-27 15:15:57', 'superadmin', '2025-09-09 14:40:32', 'superadmin', 1),
	(633, 'Formulir Informasi Dan Persetujuan Tindakan Anastesi Lokal', 1, NULL, '0', '0', '0', '0', 1, '2025-08-27 15:16:20', 'superadmin', '2025-09-09 14:40:26', 'superadmin', 1),
	(634, 'Formulir Informasi dan Persetujuan Tindakan Anastesi Regional - SAB', 1, NULL, '0', '0', '0', '0', 1, '2025-08-27 15:16:41', 'superadmin', '2025-09-09 14:40:21', 'superadmin', 1),
	(635, 'Formulir Informasi Dan Persetujuan Tindakan Sedasi', 1, NULL, '0', '0', '0', '0', 1, '2025-08-27 15:17:25', 'superadmin', '2025-09-09 14:39:16', 'superadmin', 1),
	(636, 'Formulir Klaim Rawat Jalan Layanan Kedokteran Fisik dan Rehabilitasi', 1, NULL, '0', '0', '0', '0', 1, '2025-08-27 15:17:44', 'superadmin', '2025-09-09 14:39:07', 'superadmin', 1),
	(637, 'Formulir Ketepatan Diet Pasien Dan Waktu Distribusi Makanan', 1, NULL, '0', '0', '0', '0', 1, '2025-08-27 15:17:59', 'superadmin', '2025-09-09 14:38:51', 'superadmin', 1),
	(638, 'Formulir Konsultasi DPJP', 1, NULL, '0', '0', '0', '0', 1, '2025-08-27 15:18:15', 'superadmin', '2025-09-09 14:38:47', 'superadmin', 1),
	(639, 'Formulir Kriteria Keluar ICU', 1, NULL, '0', '0', '0', '0', 1, '2025-08-27 15:18:37', 'superadmin', '2025-09-09 14:42:02', 'superadmin', 1),
	(640, 'Formulir Kriteria Robson', 1, NULL, '0', '0', '0', '0', 1, '2025-08-27 15:18:52', 'superadmin', '2025-09-09 14:41:57', 'superadmin', 1),
	(641, 'Formulir Laporan Operasi', 1, NULL, '0', '0', '0', '0', 1, '2025-08-27 15:19:09', 'superadmin', '2025-09-09 14:41:52', 'superadmin', 1),
	(642, 'Formulir Laporan Operasi Katarak', 1, NULL, '0', '0', '0', '0', 1, '2025-08-27 15:19:30', 'superadmin', '2025-09-09 14:41:47', 'superadmin', 1),
	(643, 'Formulir Lembar Edukasi Penundaan Pelayanan', 1, NULL, '0', '0', '0', '0', 1, '2025-08-27 15:19:48', 'superadmin', '2025-09-09 14:41:42', 'superadmin', 1),
	(644, 'Formulir Lembar Edukasi Penundaan Pelayanan Karena Observasi', 1, NULL, '0', '0', '0', '0', 1, '2025-08-27 15:20:21', 'superadmin', '2025-09-09 14:41:26', 'superadmin', 1),
	(645, 'Formulir Lembar Observasi', NULL, NULL, '0', '0', '0', '0', 1, '2025-08-27 15:20:44', 'superadmin', '2025-09-02 14:37:11', 'superadmin', 0),
	(646, 'Formulir Lembar Observasi', 1, NULL, '0', '0', '0', '0', 1, '2025-08-27 15:20:57', 'superadmin', '2025-09-09 14:41:13', 'superadmin', 1),
	(647, 'Formulir Lembar Patograf', 1, NULL, '0', '0', '0', '0', 1, '2025-08-27 15:21:13', 'superadmin', '2025-09-09 14:41:06', 'superadmin', 1),
	(648, 'Formulir Lumbal Sacral Orthosis (LSO)', 1, NULL, '0', '0', '0', '0', 1, '2025-08-27 15:21:29', 'superadmin', '2025-09-09 14:41:00', 'superadmin', 1),
	(649, 'Formulir Monitoring Anastesi Lokal', 1, NULL, '0', '0', '0', '0', 1, '2025-08-27 15:21:47', 'superadmin', '2025-09-09 14:40:54', 'superadmin', 1),
	(650, 'Formulir Monitoring Pasca Anasthesi', 1, NULL, '0', '0', '0', '0', 1, '2025-08-27 15:22:27', 'superadmin', '2025-09-09 14:43:43', 'superadmin', 1),
	(651, 'Formulir Monitoring Pemakaian Ventilator', 1, NULL, '0', '0', '0', '0', 1, '2025-08-27 15:22:43', 'superadmin', '2025-09-09 14:43:34', 'superadmin', 1),
	(652, 'Formulir Observasi NCR', 1, NULL, '0', '0', '0', '0', 1, '2025-08-27 15:22:59', 'superadmin', '2025-09-09 14:43:29', 'superadmin', 1),
	(653, 'Formulir Observasi Persalinan', 1, NULL, '0', '0', '0', '0', 1, '2025-08-27 15:23:16', 'superadmin', '2025-09-09 14:43:19', 'superadmin', 1),
	(654, 'Formulir Pelaporan Efek Samping Obat (MESSO)', 1, NULL, '0', '0', '0', '0', 1, '2025-08-27 15:23:30', 'superadmin', '2025-09-09 14:43:24', 'superadmin', 1),
	(655, 'Formulir Pelayanan Antar Obat Rawat Jalan', 1, NULL, '0', '0', '0', '0', 1, '2025-08-27 15:23:47', 'superadmin', '2025-09-09 14:43:13', 'superadmin', 1),
	(656, 'Formulir Pelayanan Rujukan Ambulance', 1, NULL, '0', '0', '0', '0', 1, '2025-08-27 15:24:02', 'superadmin', '2025-09-09 14:42:54', 'superadmin', 1),
	(657, 'Formulir Pemantauan Terapi Obat', 1, NULL, '0', '0', '0', '0', 1, '2025-08-27 15:24:22', 'superadmin', '2025-09-09 14:42:47', 'superadmin', 1),
	(658, 'Formulir Pemberian Dan Persetujuan Transfusi Darah', 1, NULL, '0', '0', '0', '0', 1, '2025-08-27 15:24:35', 'superadmin', '2025-09-09 14:42:40', 'superadmin', 1),
	(659, 'Formulir Pemberian Informasi dan Persetujuan (IC Kosongan)', 1, NULL, '0', '0', '0', '0', 1, '2025-08-27 15:25:23', 'superadmin', '2025-09-09 14:42:12', 'superadmin', 1),
	(660, 'Formulir Pemberian Informasi dan Persetujuan Curretage Dan Root Planning (Jika Diperlukan Anastesi)', 1, NULL, '0', '0', '0', '0', 1, '2025-08-27 15:25:40', 'superadmin', '2025-09-09 14:45:00', 'superadmin', 1),
	(661, 'Formulir Pemberian Informasi dan Persetujuan Debridement Mukosa dan Pengelolaan Luka Sayat', 1, NULL, '0', '0', '0', '0', 1, '2025-08-27 15:25:55', 'superadmin', '2025-09-09 14:44:55', 'superadmin', 1),
	(662, 'Formulir Pemberian Informasi dan Persetujuan Ekstraksi Gigi/Odontektomi', 1, NULL, '0', '0', '0', '0', 1, '2025-08-27 15:26:12', 'superadmin', '2025-09-09 14:44:49', 'superadmin', 1),
	(663, 'Formulir Pemberian Informasi dan Persetujuan Operasi Katarak', 1, NULL, '0', '0', '0', '0', 1, '2025-08-27 15:26:29', 'superadmin', '2025-09-09 14:44:30', 'superadmin', 1),
	(664, 'Formulir Pemberian Informasi dan Persetujuan Operasi Kuret Kandungan D & C (Dilation And Curettage)', 1, NULL, '0', '0', '0', '0', 1, '2025-08-27 15:26:45', 'superadmin', '2025-09-09 14:44:23', 'superadmin', 1),
	(665, 'Formulir Pemberian Informasi dan Persetujuan Operasi Pterygium', 1, NULL, '0', '0', '0', '0', 1, '2025-08-27 15:26:59', 'superadmin', '2025-09-09 14:44:15', 'superadmin', 1),
	(666, 'Formulir Pemberian Informasi dan Persetujuan Operasi Steril Kandungan (Metode Operasi Wanita/MOW)', 1, NULL, '0', '0', '0', '0', 1, '2025-08-27 15:27:14', 'superadmin', '2025-09-09 14:44:08', 'superadmin', 1),
	(667, 'Formulir Pemberian Informasi dan Persetujuan Tindakan Sectio Caesaria (SC)', 1, NULL, '0', '0', '0', '0', 1, '2025-08-27 15:27:26', 'superadmin', '2025-09-09 14:44:03', 'superadmin', 1),
	(668, 'Formulir Pemberian Informasi dan Persetujuan Tranfusi Darah', 1, NULL, '0', '0', '0', '0', 1, '2025-08-27 15:27:42', 'superadmin', '2025-09-09 14:43:57', 'superadmin', 1),
	(669, 'Formulir Pemeriksaan Kusta (POD)', 1, NULL, '0', '0', '0', '0', 1, '2025-08-27 15:27:59', 'superadmin', '2025-09-09 14:43:51', 'superadmin', 1),
	(670, 'Formulir Pemesanan Ambulance', 1, NULL, '0', '0', '0', '0', 1, '2025-08-27 15:28:17', 'superadmin', '2025-09-09 14:46:57', 'superadmin', 1),
	(671, 'Formulir Penandaan Lokasi Gigi (Odontogram)', NULL, NULL, '0', '0', '0', '0', 1, '2025-08-27 15:28:36', 'superadmin', '2025-09-03 07:42:57', 'superadmin', 0),
	(672, 'Formulir Penandaan Lokasi Gigi (Odontogram)', 1, NULL, '0', '0', '0', '0', 1, '2025-08-27 15:29:01', 'superadmin', '2025-09-09 14:46:52', 'superadmin', 1),
	(673, 'Formulir Penandaan Lokasi Wanita', 1, NULL, '0', '0', '0', '0', 1, '2025-08-27 15:29:15', 'superadmin', '2025-09-09 14:46:45', 'superadmin', 1),
	(674, 'Formulir Pencatatan Kelembapan Ruangan', 1, NULL, '0', '0', '0', '0', 1, '2025-08-27 15:29:35', 'superadmin', '2025-09-09 14:46:17', 'superadmin', 1),
	(675, 'Formulir Pencatatan Temperatur Lemari Pendingin', 1, NULL, '0', '0', '0', '0', 1, '2025-08-27 15:30:43', 'superadmin', '2025-09-09 14:46:12', 'superadmin', 1),
	(676, 'Formulir Pencatatan Temperatur Ruangan', 1, NULL, '0', '0', '0', '0', 1, '2025-08-27 15:30:59', 'superadmin', '2025-09-09 14:46:06', 'superadmin', 1),
	(677, 'Formulir Pengelolaan Tranfusi', 1, NULL, '0', '0', '0', '0', 1, '2025-08-27 15:31:18', 'superadmin', '2025-09-09 14:45:57', 'superadmin', 1),
	(678, 'Formulir Penolakan Rawat Inap', 1, NULL, '0', '0', '0', '0', 1, '2025-08-27 15:31:46', 'superadmin', '2025-09-09 14:45:50', 'superadmin', 1),
	(679, 'Formulir Penyerahan Organ Dan Implan', 1, NULL, '0', '0', '0', '0', 1, '2025-08-27 15:33:07', 'superadmin', '2025-09-09 14:45:13', 'superadmin', 1),
	(680, 'Formulir Permintaan Darah Untuk Transfusi (Ncr Rangkap 2)', 1, NULL, '0', '0', '0', '0', 1, '2025-08-27 15:33:19', 'superadmin', '2025-09-09 14:45:07', 'superadmin', 1),
	(681, 'Formulir Permintaan Infus dan Alkes IGD (Form Panjang)', 1, NULL, '0', '0', '0', '0', 1, '2025-08-27 15:33:36', 'superadmin', '2025-09-09 14:47:53', 'superadmin', 1),
	(682, 'Formulir Permintaan Kruk', 1, NULL, '0', '0', '0', '0', 1, '2025-08-27 15:34:52', 'superadmin', '2025-09-09 14:47:47', 'superadmin', 1),
	(683, 'Formulir Permintaan Obat Injeksi IGD (Form Pendek)', 1, NULL, '0', '0', '0', '0', 1, '2025-08-27 15:35:27', 'superadmin', '2025-09-09 14:47:42', 'superadmin', 1),
	(684, 'Formulir Pernyataan Naik Kelas dan Titipan Kelas', 1, NULL, '0', '0', '0', '0', 1, '2025-08-27 15:35:52', 'superadmin', '2025-09-09 14:47:36', 'superadmin', 1),
	(685, 'Formulir Pernyataan Rencana Biakes Maskin', 1, NULL, '0', '0', '0', '0', 1, '2025-08-27 15:36:15', 'superadmin', '2025-09-09 14:47:31', 'superadmin', 1),
	(686, 'Formulir Persetujuan Masuk ICU', 1, NULL, '0', '0', '0', '0', 1, '2025-08-27 15:36:32', 'superadmin', '2025-09-09 14:47:25', 'superadmin', 1),
	(687, 'Formulir Persetujuan Pengaktifan BPJS Kesehatan (Dorman)', 1, NULL, '0', '0', '0', '0', 1, '2025-08-27 15:37:26', 'superadmin', '2025-09-09 14:47:21', 'superadmin', 1),
	(688, 'Formulir Persetujuan Resusitasi', 1, NULL, '0', '0', '0', '0', 1, '2025-08-27 15:37:41', 'superadmin', '2025-09-09 14:47:15', 'superadmin', 1),
	(689, 'Formulir Persetujuan Rujukan', 1, NULL, '0', '0', '0', '0', 1, '2025-08-27 15:37:55', 'superadmin', '2025-09-09 14:47:11', 'superadmin', 1),
	(690, 'Formulir Persetujuan Untuk Tes HIV', 1, NULL, '0', '0', '0', '0', 1, '2025-08-27 15:38:10', 'superadmin', '2025-09-09 14:47:05', 'superadmin', 1),
	(691, 'Formulir PMKP', 1, NULL, '0', '0', '0', '0', 1, '2025-08-27 15:38:41', 'superadmin', '2025-09-09 14:48:53', 'superadmin', 1),
	(692, 'Formulir Rawat Jalan', 1, NULL, '0', '0', '0', '0', 1, '2025-08-27 15:38:56', 'superadmin', '2025-09-09 14:48:46', 'superadmin', 1),
	(693, 'Formulir Rekonsiliasi Obat', 1, NULL, '0', '0', '0', '0', 1, '2025-08-27 15:39:08', 'superadmin', '2025-09-09 14:48:39', 'superadmin', 1),
	(694, 'Formulir Resep Kaca Mata', 1, NULL, '0', '0', '0', '0', 1, '2025-08-27 15:39:29', 'superadmin', '2025-09-09 14:48:34', 'superadmin', 1),
	(695, 'Formulir Retur Sediaan Farmasi', 1, NULL, '0', '0', '0', '0', 1, '2025-08-27 15:40:10', 'superadmin', '2025-09-09 14:48:22', 'superadmin', 1),
	(696, 'Formulir Rincian Pemakaian Obat OK', 1, NULL, '0', '0', '0', '0', 1, '2025-08-27 15:40:36', 'superadmin', '2025-09-09 14:48:28', 'superadmin', 1),
	(697, 'Formulir Rujukan Internal', 1, NULL, '0', '0', '0', '0', 1, '2025-08-27 15:40:53', 'superadmin', '2025-09-09 14:48:16', 'superadmin', 1),
	(698, 'Formulir Rujukan Pasien Antar Rumah Sakit (Surat Rujukan)', 1, NULL, '0', '0', '0', '0', 1, '2025-08-27 15:41:25', 'superadmin', '2025-09-09 14:48:11', 'superadmin', 1),
	(699, 'Formulir Rujukan Rumah Sakit', 1, NULL, '0', '0', '0', '0', 1, '2025-08-27 15:41:40', 'superadmin', '2025-09-09 14:48:05', 'superadmin', 1),
	(700, 'Formulir SBAR', 1, NULL, '0', '0', '0', '0', 1, '2025-08-27 15:42:28', 'superadmin', '2025-09-09 14:48:00', 'superadmin', 1),
	(701, 'Formulir Sensus Harian Pasien Rawat Inap', 1, NULL, '0', '0', '0', '0', 1, '2025-08-27 15:46:14', 'superadmin', '2025-09-09 14:53:23', 'superadmin', 1),
	(702, 'Formulir Serah Terima Obat Yang Dibawa Dari Luar RS', 1, NULL, '0', '0', '0', '0', 1, '2025-08-27 15:46:29', 'superadmin', '2025-09-09 14:53:18', 'superadmin', 1),
	(703, 'Formulir Skrining Pasien Rawat Jalan', 1, NULL, '0', '0', '0', '0', 1, '2025-08-27 15:46:48', 'superadmin', '2025-09-09 14:53:12', 'superadmin', 1),
	(704, 'Formulir Status Sedasi', 1, NULL, '0', '0', '0', '0', 1, '2025-08-27 15:47:08', 'superadmin', '2025-09-09 14:53:07', 'superadmin', 1),
	(705, 'Formulir Surat Keterangan Kontrol Poli', 1, NULL, '0', '0', '0', '0', 1, '2025-08-27 15:47:25', 'superadmin', '2025-09-09 14:53:01', 'superadmin', 1),
	(706, 'Formulir Surat Pernyataan Pulang Atas Permintaan Sendiri (APS)', 1, NULL, '0', '0', '0', '0', 1, '2025-08-27 15:47:50', 'superadmin', '2025-09-09 14:52:56', 'superadmin', 1),
	(707, 'Formulir Surat Rujukan Pasien Umum', 1, NULL, '0', '0', '0', '0', 1, '2025-08-27 16:01:36', 'superadmin', '2025-09-09 14:52:50', 'superadmin', 1),
	(708, 'Formulir Transfer Intra Rumah Sakit', 1, NULL, '0', '0', '0', '0', 1, '2025-08-27 16:01:50', 'superadmin', '2025-09-09 14:52:45', 'superadmin', 1),
	(709, 'Formulir Triage Terintegrasi', 1, NULL, '0', '0', '0', '0', 1, '2025-08-27 16:02:06', 'superadmin', '2025-09-09 14:52:39', 'superadmin', 1),
	(710, 'Formulir Ukur Below Knee', 1, NULL, '0', '0', '0', '0', 1, '2025-08-27 16:02:29', 'superadmin', '2025-09-09 14:52:33', 'superadmin', 1),
	(711, 'Formulir Usulan Sediaan Farmasi Dan Alat Kesehatan', 1, NULL, '0', '0', '0', '0', 1, '2025-08-27 16:03:08', 'superadmin', '2025-09-09 14:52:23', 'superadmin', 1),
	(712, 'Formulir Visum Hidup', 1, NULL, '0', '0', '0', '0', 1, '2025-08-27 16:03:24', 'superadmin', '2025-09-09 14:52:17', 'superadmin', 1),
	(713, 'Formulir Visum Jenazah', 1, NULL, '0', '0', '0', '0', 1, '2025-08-27 16:03:41', 'superadmin', '2025-09-09 14:52:11', 'superadmin', 1),
	(714, 'Kartu Administrasi Pasien IGD', 1, NULL, '0', '0', '0', '0', 1, '2025-08-27 16:03:56', 'superadmin', '2025-09-09 14:52:06', 'superadmin', 1),
	(715, 'Kartu Pasien HIV', 1, NULL, '0', '0', '0', '0', 1, '2025-08-27 16:04:11', 'superadmin', '2025-09-09 14:52:01', 'superadmin', 1),
	(716, 'Kartu Pelayanan Poli Gizi', 1, NULL, '0', '0', '0', '0', 1, '2025-08-27 16:04:28', 'superadmin', '2025-09-09 14:51:56', 'superadmin', 1),
	(717, 'Kartu Penyerahan Spesimen', 1, NULL, '0', '0', '0', '0', 1, '2025-08-27 16:04:40', 'superadmin', '2025-09-09 14:51:50', 'superadmin', 1),
	(718, 'Kartu Skor Poedji Rochjati', 1, NULL, '0', '0', '0', '0', 1, '2025-08-27 16:04:53', 'superadmin', '2025-09-09 14:51:44', 'superadmin', 1),
	(719, 'Kartu Stok Farmasi', 1, NULL, '0', '0', '0', '0', 1, '2025-08-27 16:05:08', 'superadmin', '2025-09-09 14:51:39', 'superadmin', 1),
	(720, 'Kertas Puyer Berlogo (60.000 Pcs) ', 1, NULL, '0', '0', '0', '0', 1, '2025-08-27 16:05:20', 'superadmin', '2025-09-09 14:51:31', 'superadmin', 1),
	(721, 'Leaflet Daftar Diet DM', 1, NULL, '0', '0', '0', '0', 1, '2025-08-27 16:05:38', 'superadmin', '2025-09-09 14:51:23', 'superadmin', 1),
	(722, 'Leaflet Daftar Diet Rendah Lemak', 1, NULL, '0', '0', '0', '0', 1, '2025-08-27 16:05:51', 'superadmin', '2025-09-09 14:51:15', 'superadmin', 1),
	(723, 'Lembar 1 SPPD', 1, NULL, '0', '0', '0', '0', 1, '2025-08-27 16:06:03', 'superadmin', '2025-09-09 14:51:08', 'superadmin', 1),
	(724, 'Lembar 2 SPPD', 1, NULL, '0', '0', '0', '0', 1, '2025-08-27 16:06:23', 'superadmin', '2025-09-09 14:51:03', 'superadmin', 1),
	(725, 'Poster', 1, NULL, '0', '0', '0', '0', 1, '2025-08-27 16:06:49', 'superadmin', '2025-09-09 14:50:58', 'superadmin', 1),
	(726, 'Resep Asli', 1, NULL, '0', '0', '0', '0', 1, '2025-08-27 16:07:03', 'superadmin', '2025-09-09 14:50:33', 'superadmin', 1),
	(727, 'Snelen Chart', 1, NULL, '0', '0', '0', '0', 1, '2025-08-27 16:07:17', 'superadmin', '2025-09-09 14:50:27', 'superadmin', 1),
	(728, 'Stopmap Logo Dinas', 1, NULL, '0', '0', '0', '0', 1, '2025-08-27 16:07:31', 'superadmin', '2025-09-09 14:50:22', 'superadmin', 1),
	(729, 'Surat Keterangan Dirawat', 1, NULL, '0', '0', '0', '0', 1, '2025-08-27 16:07:45', 'superadmin', '2025-09-09 14:50:14', 'superadmin', 1),
	(730, 'Surat Keterangan Sakit', 1, NULL, '0', '0', '0', '0', 1, '2025-08-27 16:07:57', 'superadmin', '2025-09-09 14:50:08', 'superadmin', 1),
	(731, 'Penjilidan', 1, NULL, '0', '0', '0', '0', 1, '2025-08-27 16:08:10', 'superadmin', '2025-09-09 14:50:01', 'superadmin', 1),
	(732, 'Foto copy', 1, NULL, '0', '0', '0', '0', 1, '2025-08-27 16:08:23', 'superadmin', '2025-09-09 14:49:54', 'superadmin', 1),
	(733, 'Pemantapan Mutu Eksternal Urinalisis', 1, NULL, '0', '1', '0', '0', 1, '2025-08-28 07:21:38', 'superadmin', '2025-09-09 14:49:48', 'superadmin', 1),
	(734, 'Pemantapan Mutu Eksternal Hematologi', 1, NULL, '0', '1', '0', '0', 1, '2025-08-28 07:23:00', 'superadmin', '2025-09-09 14:49:41', 'superadmin', 1),
	(735, 'Pemantapan Mutu Eksternal Kimia Klinik', 1, NULL, '0', '1', '0', '0', 1, '2025-08-28 07:23:26', 'superadmin', '2025-09-09 14:49:36', 'superadmin', 1),
	(736, 'Jasa pembacaan quality control film badge Radiologi oleh BPFK (14 TLD Badge x 4 kali)', 1, NULL, '0', '1', '0', '0', 1, '2025-08-28 07:23:41', 'superadmin', '2025-09-09 14:49:28', 'superadmin', 1),
	(737, 'Pengujian Dosimeter Saku', 1, NULL, '0', '1', '0', '0', 1, '2025-08-28 07:23:53', 'superadmin', '2025-09-09 14:49:22', 'superadmin', 1),
	(738, 'Pengujian TLD Lensa (4 TLD x 4 kali)', 1, NULL, '0', '1', '0', '0', 1, '2025-08-28 07:24:08', 'superadmin', '2025-09-09 14:49:14', 'superadmin', 1),
	(739, 'Biaya Perijinan Radiologi Diagnostik (Perubahan Penambahan Sumber Radiasi Pengion)', 1, NULL, '0', '1', '0', '0', 1, '2025-08-28 07:24:28', 'superadmin', '2025-09-09 14:49:09', 'superadmin', 1),
	(740, 'Kalibrasi Analytical Balance', 1, NULL, '0', '0', '0', '0', 1, '2025-08-28 07:24:54', 'superadmin', '2025-09-08 08:08:11', 'superadmin', 1),
	(741, 'kalibrasi Anestesi Vaporizer', 1, NULL, '0', '0', '0', '0', 1, '2025-08-28 07:25:47', 'superadmin', '2025-09-08 08:07:55', 'superadmin', 1),
	(742, 'Kalibrasi Anti Decubitus', 1, NULL, '0', '1', '0', '0', 1, '2025-08-28 07:26:54', 'superadmin', '2025-09-08 08:07:50', 'superadmin', 1),
	(743, 'Kalibrasi Autoclave', 1, NULL, '0', '1', '0', '0', 1, '2025-08-28 07:27:15', 'superadmin', '2025-09-08 08:07:45', 'superadmin', 1),
	(744, 'Kalibrasi Baby Incubator', 1, NULL, '0', '1', '0', '0', 1, '2025-08-28 07:27:31', 'superadmin', '2025-09-08 08:07:41', 'superadmin', 1),
	(745, 'Kalibrasi Bedside Monitor', 1, NULL, '0', '1', '0', '0', 1, '2025-08-28 07:30:06', 'superadmin', '2025-09-08 08:07:37', 'superadmin', 1),
	(746, 'Kalibrasi Blood Warmer', 1, NULL, '0', '1', '0', '0', 1, '2025-08-28 07:32:53', 'superadmin', '2025-09-08 08:07:31', 'superadmin', 1),
	(747, 'Kalibrasi Centrifuge', 1, NULL, '0', '1', '0', '0', 1, '2025-08-28 07:34:30', 'superadmin', '2025-09-08 08:07:26', 'superadmin', 1),
	(748, 'Kalibrasi Defibrilator', 1, NULL, '0', '1', '0', '0', 1, '2025-08-28 07:34:55', 'superadmin', '2025-09-08 08:06:46', 'superadmin', 1),
	(749, 'Kalibrasi Dental Unit', 1, NULL, '0', '1', '0', '0', 1, '2025-08-28 07:35:19', 'superadmin', '2025-09-08 08:06:41', 'superadmin', 1),
	(750, 'Kalibrasi Decubitus', 1, NULL, '0', '1', '0', '0', 1, '2025-08-28 07:35:39', 'superadmin', '2025-09-08 08:06:36', 'superadmin', 1),
	(751, 'Kalibrasi Doppler', 1, NULL, '0', '1', '0', '0', 1, '2025-08-28 07:35:53', 'superadmin', '2025-09-08 08:06:30', 'superadmin', 1),
	(752, 'Kalibrasi ECG', 1, NULL, '0', '1', '0', '0', 1, '2025-08-28 07:36:13', 'superadmin', '2025-09-08 08:06:26', 'superadmin', 1),
	(753, 'Kalibrasi ESU', 1, NULL, '0', '1', '0', '0', 1, '2025-08-28 07:36:27', 'superadmin', '2025-09-08 08:06:20', 'superadmin', 1),
	(754, 'Kalibrasi Flowmeter', 1, NULL, '0', '1', '0', '0', 1, '2025-08-28 07:36:41', 'superadmin', '2025-09-08 08:06:15', 'superadmin', 1),
	(755, 'Kalibrasi Incubator Lab', 1, NULL, '0', '1', '0', '0', 1, '2025-08-28 07:37:19', 'superadmin', '2025-09-08 08:06:09', 'superadmin', 1),
	(756, 'Kalibrasi Incubator Transport', 1, NULL, '0', '1', '0', '0', 1, '2025-08-28 07:37:31', 'superadmin', '2025-09-08 08:05:59', 'superadmin', 1),
	(757, 'Kalibrasi Infant Warmer', 1, NULL, '0', '1', '0', '0', 1, '2025-08-28 07:37:46', 'superadmin', '2025-09-08 08:05:54', 'superadmin', 1),
	(758, 'Kalibrasi Infusion Pump', 1, NULL, '0', '1', '0', '0', 1, '2025-08-28 07:38:01', 'superadmin', '2025-09-08 08:05:49', 'superadmin', 1),
	(759, 'Kalibrasi Kulkas Medis', 1, NULL, '0', '1', '0', '0', 1, '2025-08-28 07:38:14', 'superadmin', '2025-09-08 08:05:44', 'superadmin', 1),
	(760, 'Kalibrasi Lampu Operasi', 1, NULL, '0', '1', '0', '0', 1, '2025-08-28 07:38:27', 'superadmin', '2025-09-08 08:05:39', 'superadmin', 1),
	(761, 'Kalibrasi Lampu Tindakan', 1, NULL, '0', '1', '0', '0', 1, '2025-08-28 07:38:44', 'superadmin', '2025-09-08 08:05:35', 'superadmin', 1),
	(762, 'Kalibrasi Micropipet Fixed', 1, NULL, '0', '1', '0', '0', 1, '2025-08-28 07:38:58', 'superadmin', '2025-09-08 08:05:31', 'superadmin', 1),
	(763, 'Kalibrasi Nebulizer', 1, NULL, '0', '1', '0', '0', 1, '2025-08-28 07:39:11', 'superadmin', '2025-09-08 08:05:26', 'superadmin', 1),
	(764, 'Kalibrasi NST', 1, NULL, '0', '1', '0', '0', 1, '2025-08-28 07:39:26', 'superadmin', '2025-09-08 08:05:20', 'superadmin', 1),
	(765, 'Kalibrasi Patient Warming System &#40;baby warmer&#41;', 1, NULL, '0', '1', '0', '0', 1, '2025-08-28 07:39:40', 'superadmin', '2025-09-08 08:05:11', 'superadmin', 1),
	(766, 'Kalibrasi Patient Warming System &#40;Blanket&#41;', 1, NULL, '0', '1', '0', '0', 1, '2025-08-28 07:39:53', 'superadmin', '2025-09-08 08:05:01', 'superadmin', 1),
	(767, 'Kalibrasi Patient Warming System &#40;Equator&#41;', 1, NULL, '0', '1', '0', '0', 1, '2025-08-28 07:40:05', 'superadmin', '2025-09-08 08:04:52', 'superadmin', 1),
	(768, 'Kalibrasi Phototheraphy', 1, NULL, '0', '1', '0', '0', 1, '2025-08-28 07:40:35', 'superadmin', '2025-09-08 08:02:56', 'superadmin', 1),
	(769, 'Kalibrasi Pulse Oxymetri', 1, NULL, '0', '1', '0', '0', 1, '2025-08-28 07:40:50', 'superadmin', '2025-09-08 08:02:15', 'superadmin', 1),
	(770, 'Kalibrasi Spirometer', 1, NULL, '0', '1', '0', '0', 1, '2025-08-28 07:41:03', 'superadmin', '2025-09-08 08:02:08', 'superadmin', 1),
	(771, 'Kalibrasi CT-SCAN', 1, NULL, '0', '1', '0', '0', 1, '2025-08-28 07:41:23', 'superadmin', '2025-09-08 08:02:03', 'superadmin', 1),
	(772, 'Kalibrasi Sterilisator', 1, NULL, '0', '1', '0', '0', 1, '2025-08-28 07:41:36', 'superadmin', '2025-09-08 08:01:35', 'superadmin', 1),
	(773, 'Kalibrasi General X-RAY', 1, NULL, '0', '1', '0', '0', 1, '2025-08-28 07:41:52', 'superadmin', '2025-09-08 08:01:29', 'superadmin', 1),
	(774, 'Kalibrasi Dental X-RAY', 1, NULL, '0', '1', '0', '0', 1, '2025-08-28 07:42:05', 'superadmin', '2025-09-08 08:01:23', 'superadmin', 1),
	(775, 'Kalibrasi Syringe Pump', 1, NULL, '0', '1', '0', '0', 1, '2025-08-28 07:42:21', 'superadmin', '2025-09-08 08:01:18', 'superadmin', 1),
	(776, 'Kalibrasi TENS', 1, NULL, '0', '1', '0', '0', 1, '2025-08-28 07:42:36', 'superadmin', '2025-09-08 08:01:12', 'superadmin', 1),
	(777, 'Kalibrasi Tensimeter Digital', 1, NULL, '0', '1', '0', '0', 1, '2025-08-28 07:42:49', 'superadmin', '2025-09-08 07:59:55', 'superadmin', 1),
	(778, 'Kalibrasi Timbangan Bayi', 1, NULL, '0', '1', '0', '0', 1, '2025-08-28 07:43:04', 'superadmin', '2025-09-08 07:59:37', 'superadmin', 1),
	(779, 'Kalibrasi Ultrasound Therapy', 1, NULL, '0', '1', '0', '0', 1, '2025-08-28 07:43:17', 'superadmin', '2025-09-08 07:59:32', 'superadmin', 1),
	(780, 'Kalibrasi USG', 1, NULL, '0', '1', '0', '0', 1, '2025-08-28 07:43:32', 'superadmin', '2025-09-08 07:59:23', 'superadmin', 1),
	(781, 'Kalibrasi UV Lamp', 1, NULL, '0', '1', '0', '0', 1, '2025-08-28 07:43:46', 'superadmin', '2025-09-08 07:59:18', 'superadmin', 1),
	(782, 'Kalibrasi Ventilator', 1, NULL, '0', '1', '0', '0', 1, '2025-08-28 07:44:02', 'superadmin', '2025-09-08 07:59:12', 'superadmin', 1),
	(783, 'Kalibrasi Vital Sign Monitor', 1, NULL, '0', '1', '0', '0', 1, '2025-08-28 07:44:15', 'superadmin', '2025-09-08 07:59:07', 'superadmin', 1),
	(784, 'Kalibrasi WSD', 1, NULL, '0', '1', '0', '0', 1, '2025-08-28 07:44:29', 'superadmin', '2025-09-08 07:59:01', 'superadmin', 1),
	(785, 'Kalibrasi Defibrilator with ECG', 1, NULL, '0', '1', '0', '0', 1, '2025-08-28 07:44:43', 'superadmin', '2025-09-08 07:58:56', 'superadmin', 1),
	(786, 'Kalibrasi CPAP', 1, NULL, '0', '1', '0', '0', 1, '2025-08-28 07:44:59', 'superadmin', '2025-09-08 07:58:50', 'superadmin', 1),
	(787, 'Kalibrasi Suction Pump', 1, NULL, '0', '1', '0', '0', 1, '2025-08-28 07:45:11', 'superadmin', '2025-09-08 07:58:42', 'superadmin', 1),
	(788, 'Kalibrasi Vital Sign', 1, NULL, '0', '1', '0', '0', 1, '2025-08-28 07:45:23', 'superadmin', '2025-09-08 07:58:36', 'superadmin', 1),
	(789, 'Kalibrasi Tensimeter Digital (BPM)', 1, NULL, '0', '1', '0', '0', 1, '2025-08-28 07:45:35', 'superadmin', '2025-09-08 07:58:30', 'superadmin', 1),
	(790, 'Kalibrasi thermometer ruang', 1, NULL, '0', '1', '0', '0', 1, '2025-08-28 07:45:49', 'superadmin', '2025-09-08 07:58:22', 'superadmin', 1),
	(791, 'Kalibrasi laser terapy', 1, NULL, '0', '1', '0', '0', 1, '2025-08-28 07:46:05', 'superadmin', '2025-09-08 07:58:17', 'superadmin', 1),
	(792, 'Kalibrasi ecg simulator', 1, NULL, '0', '1', '0', '0', 1, '2025-08-28 07:46:19', 'superadmin', '2025-09-08 07:58:10', 'superadmin', 1),
	(793, 'Kalibrasi dpm', 1, NULL, '0', '1', '0', '0', 1, '2025-08-28 07:46:33', 'superadmin', '2025-09-08 07:58:05', 'superadmin', 1),
	(794, 'Kalibrasi C-Arm', 1, NULL, '0', '1', '0', '0', 1, '2025-08-28 07:46:45', 'superadmin', '2025-09-08 07:57:57', 'superadmin', 1),
	(795, 'Kalibrasi Mobile xray', 1, NULL, '0', '1', '0', '0', 1, '2025-08-28 07:47:00', 'superadmin', '2025-09-08 07:57:49', 'superadmin', 1),
	(796, 'Uang Harian BPFK ALKES', 1, 84, '1', '0', '0', '0', 1, '2025-08-28 07:47:37', 'superadmin', '2025-09-11 09:05:08', 'superadmin', 1),
	(797, 'Penginapan BPFK Alkes', 1, 84, '1', '0', '0', '0', 1, '2025-08-28 07:48:16', 'superadmin', '2025-09-11 10:08:08', 'superadmin', 1),
	(798, 'Uang Harian BPFK Radiologi', 1, 84, '1', '0', '0', '0', 1, '2025-08-28 07:49:12', 'superadmin', '2025-09-11 09:05:00', 'superadmin', 1),
	(799, 'Penginapan BPFK Radiologi', NULL, NULL, '1', '0', '0', '0', 1, '2025-08-28 07:49:28', 'superadmin', '2025-09-03 09:07:33', 'superadmin', 0),
	(800, 'Penginapan BPFK Radiologi', 1, 84, '1', '0', '0', '0', 1, '2025-08-28 07:49:43', 'superadmin', '2025-09-11 10:08:59', 'superadmin', 1),
	(801, 'Biaya Transport BPFK Radiologi', 1, NULL, '1', '0', '0', '0', 1, '2025-08-28 07:49:57', 'superadmin', '2025-09-08 07:51:10', 'superadmin', 1),
	(802, 'BBM (11 unit mobil) ', 1, NULL, '0', '1', '0', '0', 1, '2025-08-28 07:50:40', 'superadmin', '2025-09-08 07:51:25', 'superadmin', 1),
	(803, 'BBM (kendaraan roda tiga) Angkut sampah', 1, NULL, '0', '1', '0', '0', 1, '2025-08-28 07:50:56', 'superadmin', '2025-09-08 07:50:58', 'superadmin', 1),
	(804, 'MAZDA (TH 2002) Pajak Tahunan ', 1, NULL, '0', '1', '0', '0', 1, '2025-08-28 07:51:27', 'superadmin', '2025-09-08 07:49:48', 'superadmin', 1),
	(805, 'HYUNDAI / STAREX 2.5 DS MT (TH 2012) Pajak Tahunan ', 1, NULL, '0', '1', '0', '0', 1, '2025-08-28 07:51:46', 'superadmin', '2025-09-08 07:49:32', 'superadmin', 1),
	(806, 'MITSUBHISI STRADA CR 2.8 AM SC GLX (TH 2013) Pajak Tahunan ', 1, NULL, '0', '1', '0', '0', 1, '2025-08-28 07:52:19', 'superadmin', '2025-09-04 16:03:28', 'superadmin', 1),
	(807, 'SUZUKI APV (TH 2014) Ganti TNKB', 1, NULL, '0', '1', '0', '0', 1, '2025-08-28 07:52:34', 'superadmin', '2025-09-04 15:57:56', 'superadmin', 1),
	(808, 'HYUNDAI / STAREX 2.5 DS MT (TH 2020) Ganti TNKB ', 1, NULL, '0', '1', '0', '0', 1, '2025-08-28 07:52:47', 'superadmin', '2025-09-04 15:51:10', 'superadmin', 1),
	(809, 'TOYOTA INNOVA (TH 2017) Pajak Tahunan', 1, NULL, '0', '1', '0', '0', 1, '2025-08-28 07:53:17', 'superadmin', '2025-09-04 15:51:05', 'superadmin', 1),
	(810, 'TOYOTA INNOVA (TH 2005) Ganti TNKB', 1, NULL, '0', '1', '0', '0', 1, '2025-08-28 07:53:34', 'superadmin', '2025-09-04 15:50:57', 'superadmin', 1),
	(811, 'TOYOTA HIACE (TH 2017) Pajak Tahunan ', 1, NULL, '0', '1', '0', '0', 1, '2025-08-28 07:53:51', 'superadmin', '2025-09-04 15:50:45', 'superadmin', 1),
	(812, 'TOYOTA LSX (TH 2003) Pajak Tahunan', 1, NULL, '0', '1', '0', '0', 1, '2025-08-28 07:54:09', 'superadmin', '2025-09-04 15:50:39', 'superadmin', 1),
	(813, 'ISUZU ELF (TH 2005) Ganti TNKB', 1, NULL, '0', '1', '0', '0', 1, '2025-08-28 07:54:25', 'superadmin', '2025-09-04 15:50:30', 'superadmin', 1),
	(814, 'ISUZU PANTHER (TH 2013) Pajak Tahunan', 1, NULL, '0', '1', '0', '0', 1, '2025-08-28 07:54:37', 'superadmin', '2025-09-04 15:50:24', 'superadmin', 1),
	(815, 'VIAR (Pajak Tahunan)', 1, NULL, '0', '1', '0', '0', 1, '2025-08-28 07:54:52', 'superadmin', '2025-09-04 15:50:19', 'superadmin', 1),
	(816, 'HYUNDAI STAREX 2.5 DS M/T (TH 2012)', 1, NULL, '0', '1', '0', '0', 1, '2025-08-28 07:55:06', 'superadmin', '2025-09-04 15:50:14', 'superadmin', 1),
	(817, 'SUZUKI APV DLX', 1, NULL, '0', '1', '0', '0', 1, '2025-08-28 07:55:18', 'superadmin', '2025-09-04 15:50:06', 'superadmin', 1),
	(818, 'HYUNDAI STAREX 2.5 DS M/T (TH 2020)', 1, NULL, '0', '1', '0', '0', 1, '2025-08-28 07:55:30', 'superadmin', '2025-09-04 15:50:01', 'superadmin', 1),
	(819, 'TOYOTA HIACE M/T', 1, NULL, '0', '1', '0', '0', 1, '2025-08-28 07:55:48', 'superadmin', '2025-09-04 15:49:56', 'superadmin', 1),
	(820, 'ISUZU TBR54F TURBO LS', 1, NULL, '0', '1', '0', '0', 1, '2025-08-28 07:56:03', 'superadmin', '2025-09-04 15:49:50', 'superadmin', 1),
	(821, 'TOYOTA INNOVA G', 1, NULL, '0', '1', '0', '0', 1, '2025-08-28 07:56:45', 'superadmin', '2025-09-04 15:48:51', 'superadmin', 1),
	(822, 'TOYOTA KIJANG KF83', 1, NULL, '0', '1', '0', '0', 1, '2025-08-28 07:57:31', 'superadmin', '2025-09-04 15:48:46', 'superadmin', 1),
	(823, 'TOYOTA INNOVA 2.0 G M/T', 1, NULL, '0', '1', '0', '0', 1, '2025-08-28 07:57:50', 'superadmin', '2025-09-04 15:48:40', 'superadmin', 1),
	(824, 'Pemeliharaan dan Service Kendaran dinas roda 4 (Ambulance dan Mobil Dinas) 11 unit ', 1, NULL, '0', '1', '0', '0', 1, '2025-08-28 07:58:07', 'superadmin', '2025-09-04 15:48:32', 'superadmin', 1),
	(825, 'Penggantian ban R-14', 1, NULL, '0', '1', '0', '0', 1, '2025-08-28 07:58:23', 'superadmin', '2025-09-04 15:48:24', 'superadmin', 1),
	(826, 'Penggantian ban R-15', 1, NULL, '0', '1', '0', '0', 1, '2025-08-28 07:58:39', 'superadmin', '2025-09-04 15:48:16', 'superadmin', 1),
	(827, 'Penggantian ban R-16 ', 1, NULL, '0', '1', '0', '0', 1, '2025-08-28 07:58:55', 'superadmin', '2025-09-04 15:48:06', 'superadmin', 1),
	(828, 'Service berkala (3 unit x 4 kali)', 1, NULL, '0', '1', '0', '0', 1, '2025-08-28 07:59:18', 'superadmin', '2025-09-04 15:47:50', 'superadmin', 1),
	(829, 'Service besar (3 unit x 2 kali)', 1, NULL, '0', '1', '0', '0', 1, '2025-08-28 07:59:32', 'superadmin', '2025-09-04 15:47:45', 'superadmin', 1),
	(830, 'Penggantian ban R-12 400 (ban luar) depan', 1, NULL, '0', '1', '0', '0', 1, '2025-08-28 07:59:52', 'superadmin', '2025-09-04 15:47:40', 'superadmin', 1),
	(831, 'Penggantian ban R-12 450 (ban luar) belakang', 1, NULL, '0', '1', '0', '0', 1, '2025-08-28 08:00:12', 'superadmin', '2025-09-04 15:47:33', 'superadmin', 1),
	(832, 'Penggantian ban R-12 400 (ban dalam) depan', 1, NULL, '0', '1', '0', '0', 1, '2025-08-28 08:00:29', 'superadmin', '2025-09-04 15:47:28', 'superadmin', 1),
	(833, 'Penggantian ban R-12 450 (ban dalam) belakang', 1, NULL, '0', '1', '0', '0', 1, '2025-08-28 08:00:49', 'superadmin', '2025-09-04 15:47:23', 'superadmin', 1),
	(834, 'Jasa Pelayanan', 1, NULL, '1', '0', '0', '0', 1, '2025-08-28 08:01:09', 'superadmin', '2025-09-04 15:47:17', 'superadmin', 1),
	(835, 'Jasa Medis dr. Spesialis', 1, NULL, '1', '0', '0', '0', 1, '2025-08-28 08:01:24', 'superadmin', '2025-09-04 15:47:11', 'superadmin', 1),
	(836, 'Belanja darah (Tranfusi darah) ', 1, NULL, '0', '1', '0', '0', 1, '2025-08-28 08:01:50', 'superadmin', '2025-09-04 15:47:06', 'superadmin', 1),
	(837, 'Belanja Pemeriksaan Laboratorium', 1, NULL, '0', '1', '0', '0', 1, '2025-08-28 08:02:10', 'superadmin', '2025-09-04 15:47:00', 'superadmin', 1),
	(838, 'Honor Fisikawan Medis (1 org x 12 bln)', 1, NULL, '1', '0', '0', '0', 1, '2025-08-28 08:02:27', 'superadmin', '2025-09-04 15:46:55', 'superadmin', 1),
	(839, 'Jasa tenaga ahli SIMRS (Analis Sistem) 1 org x 12 bln', 1, NULL, '1', '0', '0', '0', 1, '2025-08-28 08:02:48', 'superadmin', '2025-09-04 15:46:50', 'superadmin', 1),
	(840, 'Jasa tenaga ahli SIMRS (Web Developer) 3 org x 12 bln', 1, NULL, '1', '0', '0', '0', 1, '2025-08-28 08:03:18', 'superadmin', '2025-09-04 15:46:40', 'superadmin', 1),
	(841, 'Jasa tenaga ahli SIMRS (Web Developer) 1 org x 12 bln', 1, NULL, '1', '0', '0', '0', 1, '2025-08-28 08:03:32', 'superadmin', '2025-09-04 15:44:50', 'superadmin', 1),
	(842, 'Instruktur Senam (1 orang x 5 kl x 12 Bulan) ', 1, NULL, '1', '0', '0', '0', 1, '2025-08-28 08:03:52', 'superadmin', '2025-09-04 15:44:42', 'superadmin', 1),
	(843, 'Tenaga Pendukung (Supir) 1 org x 7 hari x 12 kali', 1, NULL, '1', '0', '0', '0', 1, '2025-08-28 08:04:10', 'superadmin', '2025-09-04 15:44:35', 'superadmin', 1),
	(844, 'Tenaga Pelayanan Umum (2 org x 12 hari x 12 kali) ', 1, NULL, '1', '0', '0', '0', 1, '2025-08-28 08:04:30', 'superadmin', '2025-09-04 15:44:29', 'superadmin', 1),
	(845, 'Tenaga Penanganan Prasarana dan Sarana Umum (4 org x 10 hari x 12 kali)', 1, NULL, '1', '0', '0', '0', 1, '2025-08-28 08:05:05', 'superadmin', '2025-09-04 15:44:24', 'superadmin', 1),
	(846, 'Uji udara ambien', 1, NULL, '0', '1', '0', '0', 1, '2025-08-28 08:05:45', 'superadmin', '2025-09-04 15:44:18', 'superadmin', 1),
	(847, 'Uji udara ruang (Mikrobiologis) ', 1, NULL, '0', '1', '0', '0', 1, '2025-08-28 08:06:03', 'superadmin', '2025-09-04 15:44:05', 'superadmin', 1),
	(848, 'Swab dinding ', 1, NULL, '0', '1', '0', '0', 1, '2025-08-28 08:06:22', 'superadmin', '2025-09-04 15:43:58', 'superadmin', 1),
	(849, 'Swab lantai ', 1, NULL, '0', '1', '0', '0', 1, '2025-08-28 08:06:40', 'superadmin', '2025-09-04 15:43:53', 'superadmin', 1),
	(850, 'Pengelolaan limbah B3 rumah sakit ', 1, NULL, '0', '1', '0', '0', 1, '2025-08-28 08:07:17', 'superadmin', '2025-09-04 15:43:47', 'superadmin', 1),
	(851, 'Uji Air bersih ', 1, NULL, '0', '1', '0', '0', 1, '2025-08-28 08:07:30', 'superadmin', '2025-09-04 15:43:38', 'superadmin', 1),
	(852, 'Jasa uji analisis limbah cair', 1, NULL, '0', '1', '0', '0', 1, '2025-08-28 08:07:59', 'superadmin', '2025-09-04 15:43:28', 'superadmin', 1),
	(853, 'Jasa Foto Profil', 1, NULL, '0', '1', '0', '0', 1, '2025-08-28 08:08:13', 'superadmin', '2025-09-04 15:43:20', 'superadmin', 1),
	(854, 'Jasa Pest Control Rumah Sakit', 1, NULL, '0', '1', '0', '0', 1, '2025-08-28 08:08:27', 'superadmin', '2025-09-04 15:43:13', 'superadmin', 1),
	(855, 'Jasa uji emisi tidak bergerak (genset)', 1, NULL, '0', '1', '0', '0', 1, '2025-08-28 08:08:42', 'superadmin', '2025-09-04 15:43:08', 'superadmin', 1),
	(856, 'Pengangkutan Sampah Domestik Rumah Sakit', 1, NULL, '0', '1', '0', '0', 1, '2025-08-28 08:08:58', 'superadmin', '2025-09-04 15:43:03', 'superadmin', 1),
	(857, 'Sewa alat kedokteran Bedah Mata (Katarak set)', 1, NULL, '0', '1', '0', '0', 1, '2025-08-28 08:09:19', 'superadmin', '2025-09-04 15:42:58', 'superadmin', 1),
	(858, 'BBM', 1, NULL, '0', '1', '0', '0', 1, '2025-08-28 08:09:57', 'superadmin', '2025-09-04 15:42:52', 'superadmin', 1),
	(859, 'Oli mesin jahit', 1, NULL, '0', '0', '0', '0', 1, '2025-08-28 08:10:24', 'superadmin', '2025-09-04 15:42:04', 'superadmin', 1),
	(860, 'Alkali', 1, NULL, '0', '0', '0', '0', 1, '2025-08-28 08:11:00', 'superadmin', '2025-09-04 15:41:59', 'superadmin', 1),
	(861, 'Bak Plastik Bulat', 1, NULL, '0', '0', '0', '0', 1, '2025-08-28 08:13:30', 'superadmin', '2025-09-04 15:41:52', 'superadmin', 1),
	(862, 'Baki / Nampan Obat', 1, NULL, '0', '0', '0', '0', 1, '2025-08-28 08:14:36', 'superadmin', '2025-09-04 15:41:47', 'superadmin', 1),
	(863, 'Bantal Dakron', 1, NULL, '0', '0', '0', '0', 1, '2025-08-28 08:15:09', 'superadmin', '2025-09-04 15:41:41', 'superadmin', 1),
	(864, 'Bayclean', 1, NULL, '0', '0', '0', '0', 1, '2025-08-28 08:15:22', 'superadmin', '2025-09-04 15:40:41', 'superadmin', 1),
	(865, 'Bendera Merah Putih Ukuran 100 X 150 Cm', 1, NULL, '0', '0', '0', '0', 1, '2025-08-28 08:15:36', 'superadmin', '2025-09-04 15:40:04', 'superadmin', 1),
	(866, 'Bendera Merah Putih Ukuran 140 x 210 Cm', 1, NULL, '0', '0', '0', '0', 1, '2025-08-28 08:16:15', 'superadmin', '2025-09-04 15:39:59', 'superadmin', 1),
	(867, 'Box Kontainer 125 Liter', 1, NULL, '0', '0', '0', '0', 1, '2025-08-28 08:16:42', 'superadmin', '2025-09-04 15:39:53', 'superadmin', 1),
	(868, 'Cairan pencuci tangan', 1, NULL, '0', '0', '0', '0', 1, '2025-08-28 08:17:05', 'superadmin', '2025-09-04 15:39:47', 'superadmin', 1),
	(869, 'Cairan penghilang noda darah', 1, NULL, '0', '0', '0', '0', 1, '2025-08-28 08:17:24', 'superadmin', '2025-09-04 15:39:35', 'superadmin', 1),
	(870, 'Cermin', 1, NULL, '0', '0', '0', '0', 1, '2025-08-28 08:17:50', 'superadmin', '2025-09-04 15:39:30', 'superadmin', 1),
	(871, 'Clean Enzymatic Plus 1', 1, NULL, '0', '0', '0', '0', 1, '2025-08-28 08:18:06', 'superadmin', '2025-09-04 15:39:23', 'superadmin', 1),
	(872, 'Container Box', 1, NULL, '0', '0', '0', '0', 1, '2025-08-28 08:18:29', 'superadmin', '2025-09-04 15:39:18', 'superadmin', 1),
	(873, 'Detergent', 1, NULL, '0', '0', '0', '0', 1, '2025-08-28 08:18:52', 'superadmin', '2025-09-04 15:39:12', 'superadmin', 1),
	(874, 'Duk Lubang', 1, NULL, '0', '0', '0', '0', 1, '2025-08-28 08:19:43', 'superadmin', '2025-09-04 15:39:06', 'superadmin', 1),
	(875, 'Duk persegi 125 x 125 cm', 1, NULL, '0', '0', '0', '0', 1, '2025-08-28 08:23:08', 'superadmin', '2025-09-04 15:39:01', 'superadmin', 1),
	(876, 'Duk persegi 140 x 180 cm', 1, NULL, '0', '0', '0', '0', 1, '2025-08-28 08:23:21', 'superadmin', '2025-09-04 15:38:56', 'superadmin', 1),
	(877, 'Jas Operasi Water Repellent', 1, NULL, '0', '0', '0', '0', 1, '2025-08-28 08:23:47', 'superadmin', '2025-09-04 15:38:50', 'superadmin', 1),
	(878, 'Gantungan Apar', 1, NULL, '0', '0', '0', '0', 1, '2025-08-28 08:24:47', 'superadmin', '2025-09-04 15:38:46', 'superadmin', 1),
	(879, 'Garam Kasar', 1, NULL, '0', '0', '0', '0', 1, '2025-08-28 08:27:50', 'superadmin', '2025-09-04 15:38:40', 'superadmin', 1),
	(880, 'Garam Softener RO', 1, NULL, '0', '0', '0', '0', 1, '2025-08-28 08:31:07', 'superadmin', '2025-09-04 15:38:35', 'superadmin', 1),
	(881, 'Gayung', 1, NULL, '0', '0', '0', '0', 1, '2025-08-28 08:31:21', 'superadmin', '2025-09-04 15:38:12', 'superadmin', 1),
	(882, 'Gelas kumur gigi', 1, NULL, '0', '0', '0', '0', 1, '2025-08-28 08:31:40', 'superadmin', '2025-09-04 15:38:06', 'superadmin', 1),
	(883, 'Gelas ukur kaca pyrex 100 ml', 1, NULL, '0', '0', '0', '0', 1, '2025-08-28 08:31:55', 'superadmin', '2025-09-04 15:37:59', 'superadmin', 1),
	(884, 'Guling', 1, NULL, '0', '0', '0', '0', 1, '2025-08-28 08:32:12', 'superadmin', '2025-09-04 15:37:51', 'superadmin', 1),
	(885, 'Gunting Kain', 1, NULL, '0', '0', '0', '0', 1, '2025-08-28 08:32:28', 'superadmin', '2025-09-04 15:37:45', 'superadmin', 1),
	(886, 'Handuk Kecil', 1, NULL, '0', '0', '0', '0', 1, '2025-08-28 08:32:43', 'superadmin', '2025-09-04 15:37:39', 'superadmin', 1),
	(887, 'Handuk tangan', 1, NULL, '0', '0', '0', '0', 1, '2025-08-28 08:33:19', 'superadmin', '2025-09-04 15:37:34', 'superadmin', 1),
	(888, 'Isi Ulang APAR Powder', 1, NULL, '0', '0', '0', '0', 1, '2025-08-28 08:33:35', 'superadmin', '2025-09-04 15:37:29', 'superadmin', 1),
	(889, 'Jam dinding', 1, NULL, '0', '0', '0', '0', 1, '2025-08-28 08:33:49', 'superadmin', '2025-09-04 15:37:21', 'superadmin', 1),
	(890, 'Jarum mesin jahit', NULL, NULL, '0', '0', '0', '0', 1, '2025-08-28 08:34:01', 'superadmin', '2025-09-02 10:44:53', 'superadmin', 0),
	(891, 'Kaca Mata Google', 1, NULL, '0', '0', '0', '0', 1, '2025-08-28 08:34:16', 'superadmin', '2025-09-04 15:37:16', 'superadmin', 1),
	(892, 'Kain lap kuning', 1, NULL, '0', '0', '0', '0', 1, '2025-08-28 08:34:29', 'superadmin', '2025-09-04 15:36:58', 'superadmin', 1),
	(893, 'kain lap mikro fiber', 1, NULL, '0', '0', '0', '0', 1, '2025-08-28 08:34:41', 'superadmin', '2025-09-04 15:36:52', 'superadmin', 1),
	(894, 'Kain majun', 1, NULL, '0', '0', '0', '0', 1, '2025-08-28 08:34:55', 'superadmin', '2025-09-04 15:36:46', 'superadmin', 1),
	(895, 'Kain pel / Lap pel', 1, NULL, '0', '0', '0', '0', 1, '2025-08-28 08:35:09', 'superadmin', '2025-09-04 15:36:41', 'superadmin', 1),
	(896, 'Kain pel benang', 1, NULL, '0', '0', '0', '0', 1, '2025-08-28 08:35:30', 'superadmin', '2025-09-04 15:36:36', 'superadmin', 1),
	(897, 'Kamper Ball Toilet', 1, NULL, '0', '0', '0', '0', 1, '2025-08-28 08:35:46', 'superadmin', '2025-09-04 15:36:30', 'superadmin', 1),
	(898, 'Kanebo', 1, NULL, '0', '0', '0', '0', 1, '2025-08-28 08:36:23', 'superadmin', '2025-09-04 15:36:25', 'superadmin', 1),
	(899, 'Kantong plastik sampah kuning uk 40x60', 1, NULL, '0', '0', '0', '0', 1, '2025-08-28 08:36:38', 'superadmin', '2025-09-04 15:36:20', 'superadmin', 1),
	(900, 'Kantong plastik sampah kuning uk 60x100', 1, NULL, '0', '0', '0', '0', 1, '2025-08-28 08:36:55', 'superadmin', '2025-09-04 15:36:15', 'superadmin', 1),
	(901, 'Kantong plastik sampah kuning uk 80x100', 1, NULL, '0', '0', '0', '0', 1, '2025-08-28 08:37:10', 'superadmin', '2025-09-04 15:36:10', 'superadmin', 1),
	(902, 'Kantong Plastik sampah sedang', 1, NULL, '0', '0', '0', '0', 1, '2025-08-28 08:37:46', 'superadmin', '2025-09-04 15:36:03', 'superadmin', 1),
	(903, 'Kantong Plastik sampah uk 60x80', 1, NULL, '0', '0', '0', '0', 1, '2025-08-28 08:38:15', 'superadmin', '2025-09-04 15:35:58', 'superadmin', 1),
	(904, 'Kantong Plastik sampah uk 80x100', 1, NULL, '0', '0', '0', '0', 1, '2025-08-28 08:39:33', 'superadmin', '2025-09-04 15:35:52', 'superadmin', 1),
	(905, 'Kapur barus', 1, NULL, '0', '0', '0', '0', 1, '2025-08-28 08:42:33', 'superadmin', '2025-09-04 15:35:47', 'superadmin', 1),
	(906, 'Karbol', 1, NULL, '0', '0', '0', '0', 1, '2025-08-28 08:42:48', 'superadmin', '2025-09-04 15:35:42', 'superadmin', 1),
	(907, 'Kemocing', 1, NULL, '0', '0', '0', '0', 1, '2025-08-28 08:43:45', 'superadmin', '2025-09-04 15:35:35', 'superadmin', 1),
	(908, 'Keranjang (utk ambil obat)', 1, NULL, '0', '0', '0', '0', 1, '2025-08-28 08:43:58', 'superadmin', '2025-09-04 15:35:30', 'superadmin', 1),
	(909, 'Keranjang Obat Alkes', 1, NULL, '0', '0', '0', '0', 1, '2025-08-28 08:44:17', 'superadmin', '2025-09-04 15:35:25', 'superadmin', 1),
	(910, 'Keranjang obat susun', 1, NULL, '0', '0', '0', '0', 1, '2025-08-28 08:44:56', 'superadmin', '2025-09-04 15:35:15', 'superadmin', 1),
	(911, 'Keranjang palstik tempat handuk kotor', 1, NULL, '0', '0', '0', '0', 1, '2025-08-28 08:49:40', 'superadmin', '2025-09-04 15:35:10', 'superadmin', 1),
	(912, 'Kertas Puyer', 1, NULL, '0', '0', '0', '0', 1, '2025-08-28 08:57:15', 'superadmin', '2025-09-04 15:35:02', 'superadmin', 1),
	(913, 'Keset handuk', 1, NULL, '0', '0', '0', '0', 1, '2025-08-28 08:57:38', 'superadmin', '2025-09-04 15:34:57', 'superadmin', 1),
	(914, 'Keset kamar mandi 40x60 cm', 1, NULL, '0', '0', '0', '0', 1, '2025-08-28 08:57:52', 'superadmin', '2025-09-04 15:34:52', 'superadmin', 1),
	(915, 'Kitchen cleaner', 1, NULL, '0', '0', '0', '0', 1, '2025-08-28 08:58:04', 'superadmin', '2025-09-04 15:34:47', 'superadmin', 1),
	(916, 'Kontainer Box 8 Liter', 1, NULL, '0', '0', '0', '0', 1, '2025-08-28 08:58:21', 'superadmin', '2025-09-04 15:34:42', 'superadmin', 1),
	(917, 'Kotak Mika Obat  20x5x7', 1, NULL, '0', '0', '0', '0', 1, '2025-08-28 09:02:07', 'superadmin', '2025-09-04 15:34:37', 'superadmin', 1),
	(918, 'Kotak Mika Obat 23x8x7', 1, NULL, '0', '0', '0', '0', 1, '2025-08-28 09:02:50', 'superadmin', '2025-09-04 15:34:32', 'superadmin', 1),
	(919, 'Lem Tikus', 1, NULL, '0', '0', '0', '0', 1, '2025-08-28 09:03:19', 'superadmin', '2025-09-04 15:34:28', 'superadmin', 1),
	(920, 'Mortir dan stamper', 1, NULL, '0', '0', '0', '0', 1, '2025-08-28 09:04:12', 'superadmin', '2025-09-04 15:34:23', 'superadmin', 1),
	(921, 'Obat Anti Rayap', 1, NULL, '0', '0', '0', '0', 1, '2025-08-28 09:04:29', 'superadmin', '2025-09-04 15:34:18', 'superadmin', 1),
	(922, 'Obat Nyamuk Spray', 1, NULL, '0', '0', '0', '0', 1, '2025-08-28 09:04:42', 'superadmin', '2025-09-04 15:34:11', 'superadmin', 1),
	(923, 'Payung Logo RS', NULL, NULL, '0', '0', '0', '0', 1, '2025-08-28 09:05:56', 'superadmin', '2025-09-03 11:26:56', 'superadmin', 0),
	(924, 'Pelicin Dan Pelembut Pakaian', 1, NULL, '0', '0', '0', '0', 1, '2025-08-28 09:06:11', 'superadmin', '2025-09-04 15:34:06', 'superadmin', 1),
	(925, 'Penetral', 1, NULL, '0', '0', '0', '0', 1, '2025-08-28 09:06:31', 'superadmin', '2025-09-04 15:34:01', 'superadmin', 1),
	(926, 'Pengharum ruangan gantung', 1, NULL, '0', '0', '0', '0', 1, '2025-08-28 09:06:46', 'superadmin', '2025-09-04 15:33:56', 'superadmin', 1),
	(927, 'Pengharum ruangan meja', 1, NULL, '0', '0', '0', '0', 1, '2025-08-28 09:07:07', 'superadmin', '2025-09-04 15:33:51', 'superadmin', 1),
	(928, 'Pengharum ruangan spray', 1, NULL, '0', '0', '0', '0', 1, '2025-08-28 09:07:20', 'superadmin', '2025-09-04 15:33:46', 'superadmin', 1),
	(929, 'Pengisian Gas LPG 50 Kg', 1, NULL, '0', '0', '0', '0', 1, '2025-08-28 09:07:35', 'superadmin', '2025-09-04 15:33:41', 'superadmin', 1),
	(930, 'Perlak', 1, NULL, '0', '0', '0', '0', 1, '2025-08-28 09:07:52', 'superadmin', '2025-09-04 15:33:36', 'superadmin', 1),
	(931, 'Pewangi u/ Loundry', 1, NULL, '0', '0', '0', '0', 1, '2025-08-28 09:08:08', 'superadmin', '2025-09-04 15:33:31', 'superadmin', 1),
	(932, 'Plastik 1/2 kg', 1, NULL, '0', '0', '0', '0', 1, '2025-08-28 09:08:50', 'superadmin', '2025-09-04 15:33:26', 'superadmin', 1),
	(933, 'Plastik 1/4 kg', 1, NULL, '0', '0', '0', '0', 1, '2025-08-28 09:09:10', 'superadmin', '2025-09-04 15:33:19', 'superadmin', 1),
	(934, 'plastik 1kg', 1, NULL, '0', '0', '0', '0', 1, '2025-08-28 09:09:23', 'superadmin', '2025-09-04 15:33:13', 'superadmin', 1),
	(935, 'Plastik klip 10 x 7 @ 100', 1, NULL, '0', '0', '0', '0', 1, '2025-08-28 09:09:34', 'superadmin', '2025-09-04 15:33:08', 'superadmin', 1),
	(936, 'Plastik klip 5 x 8 @ 100', 1, NULL, '0', '0', '0', '0', 1, '2025-08-28 09:09:51', 'superadmin', '2025-09-04 15:33:03', 'superadmin', 1),
	(937, 'Plastik klip kecil 4 x 6 @ 100', 1, NULL, '0', '0', '0', '0', 1, '2025-08-28 09:10:12', 'superadmin', '2025-09-04 15:32:55', 'superadmin', 1),
	(938, 'Plastik rol 10 cm', 1, NULL, '0', '0', '0', '0', 1, '2025-08-28 09:11:31', 'superadmin', '2025-09-04 15:32:46', 'superadmin', 1),
	(939, 'Racun tikus', 1, NULL, '0', '0', '0', '0', 1, '2025-08-28 09:11:53', 'superadmin', '2025-09-04 15:32:42', 'superadmin', 1),
	(940, 'Rak jelly bag obat', 1, NULL, '0', '0', '0', '0', 1, '2025-08-28 09:12:09', 'superadmin', '2025-09-04 15:32:35', 'superadmin', 1),
	(941, 'Sabun Cuci Piring', 1, NULL, '0', '0', '0', '0', 1, '2025-08-28 09:12:28', 'superadmin', '2025-09-04 15:32:28', 'superadmin', 1),
	(942, 'Sabun deterjen', 1, NULL, '0', '0', '0', '0', 1, '2025-08-28 09:12:57', 'superadmin', '2025-09-04 15:32:24', 'superadmin', 1),
	(943, 'Sabun mandi batangan', 1, NULL, '0', '0', '0', '0', 1, '2025-08-28 09:13:09', 'superadmin', '2025-09-04 15:31:08', 'superadmin', 1),
	(944, 'Safety box', 1, NULL, '0', '0', '0', '0', 1, '2025-08-28 09:13:24', 'superadmin', '2025-09-04 15:31:03', 'superadmin', 1),
	(945, 'Sarung Bantal', 1, NULL, '0', '0', '0', '0', 1, '2025-08-28 09:15:14', 'superadmin', '2025-09-04 15:30:59', 'superadmin', 1),
	(946, 'Sarung Guling', 1, NULL, '0', '0', '0', '0', 1, '2025-08-28 09:15:34', 'superadmin', '2025-09-04 15:30:53', 'superadmin', 1),
	(947, 'Sarung tangan (Karet)', NULL, NULL, '0', '0', '0', '0', 1, '2025-08-28 09:15:51', 'superadmin', '2025-09-03 13:05:03', 'superadmin', 0),
	(948, 'Scort Petugas', 1, NULL, '0', '0', '0', '0', 1, '2025-08-28 09:16:06', 'superadmin', '2025-09-04 15:30:48', 'superadmin', 1),
	(949, 'Sealer Puyer', 1, NULL, '0', '0', '0', '0', 1, '2025-08-28 09:16:24', 'superadmin', '2025-09-04 15:30:43', 'superadmin', 1),
	(950, 'Sedimen Filter Air RO 20 Inch 0,5 Micron', 1, NULL, '0', '0', '0', '0', 1, '2025-08-28 09:21:53', 'superadmin', '2025-09-04 15:30:38', 'superadmin', 1),
	(951, 'Selimut Pasien', 1, NULL, '0', '0', '0', '0', 1, '2025-08-28 09:22:06', 'superadmin', '2025-09-04 15:30:33', 'superadmin', 1),
	(952, 'sendok sirup 5 ml', 1, NULL, '0', '0', '0', '0', 1, '2025-08-28 09:22:20', 'superadmin', '2025-09-04 15:30:29', 'superadmin', 1),
	(953, 'Seprei Flat Tanpa Karet', 1, NULL, '0', '0', '0', '0', 1, '2025-08-28 09:23:14', 'superadmin', '2025-09-04 15:30:22', 'superadmin', 1),
	(954, 'Sikat lantai panjang', 1, NULL, '0', '0', '0', '0', 1, '2025-08-28 09:23:30', 'superadmin', '2025-09-04 15:30:13', 'superadmin', 1),
	(955, 'Sikat WC', 1, NULL, '0', '0', '0', '0', 1, '2025-08-28 09:23:44', 'superadmin', '2025-09-04 15:30:08', 'superadmin', 1),
	(956, 'Stik Laken', 1, NULL, '0', '0', '0', '0', 1, '2025-08-28 09:23:59', 'superadmin', '2025-09-04 15:30:02', 'superadmin', 1),
	(957, 'Stikpan Plastik', NULL, NULL, '0', '0', '0', '0', 1, '2025-08-28 09:24:48', 'superadmin', '2025-09-03 13:10:41', 'superadmin', 0),
	(958, 'Tali Rafia', 1, NULL, '0', '0', '0', '0', 1, '2025-08-28 09:25:33', 'superadmin', '2025-09-04 15:29:58', 'superadmin', 1),
	(959, 'Tas Kresek besar putih untuk obat', 1, NULL, '0', '0', '0', '0', 1, '2025-08-28 09:25:46', 'superadmin', '2025-09-04 15:29:52', 'superadmin', 1),
	(960, 'Tas Kresek kecil putih untuk obat', 1, NULL, '0', '0', '0', '0', 1, '2025-08-28 09:26:00', 'superadmin', '2025-09-04 15:29:47', 'superadmin', 1),
	(961, 'Elektroda TENS', 1, NULL, '0', '0', '0', '0', 1, '2025-08-28 09:26:12', 'superadmin', '2025-09-04 15:29:42', 'superadmin', 1),
	(962, 'Tas Kresek tanggung putih untuk obat', 1, NULL, '0', '0', '0', '0', 1, '2025-08-28 09:26:15', 'superadmin', '2025-09-04 15:29:37', 'superadmin', 1),
	(963, 'Tempat Sampah Beroda 120 Liter Kuning', 1, NULL, '0', '0', '0', '0', 1, '2025-08-28 09:26:41', 'superadmin', '2025-09-04 15:29:31', 'superadmin', 1),
	(964, 'Tempat Sampah Injak 20 Liter', 1, NULL, '0', '0', '0', '0', 1, '2025-08-28 09:27:31', 'superadmin', '2025-09-04 15:29:25', 'superadmin', 1),
	(965, 'Tempat Sampah Injak 50 Liter', 1, NULL, '0', '0', '0', '0', 1, '2025-08-28 09:27:44', 'superadmin', '2025-09-04 15:29:14', 'superadmin', 1),
	(966, 'ENDO BLOCK', 1, NULL, '0', '0', '0', '0', 1, '2025-08-28 09:27:50', 'superadmin', '2025-09-04 15:29:07', 'superadmin', 1),
	(967, 'Tempat Sampah Injak Medis 36 liter', 1, NULL, '0', '0', '0', '0', 1, '2025-08-28 09:27:59', 'superadmin', '2025-09-04 15:29:01', 'superadmin', 1),
	(968, 'Gunting Verban', 1, NULL, '0', '0', '0', '0', 1, '2025-08-28 09:28:10', 'superadmin', '2025-09-04 15:28:56', 'superadmin', 1),
	(969, 'Tempat Sampah Injak Non Medis 20 liter', 1, NULL, '0', '0', '0', '0', 1, '2025-08-28 09:28:13', 'superadmin', '2025-09-04 15:28:49', 'superadmin', 1),
	(970, 'Kertas EKG', 1, NULL, '0', '0', '0', '0', 1, '2025-08-28 09:29:39', 'superadmin', '2025-09-04 15:28:44', 'superadmin', 1),
	(971, 'Lampu Infrared 150w', 1, NULL, '0', '0', '0', '0', 1, '2025-08-28 09:29:53', 'superadmin', '2025-09-04 15:28:38', 'superadmin', 1),
	(972, 'Lampu Infrared 250w', 1, NULL, '0', '0', '0', '0', 1, '2025-08-28 09:30:05', 'superadmin', '2025-09-04 15:28:34', 'superadmin', 1),
	(973, 'Nierbeken', 1, NULL, '0', '0', '0', '0', 1, '2025-08-28 09:30:17', 'superadmin', '2025-09-04 15:28:29', 'superadmin', 1),
	(974, 'Pen Light', 1, NULL, '0', '0', '0', '0', 1, '2025-08-28 09:30:28', 'superadmin', '2025-09-04 15:28:23', 'superadmin', 1),
	(975, 'Reflex hammer', 1, NULL, '0', '0', '0', '0', 1, '2025-08-28 09:30:52', 'superadmin', '2025-09-04 15:28:08', 'superadmin', 1),
	(976, 'Tempat Sampah Injak Non Medis 36 liter', 1, NULL, '0', '0', '0', '0', 1, '2025-08-28 09:30:56', 'superadmin', '2025-09-04 15:28:03', 'superadmin', 1),
	(977, 'Stikpan Plastik', 1, NULL, '0', '0', '0', '0', 1, '2025-08-28 09:31:08', 'superadmin', '2025-09-04 15:27:58', 'superadmin', 1),
	(978, 'Tissue Hand Paper Towel @ 150 sheet', 1, NULL, '0', '0', '0', '0', 1, '2025-08-28 09:31:09', 'superadmin', '2025-09-04 15:27:52', 'superadmin', 1),
	(979, 'Tissue Hand Paper Towel Dispenser', 1, NULL, '0', '0', '0', '0', 1, '2025-08-28 09:31:22', 'superadmin', '2025-09-04 15:27:45', 'superadmin', 1),
	(980, 'Thermometer Digital', 1, NULL, '0', '0', '0', '0', 1, '2025-08-28 09:31:28', 'superadmin', '2025-09-04 15:27:39', 'superadmin', 1),
	(981, 'Tisu gulung', 1, NULL, '0', '0', '0', '0', 1, '2025-08-28 09:31:35', 'superadmin', '2025-09-04 15:27:34', 'superadmin', 1),
	(982, 'Tongue spatel', 1, NULL, '0', '0', '0', '0', 1, '2025-08-28 09:31:43', 'superadmin', '2025-09-04 15:27:28', 'superadmin', 1),
	(983, '3 Way Syringe For Dental Chairs', 1, 100, '0', '0', '0', '0', 1, '2025-08-28 09:32:04', 'superadmin', '2025-09-10 16:05:43', 'superadmin', 1),
	(984, 'Tisu Kotak', 1, NULL, '0', '0', '0', '0', 1, '2025-08-28 09:32:09', 'superadmin', '2025-09-04 15:27:18', 'superadmin', 1),
	(985, 'Ambubag Anak', 1, NULL, '0', '0', '0', '0', 1, '2025-08-28 09:32:16', 'superadmin', '2025-09-04 15:27:10', 'superadmin', 1),
	(986, 'Ambubag Dewasa', 1, NULL, '0', '0', '0', '0', 1, '2025-08-28 09:32:29', 'superadmin', '2025-09-04 15:27:05', 'superadmin', 1),
	(987, 'Traffic cone', 1, NULL, '0', '0', '0', '0', 1, '2025-08-28 09:32:41', 'superadmin', '2025-09-04 15:27:00', 'superadmin', 1),
	(988, 'Bed Pasien dan Foot Step One Set', 1, NULL, '0', '0', '0', '0', 1, '2025-08-28 09:32:49', 'superadmin', '2025-09-04 15:26:53', 'superadmin', 1),
	(989, 'WD 40 Spray', 1, NULL, '0', '0', '0', '0', 1, '2025-08-28 09:32:54', 'superadmin', '2025-09-04 15:26:47', 'superadmin', 1),
	(990, 'Brankar Pasien Transfer', 1, NULL, '0', '0', '0', '0', 1, '2025-08-28 09:33:04', 'superadmin', '2025-09-04 15:26:42', 'superadmin', 1),
	(991, 'Cardiotocography (CTG) ', 1, NULL, '0', '0', '0', '0', 1, '2025-08-28 09:33:34', 'superadmin', '2025-09-04 15:26:37', 'superadmin', 1),
	(992, 'Dental Citoject Otomatis / Citoject Anastesi Compact', 1, NULL, '0', '0', '0', '0', 1, '2025-08-28 09:33:47', 'superadmin', '2025-09-04 15:26:31', 'superadmin', 1),
	(993, 'Makan pasien dengan BOR (Bed Occupancy Rate) 70% (33.471 hari perawatan / (131 bed x 365 hari)', 1, NULL, '0', '0', '0', '0', 1, '2025-08-28 09:33:59', 'superadmin', '2025-09-04 15:26:26', 'superadmin', 1),
	(994, 'Dental Ultrasonic Scaler Woodpecker/ UDS-L', 1, NULL, '0', '0', '0', '0', 1, '2025-08-28 09:34:00', 'superadmin', '2025-09-04 15:26:21', 'superadmin', 1),
	(995, 'Doppler', 1, NULL, '0', '0', '0', '0', 1, '2025-08-28 09:34:12', 'superadmin', '2025-09-04 15:25:33', 'superadmin', 1),
	(996, 'Uang harian (18 org x 1 hari x 25 kali)', 1, 84, '1', '0', '0', '0', 1, '2025-08-28 09:34:25', 'superadmin', '2025-09-11 09:04:51', 'superadmin', 1),
	(997, 'Dressing Trolley', 1, NULL, '0', '0', '0', '0', 1, '2025-08-28 09:34:26', 'superadmin', '2025-09-04 15:25:22', 'superadmin', 1),
	(998, 'ENDOMOTOR RADAR', 1, NULL, '0', '0', '0', '0', 1, '2025-08-28 09:34:36', 'superadmin', '2025-09-04 15:25:16', 'superadmin', 1),
	(999, 'Biaya transport (18 org x 1 hari x 25 kali)', 1, NULL, '1', '0', '0', '0', 1, '2025-08-28 09:34:39', 'superadmin', '2025-09-04 15:25:09', 'superadmin', 1),
	(1000, 'Flowmeter oksigen bayi', 1, NULL, '0', '0', '0', '0', 1, '2025-08-28 09:34:45', 'superadmin', '2025-09-04 15:25:03', 'superadmin', 1),
	(1001, 'Goniometer set', 1, NULL, '0', '0', '0', '0', 1, '2025-08-28 09:34:56', 'superadmin', '2025-09-04 15:24:56', 'superadmin', 1),
	(1002, 'Uang harian (1 org x 3 hari x 2 kali)', 1, 84, '1', '0', '0', '0', 1, '2025-08-28 09:34:58', 'superadmin', '2025-09-11 09:04:41', 'superadmin', 1),
	(1003, 'HANDPIECE LED CX-207 FCOXO', 1, NULL, '0', '0', '0', '0', 1, '2025-08-28 09:35:06', 'superadmin', '2025-09-04 15:24:47', 'superadmin', 1),
	(1004, 'Infus Pump', 1, NULL, '0', '0', '0', '0', 1, '2025-08-28 09:35:17', 'superadmin', '2025-09-04 15:24:42', 'superadmin', 1),
	(1005, 'Tiket PP (1 org x 2 kali)', 1, NULL, '1', '0', '0', '0', 1, '2025-08-28 09:35:22', 'superadmin', '2025-09-04 15:24:35', 'superadmin', 1),
	(1006, 'Instrument Tray / Bak Instrumen + Tutup (Stainless Steel)', 1, NULL, '0', '0', '0', '0', 1, '2025-08-28 09:35:30', 'superadmin', '2025-09-04 15:24:29', 'superadmin', 1),
	(1007, 'Taksi (1 org x 4 kali )pp', 1, NULL, '1', '0', '0', '0', 1, '2025-08-28 09:35:37', 'superadmin', '2025-09-04 15:24:24', 'superadmin', 1),
	(1008, 'Kursi Stool', 1, NULL, '0', '0', '0', '0', 1, '2025-08-28 09:35:43', 'superadmin', '2025-09-04 15:24:14', 'superadmin', 1),
	(1009, 'Penginapan (1 org x 3 hari x 2 kali)', 1, 84, '1', '0', '0', '0', 1, '2025-08-28 09:35:57', 'superadmin', '2025-09-11 10:10:15', 'superadmin', 1),
	(1010, 'Lampu Operasi', 1, NULL, '0', '0', '0', '0', 1, '2025-08-28 09:35:58', 'superadmin', '2025-09-04 15:24:08', 'superadmin', 1),
	(1011, 'Biaya pemeriksaan (1 org x 2 kali)', 1, NULL, '1', '0', '0', '0', 1, '2025-08-28 09:36:12', 'superadmin', '2025-09-04 15:24:04', 'superadmin', 1),
	(1012, 'Light Cure', 1, NULL, '0', '0', '0', '0', 1, '2025-08-28 09:36:21', 'superadmin', '2025-09-04 15:23:58', 'superadmin', 1),
	(1013, 'Uang harian (3 org x 3 hr x 2 kali)', 1, 84, '1', '0', '0', '0', 1, '2025-08-28 09:36:26', 'superadmin', '2025-09-11 09:03:32', 'superadmin', 1),
	(1014, 'Manometer Oksigen Sentral', 1, NULL, '0', '0', '0', '0', 1, '2025-08-28 09:36:39', 'superadmin', '2025-09-04 15:23:49', 'superadmin', 1),
	(1015, 'Tiket PP (3 org x 2 kali)', 1, NULL, '1', '0', '0', '0', 1, '2025-08-28 09:36:40', 'superadmin', '2025-09-04 15:23:27', 'superadmin', 1),
	(1016, 'Taksi (3 org x 4 kali)pp', 1, NULL, '1', '0', '0', '0', 1, '2025-08-28 09:37:01', 'superadmin', '2025-09-04 15:23:22', 'superadmin', 1),
	(1017, 'Manometer oksigen transport', 1, NULL, '0', '0', '0', '0', 1, '2025-08-28 09:37:10', 'superadmin', '2025-09-04 15:23:16', 'superadmin', 1),
	(1018, 'Penginapan (3 org x 3 hr x 2 kali)', 1, 84, '1', '0', '0', '0', 1, '2025-08-28 09:37:16', 'superadmin', '2025-09-11 10:11:29', 'superadmin', 1),
	(1019, 'Meja Adjustable', 1, NULL, '0', '0', '0', '0', 1, '2025-08-28 09:37:32', 'superadmin', '2025-09-04 15:23:05', 'superadmin', 1),
	(1020, 'Biaya pemeriksaan (3 org x 2 kali)', 1, NULL, '1', '0', '0', '0', 1, '2025-08-28 09:37:33', 'superadmin', '2025-09-04 15:23:00', 'superadmin', 1),
	(1021, 'Monitor Pasien', 1, NULL, '0', '0', '0', '0', 1, '2025-08-28 09:37:43', 'superadmin', '2025-09-04 15:22:56', 'superadmin', 1),
	(1022, 'Uang Harian Perjalanan dinas di dalam kota yang lebih dari 8 (delapan) jam (10 org x 4 kali x 1 hari)', 1, 85, '1', '0', '0', '0', 1, '2025-08-28 09:37:48', 'superadmin', '2025-09-11 09:31:48', 'superadmin', 1),
	(1023, 'Nebulizer', 1, NULL, '0', '0', '0', '0', 1, '2025-08-28 09:37:52', 'superadmin', '2025-09-04 15:22:47', 'superadmin', 1),
	(1024, 'O2 cell', 1, NULL, '0', '0', '0', '0', 1, '2025-08-28 09:38:02', 'superadmin', '2025-09-04 15:22:41', 'superadmin', 1),
	(1025, 'Uang Transport Perjalanan dinas di dalam kota yang kurang dari 8 (delapan) jam (10 org x 4 kali x 1 hari)', 1, 85, '1', '0', '0', '0', 1, '2025-08-28 09:38:03', 'superadmin', '2025-09-11 09:07:56', 'superadmin', 1),
	(1026, 'Obturation System', 1, NULL, '0', '0', '0', '0', 1, '2025-08-28 09:38:13', 'superadmin', '2025-09-04 15:22:25', 'superadmin', 1),
	(1027, 'Uang harian kegiatan rapat atau pertemuan di luar kantor fullboard di dalam kota (2 org x 2 hari x 5 kali)', 1, 86, '1', '0', '0', '0', 1, '2025-08-28 09:38:18', 'superadmin', '2025-09-11 09:24:30', 'superadmin', 1),
	(1028, 'Pulse Oximetri Neonatus', 1, NULL, '0', '0', '0', '0', 1, '2025-08-28 09:38:28', 'superadmin', '2025-09-04 15:22:15', 'superadmin', 1),
	(1029, 'Uang harian kegiatan rapat atau pertemuan di luar kantor fullday/ halfday di dalam kota (3 org x 1 hari x 5 kali)', 1, 86, '1', '0', '0', '0', 1, '2025-08-28 09:38:32', 'superadmin', '2025-09-11 09:25:08', 'superadmin', 1),
	(1030, 'Pulse Oxymetri', 1, NULL, '0', '0', '0', '0', 1, '2025-08-28 09:38:43', 'superadmin', '2025-09-04 15:22:05', 'superadmin', 1),
	(1031, 'Uang harian kegiatan rapat atau pertemuan di luar kantor fullboard di luar kota (5 org x 2 hari x 10 kali)', 1, 87, '1', '0', '0', '0', 1, '2025-08-28 09:38:47', 'superadmin', '2025-09-11 09:26:17', 'superadmin', 1),
	(1032, 'Resuscitator Dewasa', 1, NULL, '0', '0', '0', '0', 1, '2025-08-28 09:38:52', 'superadmin', '2025-09-04 15:21:53', 'superadmin', 1),
	(1033, 'Biaya transport (5 Orang x 10 kali)', 1, 87, '1', '0', '0', '0', 1, '2025-08-28 09:39:00', 'superadmin', '2025-09-11 09:28:16', 'superadmin', 1),
	(1034, 'Saliva Suction Pump Portable', 1, NULL, '0', '0', '0', '0', 1, '2025-08-28 09:39:08', 'superadmin', '2025-09-04 15:21:41', 'superadmin', 1),
	(1035, 'Scalpel Handle', 1, NULL, '0', '0', '0', '0', 1, '2025-08-28 09:39:24', 'superadmin', '2025-09-04 15:21:17', 'superadmin', 1),
	(1036, 'Spekulum Hidung', 1, NULL, '0', '0', '0', '0', 1, '2025-08-28 09:39:39', 'superadmin', '2025-09-04 15:21:10', 'superadmin', 1),
	(1037, 'Adaptor charger pc Hp 200 G3, 100-240V~1.6A 50-60Hz 19.5V 3.33A  65 W Blue pin', 1, NULL, '0', '0', '0', '0', 1, '2025-08-28 09:39:52', 'superadmin', '2025-09-04 15:21:05', 'superadmin', 1),
	(1038, 'Stetoscope Dewasa', 1, NULL, '0', '0', '0', '0', 1, '2025-08-28 09:39:56', 'superadmin', '2025-09-04 15:20:57', 'superadmin', 1),
	(1039, 'Adaptor charger pc lenovo V410z input : 100-240V 1.5A 50/60Hz, Output : 20v - 4.5A', 1, NULL, '0', '0', '0', '0', 1, '2025-08-28 09:40:06', 'superadmin', '2025-09-04 15:20:52', 'superadmin', 1),
	(1040, 'Stetoscope Infant', 1, NULL, '0', '0', '0', '0', 1, '2025-08-28 09:40:07', 'superadmin', '2025-09-04 15:20:47', 'superadmin', 1),
	(1041, 'Stetoscope Jantung', 1, NULL, '0', '0', '0', '0', 1, '2025-08-28 09:40:22', 'superadmin', '2025-09-04 15:20:43', 'superadmin', 1),
	(1042, 'ANYCAST HDMI DONGLE', 1, NULL, '0', '0', '0', '0', 1, '2025-08-28 09:40:25', 'superadmin', '2025-09-04 15:20:38', 'superadmin', 1),
	(1043, 'Surgical Instrument Hecting Set 1', 1, NULL, '0', '0', '0', '0', 1, '2025-08-28 09:40:33', 'superadmin', '2025-09-04 15:20:26', 'superadmin', 1),
	(1044, 'Asf pick up roller epson L850', 1, NULL, '0', '0', '0', '0', 1, '2025-08-28 09:40:39', 'superadmin', '2025-09-04 15:20:21', 'superadmin', 1),
	(1045, 'Syringe Pump', 1, NULL, '0', '0', '0', '0', 1, '2025-08-28 09:40:43', 'superadmin', '2025-09-04 15:20:12', 'superadmin', 1),
	(1046, 'Tang Biopsi', 1, NULL, '0', '0', '0', '0', 1, '2025-08-28 09:40:52', 'superadmin', '2025-09-04 15:20:07', 'superadmin', 1),
	(1047, 'ASF Roller Penarik Kertas Epson L1455', 1, NULL, '0', '0', '0', '0', 1, '2025-08-28 09:40:55', 'superadmin', '2025-09-04 15:20:02', 'superadmin', 1),
	(1048, 'Thermometer Infrared', 1, NULL, '0', '0', '0', '0', 1, '2025-08-28 09:41:03', 'superadmin', '2025-09-04 15:19:55', 'superadmin', 1),
	(1049, 'Baterai Laptop Dell Latitude 3400', 1, NULL, '0', '0', '0', '0', 1, '2025-08-28 09:41:10', 'superadmin', '2025-09-04 15:19:45', 'superadmin', 1),
	(1050, 'Tiang Infus Beroda', 1, NULL, '0', '0', '0', '0', 1, '2025-08-28 09:41:18', 'superadmin', '2025-09-04 15:19:40', 'superadmin', 1),
	(1051, 'Baterai Laptop Merk HP Core i5 14 af103TX14AM', 1, NULL, '0', '0', '0', '0', 1, '2025-08-28 09:41:25', 'superadmin', '2025-09-04 15:19:35', 'superadmin', 1),
	(1052, 'Timbangan Berat Badan dan Pengukur Tinggi Badan', 1, NULL, '0', '0', '0', '0', 1, '2025-08-28 09:41:29', 'superadmin', '2025-09-04 15:19:29', 'superadmin', 1),
	(1053, 'Baterai latop dell inspiron 14 5000 2 in 1', 1, NULL, '0', '0', '0', '0', 1, '2025-08-28 09:41:40', 'superadmin', '2025-09-04 15:19:25', 'superadmin', 1),
	(1054, 'Trolley Instrument', 1, NULL, '0', '0', '0', '0', 1, '2025-08-28 09:41:50', 'superadmin', '2025-09-04 15:19:10', 'superadmin', 1),
	(1055, 'Busa maintenan box Epson EcoTank L5290', 1, NULL, '0', '0', '0', '0', 1, '2025-08-28 09:41:53', 'superadmin', '2025-09-04 15:19:03', 'superadmin', 1),
	(1056, 'Casing PC', 1, NULL, '0', '0', '0', '0', 1, '2025-08-28 09:42:08', 'superadmin', '2025-09-04 15:18:58', 'superadmin', 1),
	(1057, 'Charger laptop Dell Inspiron 14 5000 2 in 1', 1, NULL, '0', '0', '0', '0', 1, '2025-08-28 09:42:22', 'superadmin', '2025-09-04 15:18:53', 'superadmin', 1),
	(1058, 'Charger Laptop Dell Latitude 3400', 1, NULL, '0', '0', '0', '0', 1, '2025-08-28 09:42:36', 'superadmin', '2025-09-04 15:18:48', 'superadmin', 1),
	(1059, 'Seragam Pelayanan', 1, NULL, '1', '0', '0', '0', 1, '2025-08-28 09:42:40', 'superadmin', '2025-09-04 15:18:43', 'superadmin', 1),
	(1060, 'Chip maintenan box epson L15150', 1, NULL, '0', '0', '0', '0', 1, '2025-08-28 09:42:49', 'superadmin', '2025-09-04 15:18:37', 'superadmin', 1),
	(1061, 'Connector RJ 45 Cat 6', 1, NULL, '0', '0', '0', '0', 1, '2025-08-28 09:43:04', 'superadmin', '2025-09-04 15:18:32', 'superadmin', 1),
	(1062, 'Converter HDMI', 1, NULL, '0', '0', '0', '0', 1, '2025-08-28 09:43:17', 'superadmin', '2025-09-04 15:18:25', 'superadmin', 1),
	(1063, 'Pemasangan Kembali Membrane Lama Area Pakir Poli Rawat Jalan', 1, NULL, '0', '0', '0', '0', 1, '2025-08-28 09:43:26', 'superadmin', '2025-09-04 15:18:20', 'superadmin', 1),
	(1064, 'converter sata to usb', 1, NULL, '0', '0', '0', '0', 1, '2025-08-28 09:43:36', 'superadmin', '2025-09-04 15:18:15', 'superadmin', 1),
	(1065, 'converter Usb to Lan Card', 1, NULL, '0', '0', '0', '0', 1, '2025-08-28 09:43:59', 'superadmin', '2025-09-04 15:18:04', 'superadmin', 1),
	(1066, 'Epson Ink Maintenance Box - L15150/L15160 - ORI', 1, NULL, '0', '0', '0', '0', 1, '2025-08-28 09:44:14', 'superadmin', '2025-09-04 15:17:59', 'superadmin', 1),
	(1067, 'Isolasi Putih', 1, NULL, '0', '0', '0', '0', 1, '2025-08-28 09:44:38', 'superadmin', '2025-09-04 15:17:54', 'superadmin', 1),
	(1068, 'Kabel HDMI 2 m', 1, NULL, '0', '0', '0', '0', 1, '2025-08-28 09:45:09', 'superadmin', '2025-09-04 15:17:47', 'superadmin', 1),
	(1069, 'Kabel HDMI 5 m', 1, NULL, '0', '0', '0', '0', 1, '2025-08-28 09:45:21', 'superadmin', '2025-09-04 15:17:42', 'superadmin', 1),
	(1070, 'Kabel Ties', 1, NULL, '0', '0', '0', '0', 1, '2025-08-28 09:45:35', 'superadmin', '2025-09-04 15:17:38', 'superadmin', 1),
	(1071, 'Karet 1 Set Roller Pickup Scanner Canon DR C240 M160 M160II DR S150 R40', 1, NULL, '0', '0', '0', '0', 1, '2025-08-28 09:45:52', 'superadmin', '2025-09-04 15:17:33', 'superadmin', 1),
	(1072, 'Karet Asf atas bawah canon G3010', 1, NULL, '0', '0', '0', '0', 1, '2025-08-28 09:46:06', 'superadmin', '2025-09-04 15:17:28', 'superadmin', 1),
	(1073, 'Karet Asf atas bawah Epson EcoTank L5290 Printer', 1, NULL, '0', '0', '0', '0', 1, '2025-08-28 09:46:23', 'superadmin', '2025-09-04 15:17:23', 'superadmin', 1),
	(1074, 'Karet Asf atas bawah HP SMART TANK 615', 1, NULL, '0', '0', '0', '0', 1, '2025-08-28 09:46:39', 'superadmin', '2025-09-04 15:17:17', 'superadmin', 1),
	(1075, 'Karet Asf atas bawah Printer Epson L3150', 1, NULL, '0', '0', '0', '0', 1, '2025-08-28 09:46:57', 'superadmin', '2025-09-04 15:16:51', 'superadmin', 1),
	(1076, 'Karet Roller Atas Epson L1455', 1, NULL, '0', '0', '0', '0', 1, '2025-08-28 09:48:02', 'superadmin', '2025-09-04 15:16:45', 'superadmin', 1),
	(1077, 'Keyboard USB K120', 1, NULL, '0', '0', '0', '0', 1, '2025-08-28 09:49:21', 'superadmin', '2025-09-04 15:16:40', 'superadmin', 1),
	(1078, 'Penyusunan Dokumen Studi Kelayakan Pengembangan Pelayanan (Feasibility Study) Rawat Jalan', 1, NULL, '0', '0', '0', '0', 1, '2025-08-28 09:50:53', 'superadmin', '2025-09-04 15:16:35', 'superadmin', 1),
	(1079, 'Honorarium Narasumber atau Pembahas (Pejabat Eselon II ke bawah/yang disetarakan)  1 org x 5 jam x 12 keg', 1, NULL, '1', '0', '0', '1', 1, '2025-08-28 09:51:46', 'superadmin', '2025-09-04 15:16:29', 'superadmin', 1),
	(1080, 'Kue Kotak (20 org x 2 kali x 12 keg)', 1, 25, '1', '0', '0', '1', 1, '2025-08-28 09:52:09', 'superadmin', '2025-09-11 08:53:45', 'superadmin', 1),
	(1081, 'Nasi Kotak (20 org x 1 kali x 12 keg)', 1, 25, '1', '0', '0', '1', 1, '2025-08-28 09:52:37', 'superadmin', '2025-09-11 08:48:13', 'superadmin', 1),
	(1082, 'By. Paket Penguburan Jenazah Pasien Tidak Mampu', 1, NULL, '1', '0', '0', '0', 1, '2025-08-28 09:57:27', 'superadmin', '2025-09-04 15:16:13', 'superadmin', 1),
	(1083, 'Gunting kain', NULL, NULL, '0', '0', '0', '0', 1, '2025-08-28 09:57:51', 'superadmin', '2025-09-02 09:03:23', 'superadmin', 0),
	(1084, 'Jasa Petugas Memandikan dan Perawatan Jenazah', 1, NULL, '1', '0', '0', '0', 1, '2025-08-28 09:59:55', 'superadmin', '2025-09-04 15:15:37', 'superadmin', 1),
	(1085, 'Jasa Petugas Memandikan dan Perawatan Jenazah Kondisi khusus', 1, NULL, '1', '0', '0', '0', 1, '2025-08-28 10:00:08', 'superadmin', '2025-09-04 15:15:26', 'superadmin', 1),
	(1086, 'Minyak wangi u/ Jenazah', 1, NULL, '0', '0', '0', '0', 1, '2025-08-28 10:00:31', 'superadmin', '2025-09-04 15:15:19', 'superadmin', 1),
	(1087, 'Sabun Mandi cair', 1, NULL, '0', '0', '0', '0', 1, '2025-08-28 10:00:50', 'superadmin', '2025-09-04 15:15:14', 'superadmin', 1),
	(1088, 'Sampo', 1, NULL, '0', '0', '0', '0', 1, '2025-08-28 10:01:03', 'superadmin', '2025-09-04 15:15:09', 'superadmin', 1),
	(1089, 'Apron', 1, NULL, '0', '0', '0', '0', 1, '2025-08-28 10:01:13', 'superadmin', '2025-09-04 15:15:04', 'superadmin', 1),
	(1090, 'Jarum mesin jahit', 1, NULL, '0', '0', '0', '0', 1, '2025-08-28 10:01:24', 'superadmin', '2025-09-04 15:14:58', 'superadmin', 1),
	(1091, 'Sarung tangan (Karet)', 1, NULL, '0', '0', '0', '0', 1, '2025-08-28 10:01:35', 'superadmin', '2025-09-04 15:14:54', 'superadmin', 1),
	(1092, 'Seragam Lapangan Customer Care', 1, NULL, '1', '0', '0', '0', 1, '2025-08-28 10:02:51', 'superadmin', '2025-09-04 15:14:47', 'superadmin', 1),
	(1093, 'Belanja Langganan Cap Cut Pro', 1, NULL, '0', '0', '0', '0', 1, '2025-08-28 10:03:18', 'superadmin', '2025-09-04 15:14:42', 'superadmin', 1),
	(1094, 'Belanja Langganan Google Drive 5 TB', 1, NULL, '0', '0', '0', '0', 1, '2025-08-28 10:03:34', 'superadmin', '2025-09-04 15:13:40', 'superadmin', 1),
	(1095, 'Gelas Mug Custom', 1, NULL, '0', '0', '0', '0', 1, '2025-08-28 10:03:45', 'superadmin', '2025-09-04 15:13:34', 'superadmin', 1),
	(1096, 'Kalender Dinding Custom', 1, NULL, '0', '0', '0', '0', 1, '2025-08-28 10:04:07', 'superadmin', '2025-09-04 15:13:24', 'superadmin', 1),
	(1097, 'Paper Bag', 1, NULL, '0', '0', '0', '0', 1, '2025-08-28 10:04:17', 'superadmin', '2025-09-04 15:13:19', 'superadmin', 1),
	(1098, 'Payung Logo RS', 1, NULL, '0', '0', '0', '0', 1, '2025-08-28 10:04:38', 'superadmin', '2025-09-04 15:13:13', 'superadmin', 1),
	(1099, 'Pouch', 1, NULL, '0', '0', '0', '0', 1, '2025-08-28 10:04:56', 'superadmin', '2025-09-04 15:13:07', 'superadmin', 1),
	(1100, 'Tumbler LED', 1, NULL, '0', '0', '0', '0', 1, '2025-08-28 10:05:08', 'superadmin', '2025-09-04 15:13:03', 'superadmin', 1),
	(1101, 'Uang harian (Belanja Perjalanan Dinas Biasa Dalam Provinsi)', 1, 84, '1', '0', '0', '0', 1, '2025-08-28 10:05:37', 'superadmin', '2025-09-11 09:00:21', 'superadmin', 1),
	(1102, 'Biayatransport', 1, NULL, '1', '0', '0', '0', 1, '2025-08-28 10:06:23', 'superadmin', '2025-09-04 15:12:51', 'superadmin', 1),
	(1103, 'Vandel Logo RS', 1, NULL, '0', '0', '0', '0', 1, '2025-08-28 10:06:35', 'superadmin', '2025-09-04 15:12:46', 'superadmin', 1),
	(1104, 'Gimbal HP', 1, NULL, '0', '0', '0', '0', 1, '2025-08-28 10:07:20', 'superadmin', '2025-09-04 15:12:41', 'superadmin', 1),
	(1105, 'Laptop', NULL, NULL, '0', '0', '0', '0', 1, '2025-08-28 10:07:30', 'superadmin', '2025-09-04 08:11:03', 'superadmin', 0),
	(1106, 'PC All In One', NULL, NULL, '0', '0', '0', '0', 1, '2025-08-28 10:07:41', 'superadmin', '2025-09-04 08:14:19', 'superadmin', 0),
	(1107, 'Proyektor', NULL, NULL, '0', '0', '0', '0', 1, '2025-08-28 10:07:53', 'superadmin', '2025-09-04 08:17:43', 'superadmin', 0),
	(1108, 'Tripod HP', 1, NULL, '0', '0', '0', '0', 1, '2025-08-28 10:08:06', 'superadmin', '2025-09-04 15:12:36', 'superadmin', 1),
	(1109, 'Kue Kotak  Pelaksanaan (60 org x 1 kali)', 1, 25, '1', '0', '0', '0', 1, '2025-08-28 10:15:56', 'superadmin', '2025-09-11 08:53:36', 'superadmin', 1),
	(1110, 'Nasi Kotak Pelaksanaan (60 org x 1 kali)', 1, 25, '1', '0', '0', '0', 1, '2025-08-28 10:16:10', 'superadmin', '2025-09-11 08:48:05', 'superadmin', 1),
	(1111, 'Paket Sarung Dan Baju Muslim Laki-Laki', 1, NULL, '1', '0', '0', '0', 1, '2025-08-28 10:16:28', 'superadmin', '2025-09-04 15:12:17', 'superadmin', 1),
	(1112, 'Uang saku peserta khitan', 1, NULL, '1', '0', '0', '0', 1, '2025-08-28 10:16:42', 'superadmin', '2025-09-04 15:12:11', 'superadmin', 1),
	(1113, 'Sewa tenda dan kursi', NULL, NULL, '0', '0', '0', '0', 1, '2025-08-28 10:17:04', 'superadmin', '2025-09-01 09:44:49', 'superadmin', 0),
	(1114, 'Banner', 1, NULL, '0', '0', '0', '0', 1, '2025-08-28 10:17:18', 'superadmin', '2025-09-04 15:12:06', 'superadmin', 1),
	(1115, 'Pehacain Inj', 1, NULL, '0', '0', '0', '0', 1, '2025-08-28 10:17:32', 'superadmin', '2025-09-04 15:12:00', 'superadmin', 1),
	(1116, 'Catgut Plain 3.0', 1, NULL, '0', '0', '0', '0', 1, '2025-08-28 10:17:44', 'superadmin', '2025-09-04 15:11:54', 'superadmin', 1),
	(1117, 'CD khitan', 1, NULL, '1', '0', '0', '0', 1, '2025-08-28 10:17:58', 'superadmin', '2025-09-04 15:11:49', 'superadmin', 1),
	(1118, 'Sewa musik Rebana / Hadrah', 1, NULL, '0', '0', '0', '0', 1, '2025-08-28 10:18:15', 'superadmin', '2025-09-04 15:11:43', 'superadmin', 1),
	(1119, 'Honor Narasumber (6 orang x 4 hari)', 1, NULL, '1', '0', '0', '0', 1, '2025-08-28 10:27:15', 'superadmin', '2025-09-04 15:11:39', 'superadmin', 1),
	(1120, 'Kue Kotak (200 orang x 4 hari)', 1, 25, '1', '0', '0', '0', 1, '2025-08-28 10:27:40', 'superadmin', '2025-09-11 08:53:28', 'superadmin', 1),
	(1121, 'Nasi Kotak  (25 orang x 4 hari)', 1, 25, '1', '0', '0', '0', 1, '2025-08-28 10:27:51', 'superadmin', '2025-09-11 08:47:13', 'superadmin', 1),
	(1122, 'Paket Souvenir', NULL, NULL, '1', '0', '0', '0', 1, '2025-08-28 10:28:03', 'superadmin', '2025-09-01 09:23:20', 'superadmin', 0),
	(1123, 'Honor Narasumber (10 orang x 5 jam)', 1, NULL, '1', '0', '0', '0', 1, '2025-08-28 10:28:31', 'superadmin', '2025-09-04 15:11:15', 'superadmin', 1),
	(1124, 'Kue Kotak (85 orang x 1 hari x 7 kali)', 1, 25, '1', '0', '0', '0', 1, '2025-08-28 10:28:49', 'superadmin', '2025-09-11 08:53:13', 'superadmin', 1),
	(1125, 'Nasi Kotak  (65 orang x 1 hari x 3 kali)', 1, 25, '1', '0', '0', '0', 1, '2025-08-28 10:29:02', 'superadmin', '2025-09-11 08:47:02', 'superadmin', 1),
	(1126, 'Maintenance Box Epson L1455', 1, NULL, '0', '0', '0', '0', 1, '2025-08-28 10:32:04', 'superadmin', '2025-09-04 15:10:57', 'superadmin', 1),
	(1127, 'Motherboard', 1, NULL, '0', '0', '0', '0', 1, '2025-08-28 10:32:17', 'superadmin', '2025-09-04 15:10:51', 'superadmin', 1),
	(1128, 'Mouse Kabel', 1, NULL, '0', '0', '0', '0', 1, '2025-08-28 10:32:41', 'superadmin', '2025-09-04 15:10:46', 'superadmin', 1),
	(1129, 'Mouse Wireless Bluetooth', 1, NULL, '0', '0', '0', '0', 1, '2025-08-28 10:33:24', 'superadmin', '2025-09-04 15:10:41', 'superadmin', 1),
	(1130, 'Desain Booth Pameran (EO)', 1, NULL, '0', '0', '0', '0', 1, '2025-08-28 10:33:36', 'superadmin', '2025-09-04 15:10:37', 'superadmin', 1),
	(1131, 'Obeng Plus Minus', 1, NULL, '0', '0', '0', '0', 1, '2025-08-28 10:33:45', 'superadmin', '2025-09-04 15:10:26', 'superadmin', 1),
	(1132, 'Uangharian (6Orangx3harix1kali)', 1, NULL, '1', '0', '0', '0', 1, '2025-08-28 10:34:02', 'superadmin', '2025-09-04 15:10:21', 'superadmin', 1),
	(1133, 'Palu', 1, NULL, '0', '0', '0', '0', 1, '2025-08-28 10:34:17', 'superadmin', '2025-09-04 15:10:16', 'superadmin', 1),
	(1134, 'Biayatransport(6Orangx1 kali)', 1, NULL, '1', '0', '0', '0', 1, '2025-08-28 10:34:23', 'superadmin', '2025-09-04 15:10:10', 'superadmin', 1),
	(1135, 'Penginapan (6 org x 2 hari x 1 kali)', 1, 84, '1', '0', '0', '0', 1, '2025-08-28 10:34:35', 'superadmin', '2025-09-11 10:11:59', 'superadmin', 1),
	(1136, 'Pemeliharaan Printer HP SMART TANK 615', 1, NULL, '0', '1', '0', '0', 1, '2025-08-28 10:34:36', 'superadmin', '2025-09-04 15:09:18', 'superadmin', 1),
	(1137, 'Penggantian Maintenance Box Epson L3150', 1, NULL, '0', '0', '0', '0', 1, '2025-08-28 10:34:49', 'superadmin', '2025-09-04 15:09:11', 'superadmin', 1),
	(1138, 'Paket souvenir', 1, NULL, '0', '0', '0', '0', 1, '2025-08-28 10:35:00', 'superadmin', '2025-09-04 15:09:05', 'superadmin', 1),
	(1139, 'Print Head Epson EcoTank L5290', 1, NULL, '0', '0', '0', '0', 1, '2025-08-28 10:35:02', 'superadmin', '2025-09-04 15:09:01', 'superadmin', 1),
	(1140, 'Print head HP SMART TANK 615 hitam', 1, NULL, '0', '0', '0', '0', 1, '2025-08-28 10:35:20', 'superadmin', '2025-09-04 15:08:54', 'superadmin', 1),
	(1141, 'Print head PRINTER CANON G3010 hitam', 1, NULL, '0', '0', '0', '0', 1, '2025-08-28 10:35:32', 'superadmin', '2025-09-04 15:08:44', 'superadmin', 1),
	(1142, 'Print Head Printer CANON G3010 warna', 1, NULL, '0', '0', '0', '0', 1, '2025-08-28 10:35:45', 'superadmin', '2025-09-04 15:08:36', 'superadmin', 1),
	(1143, 'Print Head Printer Epson L3150', 1, NULL, '0', '0', '0', '0', 1, '2025-08-28 10:36:00', 'superadmin', '2025-09-04 15:08:25', 'superadmin', 1),
	(1144, 'Printhead Epson L121', 1, NULL, '0', '0', '0', '0', 1, '2025-08-28 10:36:14', 'superadmin', '2025-09-04 15:08:31', 'superadmin', 1),
	(1145, 'Printhead epson L1455', 1, NULL, '0', '0', '0', '0', 1, '2025-08-28 10:36:26', 'superadmin', '2025-09-04 15:08:18', 'superadmin', 1),
	(1146, 'Printhead epson L3150', 1, NULL, '0', '0', '0', '0', 1, '2025-08-28 10:36:44', 'superadmin', '2025-09-04 15:08:12', 'superadmin', 1),
	(1147, 'Printhead epson L850', 1, NULL, '0', '0', '0', '0', 1, '2025-08-28 10:36:56', 'superadmin', '2025-09-04 15:08:02', 'superadmin', 1),
	(1148, 'Processors I5', 1, NULL, '0', '0', '0', '0', 1, '2025-08-28 10:37:09', 'superadmin', '2025-09-04 15:07:57', 'superadmin', 1),
	(1149, 'Reseter chip maintenance box epson L15150', 1, NULL, '0', '0', '0', '0', 1, '2025-08-28 10:37:23', 'superadmin', '2025-09-04 15:07:52', 'superadmin', 1),
	(1150, 'OBAT', 1, NULL, '0', '0', '0', '0', 1, '2025-08-28 10:37:34', 'superadmin', '2025-09-04 15:07:46', 'superadmin', 1),
	(1151, 'Resetter Chip Maintenance Box Epson L1455', 1, NULL, '0', '0', '0', '0', 1, '2025-08-28 10:37:37', 'superadmin', '2025-09-04 13:37:49', 'superadmin', 1),
	(1152, 'REAGEN', 1, NULL, '0', '0', '0', '0', 1, '2025-08-28 10:37:48', 'superadmin', '2025-09-04 13:37:42', 'superadmin', 1),
	(1153, 'Tang potong 8 inch', 1, NULL, '0', '0', '0', '0', 1, '2025-08-28 10:37:50', 'superadmin', '2025-09-04 13:37:35', 'superadmin', 1),
	(1154, 'ALKES BHP', 1, NULL, '0', '0', '0', '0', 1, '2025-08-28 10:37:58', 'superadmin', '2025-09-04 13:37:30', 'superadmin', 1),
	(1155, 'USB Flash Disk 64 GB', 1, NULL, '0', '0', '0', '0', 1, '2025-08-28 10:38:03', 'superadmin', '2025-09-04 13:37:24', 'superadmin', 1),
	(1156, 'VGA Card', 1, NULL, '0', '0', '0', '0', 1, '2025-08-28 10:38:16', 'superadmin', '2025-09-04 13:37:17', 'superadmin', 1),
	(1157, 'GAS', 1, NULL, '0', '0', '0', '0', 1, '2025-08-28 10:38:16', 'superadmin', '2025-09-04 13:37:11', 'superadmin', 1),
	(1158, 'CCTV Smart IP Bullet Camera  4 MP', 1, NULL, '0', '0', '0', '0', 1, '2025-08-28 10:38:30', 'superadmin', '2025-09-04 13:37:06', 'superadmin', 1),
	(1159, 'Alkes Pakai Habis Mata (Katarak set)', 1, NULL, '0', '0', '0', '0', 1, '2025-08-28 10:38:33', 'superadmin', '2025-09-04 13:37:01', 'superadmin', 1),
	(1160, 'HDD DVR/NVR 8TB', 1, NULL, '0', '0', '0', '0', 1, '2025-08-28 10:38:43', 'superadmin', '2025-09-04 13:36:55', 'superadmin', 1),
	(1161, 'HDD NAS 4TB', 1, NULL, '0', '0', '0', '0', 1, '2025-08-28 10:39:28', 'superadmin', '2025-09-04 13:32:37', 'superadmin', 1),
	(1162, 'Laptop', 1, NULL, '0', '0', '0', '0', 1, '2025-08-28 10:39:43', 'superadmin', '2025-09-04 13:32:27', 'superadmin', 1),
	(1163, 'M2 wifi', 1, NULL, '0', '0', '0', '0', 1, '2025-08-28 10:39:57', 'superadmin', '2025-09-04 13:32:20', 'superadmin', 1),
	(1164, 'Mikrobits SFP Transceiver', 1, NULL, '0', '0', '0', '0', 1, '2025-08-28 10:40:10', 'superadmin', '2025-09-04 13:32:14', 'superadmin', 1),
	(1165, 'Mini PC', 1, NULL, '0', '0', '0', '0', 1, '2025-08-28 10:40:23', 'superadmin', '2025-09-04 13:31:55', 'superadmin', 1),
	(1166, 'Monitor 22 Inch', 1, NULL, '0', '0', '0', '0', 1, '2025-08-28 10:40:35', 'superadmin', '2025-09-04 13:31:47', 'superadmin', 1),
	(1167, 'Monitor Touchscreen', 1, NULL, '0', '0', '0', '0', 1, '2025-08-28 10:40:48', 'superadmin', '2025-09-04 13:31:38', 'superadmin', 1),
	(1168, 'NVR cctv 32 CHANEL', 1, NULL, '0', '0', '0', '0', 1, '2025-08-28 10:41:01', 'superadmin', '2025-09-04 13:31:32', 'superadmin', 1),
	(1169, 'Obeng Set 145 In 1', 1, NULL, '0', '0', '0', '0', 1, '2025-08-28 10:41:14', 'superadmin', '2025-09-04 13:18:58', 'superadmin', 1),
	(1170, 'PC All In One', 1, NULL, '0', '0', '0', '0', 1, '2025-08-28 10:41:28', 'superadmin', '2025-09-04 13:18:51', 'superadmin', 1),
	(1171, 'Pointer', 1, NULL, '0', '0', '0', '0', 1, '2025-08-28 10:41:42', 'superadmin', '2025-09-04 13:18:44', 'superadmin', 1),
	(1172, 'Power Supply PC', 1, NULL, '0', '0', '0', '0', 1, '2025-08-28 10:41:53', 'superadmin', '2025-09-04 13:18:39', 'superadmin', 1),
	(1173, 'Printer Barcode', 1, NULL, '0', '0', '0', '0', 1, '2025-08-28 10:42:10', 'superadmin', '2025-09-04 13:18:33', 'superadmin', 1),
	(1174, 'Printer Dot Matrix Besar LQ', 1, NULL, '0', '0', '0', '0', 1, '2025-08-28 10:42:32', 'superadmin', '2025-09-04 13:18:27', 'superadmin', 1),
	(1175, 'Printer Dot Matrix Kecil LX', 1, NULL, '0', '0', '0', '0', 1, '2025-08-28 10:42:45', 'superadmin', '2025-09-04 13:18:20', 'superadmin', 1),
	(1176, 'PROYEKTOR', 1, NULL, '0', '0', '0', '0', 1, '2025-08-28 10:43:04', 'superadmin', '2025-09-04 13:18:13', 'superadmin', 1),
	(1177, 'Rack Server 12U', 1, NULL, '0', '0', '0', '0', 1, '2025-08-28 10:43:21', 'superadmin', '2025-09-04 13:18:06', 'superadmin', 1),
	(1178, 'Rack Server 8U', 1, NULL, '0', '0', '0', '0', 1, '2025-08-28 10:43:33', 'superadmin', '2025-09-04 13:17:48', 'superadmin', 1),
	(1179, 'Ram DDR 3 Sodimm 8 Gb', 1, NULL, '0', '0', '0', '0', 1, '2025-08-28 10:43:47', 'superadmin', '2025-09-04 13:17:42', 'superadmin', 1),
	(1180, 'Ram DDR 4 Sodimm 16 Gb Hiper', 1, NULL, '0', '0', '0', '0', 1, '2025-08-28 10:44:32', 'superadmin', '2025-09-04 13:17:30', 'superadmin', 1),
	(1181, 'Ram DDR 4 Sodimm 8 Gb', 1, NULL, '0', '0', '0', '0', 1, '2025-08-28 10:44:43', 'superadmin', '2025-09-04 11:47:27', 'superadmin', 1),
	(1182, 'Router + Adaptor', 1, NULL, '0', '0', '0', '0', 1, '2025-08-28 10:45:00', 'superadmin', '2025-09-04 11:47:21', 'superadmin', 1),
	(1183, 'Scanner (Duplex color scanner sensor)', 1, NULL, '0', '0', '0', '0', 1, '2025-08-28 10:45:18', 'superadmin', '2025-09-04 11:47:15', 'superadmin', 1),
	(1184, 'Speaker Komputer', 1, NULL, '0', '0', '0', '0', 1, '2025-08-28 10:45:33', 'superadmin', '2025-09-04 11:47:08', 'superadmin', 1),
	(1185, 'SSD EVO 500 Gb', 1, NULL, '0', '0', '0', '0', 1, '2025-08-28 10:45:54', 'superadmin', '2025-09-04 11:47:00', 'superadmin', 1),
	(1186, 'SSD M2 500 GB', 1, NULL, '0', '0', '0', '0', 1, '2025-08-28 10:46:06', 'superadmin', '2025-09-04 11:46:55', 'superadmin', 1),
	(1187, 'Switchhub 16 Port', 1, NULL, '0', '0', '0', '0', 1, '2025-08-28 10:54:32', 'superadmin', '2025-09-04 11:46:50', 'superadmin', 1),
	(1188, 'Switchhub 24 Port', 1, NULL, '0', '0', '0', '0', 1, '2025-08-28 10:54:53', 'superadmin', '2025-09-04 11:46:44', 'superadmin', 1),
	(1189, 'Switchhub 8 Port', 1, NULL, '0', '0', '0', '0', 1, '2025-08-28 10:55:12', 'superadmin', '2025-09-04 11:46:39', 'superadmin', 1),
	(1190, 'Switchhub Managed CRS328-24P-4S+RM', 1, NULL, '0', '0', '0', '0', 1, '2025-08-28 10:55:26', 'superadmin', '2025-09-04 11:46:31', 'superadmin', 1),
	(1191, 'Switchhub Managed CSS326 24G 2S+ RM', 1, NULL, '0', '0', '0', '0', 1, '2025-08-28 10:55:40', 'superadmin', '2025-09-04 11:37:46', 'superadmin', 1),
	(1192, 'Switchhub Poe', 1, NULL, '0', '0', '0', '0', 1, '2025-08-28 10:55:53', 'superadmin', '2025-09-04 11:37:38', 'superadmin', 1),
	(1193, 'Tang Crimping CAT 6', 1, NULL, '0', '0', '0', '0', 1, '2025-08-28 10:56:08', 'superadmin', '2025-09-04 11:37:24', 'superadmin', 1),
	(1194, 'UPS', 1, NULL, '0', '0', '0', '0', 1, '2025-08-28 10:56:32', 'superadmin', '2025-09-04 11:36:01', 'superadmin', 1),
	(1195, 'Karet Pick Up Roller Scanner Epson', 1, NULL, '0', '0', '0', '0', 1, '2025-08-28 10:56:46', 'superadmin', '2025-09-04 11:35:55', 'superadmin', 1),
	(1196, 'Instalasi Jaringan CCTV', 1, NULL, '0', '0', '0', '0', 1, '2025-08-28 10:57:01', 'superadmin', '2025-09-04 11:35:49', 'superadmin', 1),
	(1197, 'Kursi Tindakan Dokter', 1, NULL, '0', '0', '0', '0', 1, '2025-08-28 11:42:10', 'superadmin', '2025-09-04 11:35:42', 'superadmin', 1),
	(1198, 'Kue Kotak  (50 org x 4 kali) ', 1, 25, '1', '0', '0', '0', 1, '2025-09-01 09:26:39', 'superadmin', '2025-09-11 08:53:06', 'superadmin', 1),
	(1199, 'Nasi Kotak  (50 org x 4 kali)', 1, 25, '1', '0', '0', '0', 1, '2025-09-01 09:28:31', 'superadmin', '2025-09-11 08:46:53', 'superadmin', 1),
	(1200, 'Strip GDA', 1, NULL, '0', '0', '0', '0', 1, '2025-09-01 09:30:19', 'superadmin', '2025-09-04 11:35:16', 'superadmin', 1),
	(1201, 'Strip Asam Urat', 1, NULL, '0', '0', '0', '0', 1, '2025-09-01 09:31:28', 'superadmin', '2025-09-04 11:35:05', 'superadmin', 1),
	(1202, 'Kue Kotak  (30 org x 2 kali)', 1, 25, '1', '0', '0', '0', 1, '2025-09-01 09:37:02', 'superadmin', '2025-09-10 16:33:07', 'superadmin', 1),
	(1203, 'Formulir Lembar Orientasi Ruangan', 1, 19, '0', '0', '0', '0', 1, '2025-09-02 14:38:05', 'superadmin', '2025-09-10 16:35:20', 'superadmin', 1),
	(1204, 'Formulir Penandaan Lokasi Pria', 1, 19, '0', '0', '0', '0', 1, '2025-09-03 07:43:57', 'superadmin', '2025-09-10 16:35:06', 'superadmin', 1),
	(1205, 'Biaya Transport BPFK Alkes', 1, 84, '1', '0', '0', '0', 1, '2025-09-03 09:08:31', 'superadmin', '2025-09-10 16:30:45', 'superadmin', 1),
	(1206, 'Konstruksi (Fisik) ', 1, 2, '0', '1', '0', '0', 1, '2025-09-04 10:46:01', 'superadmin', '2025-09-04 10:46:01', 'superadmin', 1),
	(1207, 'Manset Tensi Elektrik Dewasa', 1, 3, '0', '0', '0', '0', 1, '2025-09-04 10:49:05', 'superadmin', '2025-09-10 16:30:00', 'superadmin', 1),
	(1208, 'Uangharian (6Orangx3harix1kali)', 1, 84, '1', '0', '0', '0', 1, '2025-09-04 10:50:13', 'superadmin', '2025-09-10 16:29:23', 'superadmin', 1),
	(1209, 'Biaya transport (6 Orang x 1 kali)', 1, 84, '1', '0', '0', '0', 1, '2025-09-04 10:50:35', 'superadmin', '2025-09-10 16:29:06', 'superadmin', 1),
	(1210, 'Kipas Fan Coller', 1, 20, '0', '0', '0', '0', 1, '2025-09-04 10:51:26', 'superadmin', '2025-09-10 16:26:18', 'superadmin', 1),
	(1211, 'XXXXXXXXX', 1, NULL, '1', '0', '0', '0', 1, '2025-09-04 12:07:00', 'superadmin', '2025-09-04 12:07:14', 'superadmin', 0),
	(1212, 'Ballpoint (Balliner) (Ballpoint Direktur)', 1, 8, '0', '0', '0', '0', 1, '2025-09-09 14:16:22', 'superadmin', '2025-09-10 16:25:04', 'superadmin', 1),
	(1213, 'Uang Harian Perjalanan dinas di dalam kota yang lebih dari 8 (delapan) jam (10 org x 4 kali x 1 hari)', 1, 85, '1', '0', '0', '0', 1, '2025-09-11 09:14:42', 'superadmin', '2025-09-11 09:19:15', 'superadmin', 0),
	(1214, 'Uang Harian Perjalanan dinas di dalam kota yang lebih dari 8 (delapan) jam (10 org x 4 kali x 1 hari)', 1, 85, '1', '0', '0', '0', 1, '2025-09-11 09:17:24', 'superadmin', '2025-09-11 09:19:12', 'superadmin', 0);

-- Dumping structure for table noval.sub_kegiatan
CREATE TABLE IF NOT EXISTS `sub_kegiatan` (
  `idsub_kegiatan` int NOT NULL AUTO_INCREMENT,
  `no_rekening_subkegiatan` varchar(50) DEFAULT NULL,
  `nama_subkegiatan` varchar(200) DEFAULT NULL,
  `idkegiatan` int DEFAULT NULL,
  `is_active` int DEFAULT '1',
  `created` datetime DEFAULT NULL,
  `createdby` varchar(50) DEFAULT NULL,
  `updated` datetime DEFAULT NULL,
  `updatedby` varchar(50) DEFAULT NULL,
  `status` int DEFAULT '1',
  PRIMARY KEY (`idsub_kegiatan`) USING BTREE,
  KEY `is_active` (`is_active`) USING BTREE,
  KEY `status` (`status`) USING BTREE,
  KEY `no_rekening_urusan` (`no_rekening_subkegiatan`) USING BTREE,
  KEY `nama_urusan` (`nama_subkegiatan`) USING BTREE,
  KEY `tahun_anggaran_urusan` (`idkegiatan`) USING BTREE
) ENGINE=InnoDB AUTO_INCREMENT=4 DEFAULT CHARSET=utf8mb4 COLLATE=utf8mb4_0900_ai_ci ROW_FORMAT=DYNAMIC;

-- Dumping data for table noval.sub_kegiatan: ~3 rows (approximately)
INSERT INTO `sub_kegiatan` (`idsub_kegiatan`, `no_rekening_subkegiatan`, `nama_subkegiatan`, `idkegiatan`, `is_active`, `created`, `createdby`, `updated`, `updatedby`, `status`) VALUES
	(1, '0001', 'Pelayanan dan Penunjang Pelayanan BLUD', 1, 1, '2025-08-25 08:20:07', 'superadmin', '2025-08-25 08:20:07', 'superadmin', 1),
	(2, '0010', 'Pengadaan Alat Kesehatan/Alat Penunjang Medik Fasilitas Layanan Kesehatan', 2, 1, '2025-08-25 08:20:44', 'superadmin', '2025-08-25 08:20:44', 'superadmin', 1),
	(3, '0026', 'Pengembangan Rumah Sakit', 2, 1, '2025-08-25 08:21:17', 'superadmin', '2025-12-16 18:07:07', 'ppa', 1);

-- Dumping structure for table noval.sumber_dana
CREATE TABLE IF NOT EXISTS `sumber_dana` (
  `idsumber_dana` int NOT NULL AUTO_INCREMENT,
  `nama_sumber_dana` varchar(200) DEFAULT NULL,
  `is_active` int DEFAULT '1',
  `created` datetime DEFAULT NULL,
  `createdby` varchar(50) DEFAULT NULL,
  `updated` datetime DEFAULT NULL,
  `updatedby` varchar(50) DEFAULT NULL,
  `status` int DEFAULT '1',
  PRIMARY KEY (`idsumber_dana`) USING BTREE,
  KEY `is_active` (`is_active`) USING BTREE,
  KEY `status` (`status`) USING BTREE,
  KEY `nama_sumber_dana` (`nama_sumber_dana`) USING BTREE
) ENGINE=InnoDB AUTO_INCREMENT=5 DEFAULT CHARSET=utf8mb4 COLLATE=utf8mb4_0900_ai_ci ROW_FORMAT=DYNAMIC;

-- Dumping data for table noval.sumber_dana: ~4 rows (approximately)
INSERT INTO `sumber_dana` (`idsumber_dana`, `nama_sumber_dana`, `is_active`, `created`, `createdby`, `updated`, `updatedby`, `status`) VALUES
	(1, 'Pendapatan dari BLUD', 1, '2025-09-04 10:16:25', 'superadmin', '2025-09-04 10:16:25', 'superadmin', 1),
	(2, 'PENDAPATAN ASLI DAERAH (PAD)', 1, '2025-09-04 10:17:24', 'superadmin', '2025-09-04 10:51:22', 'superadmin', 0),
	(3, 'PENDAPATAN ASLI DAERAH (PAD)', 1, '2025-09-04 10:17:41', 'superadmin', '2025-09-04 10:17:55', 'superadmin', 0),
	(4, 'DBH Cukai Hasil Tembakau (CHT)', 1, '2025-09-04 10:18:25', 'superadmin', '2025-09-04 10:18:25', 'superadmin', 1);

-- Dumping structure for table noval.transaction
CREATE TABLE IF NOT EXISTS `transaction` (
  `idtransaction` int NOT NULL AUTO_INCREMENT,
  `transaction_date` datetime DEFAULT NULL COMMENT 'tanggal realisasi',
  `transaction_code` varchar(50) DEFAULT NULL COMMENT 'nomor invoice',
  `transaction_status` varchar(50) DEFAULT 'DRAFT' COMMENT 'INPUT DATA 		-> data diinputkan dimenu realisasi anggaran (oleh user realisasi); \r\nMENUNGGU VERIFIKASI 	-> data diinputkan di menu verifikasi dokumen (oleh user realisasi); \r\nSUDAH DIVERIFIKASI 	-> data sudah diverifikasi (oleh user verifikator); \r\nINPUT NPD		-> data diinputkan di menu npd (oleh user npd);\r\nMENUNGGU PEMBAYARAN	-> data sudah dikirim ke bendahara (oleh user npd);\r\nSUDAH DIBAYAR BENDAHARA -> data sudah dibayar bendahara (oleh user bendahara);',
  `transaction_description` text COMMENT 'untuk menyimpan deskripsi yang diinput sebelum verifikasi dokumen',
  `updated_status` datetime DEFAULT NULL,
  `total_realisasi` double DEFAULT NULL COMMENT 'total dalam 1 invoice',
  `iduser_created` bigint DEFAULT NULL COMMENT 'user yang membuat invoice',
  `iduser_verification` bigint DEFAULT NULL COMMENT 'user yang memverifikasi',
  `iduser_treasurer` bigint DEFAULT NULL COMMENT 'user bendahara',
  `created` datetime DEFAULT NULL,
  `createdby` varchar(50) DEFAULT NULL,
  `updated` datetime DEFAULT NULL,
  `updatedby` varchar(50) DEFAULT NULL,
  `status` int DEFAULT '1',
  PRIMARY KEY (`idtransaction`) USING BTREE,
  KEY `status` (`status`) USING BTREE,
  KEY `transaction_status` (`transaction_status`),
  KEY `total_realisasi` (`total_realisasi`),
  KEY `iduser_created` (`iduser_created`),
  KEY `iduser_verification` (`iduser_verification`),
  KEY `iduser_treasurer` (`iduser_treasurer`),
  KEY `transaction_date` (`transaction_date`) USING BTREE,
  KEY `transaction_code` (`transaction_code`)
) ENGINE=InnoDB AUTO_INCREMENT=2 DEFAULT CHARSET=utf8mb4 COLLATE=utf8mb4_0900_ai_ci ROW_FORMAT=DYNAMIC;

-- Dumping data for table noval.transaction: ~0 rows (approximately)

-- Dumping structure for table noval.transaction_detail
CREATE TABLE IF NOT EXISTS `transaction_detail` (
  `idtransaction_detail` bigint NOT NULL AUTO_INCREMENT,
  `idtransaction` int NOT NULL,
  `idpaket_belanja` int DEFAULT NULL,
  `penyedia` varchar(50) DEFAULT NULL,
  `iduraian` int DEFAULT NULL,
  `idruang` int DEFAULT NULL,
  `name_training` varchar(200) DEFAULT NULL,
  `volume` double DEFAULT NULL,
  `laki` double DEFAULT NULL,
  `perempuan` double DEFAULT NULL,
  `harga_satuan` double DEFAULT NULL,
  `ppn` double DEFAULT NULL,
  `pph` double DEFAULT NULL,
  `total` double DEFAULT NULL,
  `transaction_description` text,
  `created` datetime DEFAULT NULL,
  `createdby` varchar(50) DEFAULT NULL,
  `updated` datetime DEFAULT NULL,
  `updatedby` varchar(50) DEFAULT NULL,
  `status` int DEFAULT '1',
  PRIMARY KEY (`idtransaction_detail`) USING BTREE,
  KEY `status` (`status`) USING BTREE,
  KEY `idtransaction` (`idtransaction`) USING BTREE,
  KEY `idpaket_belanja` (`idpaket_belanja`) USING BTREE,
  KEY `iduraian` (`iduraian`) USING BTREE,
  KEY `volume` (`volume`) USING BTREE,
  KEY `harga_satuan` (`harga_satuan`) USING BTREE,
  KEY `total` (`total`) USING BTREE,
  KEY `penyedia` (`penyedia`) USING BTREE,
  KEY `idruang` (`idruang`),
  KEY `name_training` (`name_training`),
  KEY `laki` (`laki`),
  KEY `perempuan` (`perempuan`),
  KEY `ppn` (`ppn`),
  KEY `pph` (`pph`),
  CONSTRAINT `transaction_detail_ibfk_1` FOREIGN KEY (`idtransaction`) REFERENCES `transaction` (`idtransaction`) ON DELETE CASCADE ON UPDATE CASCADE
) ENGINE=InnoDB AUTO_INCREMENT=2 DEFAULT CHARSET=utf8mb4 COLLATE=utf8mb4_0900_ai_ci ROW_FORMAT=DYNAMIC;

-- Dumping data for table noval.transaction_detail: ~0 rows (approximately)

-- Dumping structure for table noval.urusan_pemerintah
CREATE TABLE IF NOT EXISTS `urusan_pemerintah` (
  `idurusan_pemerintah` int NOT NULL AUTO_INCREMENT,
  `no_rekening_urusan` varchar(50) DEFAULT NULL,
  `nama_urusan` varchar(200) DEFAULT NULL,
  `tahun_anggaran_urusan` varchar(50) DEFAULT NULL,
  `is_active` int DEFAULT '1',
  `created` datetime DEFAULT NULL,
  `createdby` varchar(50) DEFAULT NULL,
  `updated` datetime DEFAULT NULL,
  `updatedby` varchar(50) DEFAULT NULL,
  `status` int DEFAULT '1',
  PRIMARY KEY (`idurusan_pemerintah`),
  KEY `no_rekening_urusan` (`no_rekening_urusan`),
  KEY `nama_urusan` (`nama_urusan`),
  KEY `tahun_anggaran_urusan` (`tahun_anggaran_urusan`),
  KEY `is_active` (`is_active`),
  KEY `status` (`status`)
) ENGINE=InnoDB AUTO_INCREMENT=2 DEFAULT CHARSET=utf8mb4 COLLATE=utf8mb4_0900_ai_ci;

-- Dumping data for table noval.urusan_pemerintah: ~1 rows (approximately)
INSERT INTO `urusan_pemerintah` (`idurusan_pemerintah`, `no_rekening_urusan`, `nama_urusan`, `tahun_anggaran_urusan`, `is_active`, `created`, `createdby`, `updated`, `updatedby`, `status`) VALUES
	(1, '1', 'URUSAN PEMERINTAHAN WAJIB YANG BERKAITAN DENGAN PELAYANAN DASAR', '2025', 1, '2025-08-25 08:13:29', 'superadmin', '2025-12-16 15:22:22', 'ppa', 1);

-- Dumping structure for table noval.user
CREATE TABLE IF NOT EXISTS `user` (
  `iduser` bigint unsigned NOT NULL AUTO_INCREMENT,
  `idrole` int DEFAULT NULL,
  `username` varchar(200) DEFAULT NULL,
  `password` varchar(200) DEFAULT NULL,
  `name` varchar(200) DEFAULT NULL,
  `email` varchar(200) DEFAULT NULL,
  `is_active` int DEFAULT '1',
  `created` datetime DEFAULT NULL,
  `createdby` varchar(50) DEFAULT NULL,
  `updated` datetime DEFAULT NULL,
  `updatedby` varchar(50) DEFAULT NULL,
  `status` int DEFAULT '1',
  PRIMARY KEY (`iduser`),
  KEY `FK_user_role` (`idrole`)
) ENGINE=InnoDB AUTO_INCREMENT=15 DEFAULT CHARSET=latin1;

-- Dumping data for table noval.user: ~14 rows (approximately)
INSERT INTO `user` (`iduser`, `idrole`, `username`, `password`, `name`, `email`, `is_active`, `created`, `createdby`, `updated`, `updatedby`, `status`) VALUES
	(1, NULL, 'BucinBGMID', '5f4dcc3b5aa765d61d8327deb882cf99', 'IT Support', NULL, 1, '2018-04-03 14:14:10', NULL, '2018-04-03 14:14:10', NULL, 1),
	(2, 1, 'superadmin', '5f4dcc3b5aa765d61d8327deb882cf99', 'superadmin', 'superadmin@gmail.com', 1, '2018-08-02 08:38:40', 'superadmin', '2025-12-13 11:24:42', 'BucinBGMID', 1),
	(3, 2, 'admin', '21232f297a57a5a743894a0e4a801fc3', 'Admin Noval', NULL, 1, '2025-12-31 16:15:34', 'BucinBGMID', '2025-12-31 16:15:35', 'BucinBGMID', 1),
	(4, 3, 'direktur', '4fbfd324f5ffcdff5dbf6f019b02eca8', 'Direktur RSUD Sumberglagah', NULL, 1, '2025-12-31 16:15:57', 'BucinBGMID', '2025-12-31 16:15:58', 'BucinBGMID', 1),
	(5, 5, 'ppa', '8a2a05a31e5a5c8aba63195cb7132fca', 'Admin PPA', NULL, 1, '2025-12-31 16:16:09', 'BucinBGMID', '2025-12-31 16:16:09', 'BucinBGMID', 1),
	(6, 6, 'pptk', '822858add432b8b5dedfb727aef2ed81', 'Admin PPTK', NULL, 1, '2025-12-31 16:16:19', 'BucinBGMID', '2025-12-31 16:16:19', 'BucinBGMID', 1),
	(7, 7, 'spesifikasi', '60a97a105007d624815d0cf61a344b22', 'Admin Spesifikasi', NULL, 1, '2025-12-31 16:16:43', 'BucinBGMID', '2025-12-31 16:16:44', 'BucinBGMID', 1),
	(8, 8, 'ppk', '3bb3f4dbc050a34d9c401067d396db13', 'Admin PPK', NULL, 1, '2025-12-31 16:16:56', 'BucinBGMID', '2025-12-31 16:16:56', 'BucinBGMID', 1),
	(9, 9, 'pp', 'c483f6ce851c9ecd9fb835ff7551737c', 'Admin PP', NULL, 1, '2025-12-31 16:17:04', 'BucinBGMID', '2025-12-31 16:17:04', 'BucinBGMID', 1),
	(10, 10, 'kontrak', '47f717c93fed7ba47377fb3c6eee9bf6', 'Admin Kontrak Pengadaan', NULL, 1, '2025-12-31 16:17:26', 'BucinBGMID', '2025-12-31 16:17:26', 'BucinBGMID', 1),
	(11, 11, 'realisasi', '0d908900d878afb970ee92973fcf4760', 'Admin Realisasi Anggaran', NULL, 1, '2025-12-31 16:17:46', 'BucinBGMID', '2025-12-31 16:17:46', 'BucinBGMID', 1),
	(12, 13, 'verifikator', '2ea2aa47b5cbf1f95b9dd18c1bf8dd4c', 'Admin Verifikator', NULL, 1, '2025-12-31 16:18:02', 'BucinBGMID', '2025-12-31 16:18:03', 'BucinBGMID', 1),
	(13, 14, 'npd', 'e7bb7aa4ffa0c3f89b80ac8d6f189888', 'Admin NPD', NULL, 1, '2025-12-31 16:18:13', 'BucinBGMID', '2025-12-31 16:18:13', 'BucinBGMID', 1),
	(14, 15, 'bendahara', 'c9ccd7f3c1145515a9d3f7415d5bcbea', 'Admin Bendahara', NULL, 1, '2025-12-31 16:18:25', 'BucinBGMID', '2025-12-31 16:18:26', 'BucinBGMID', 1);

-- Dumping structure for table noval.user_role
CREATE TABLE IF NOT EXISTS `user_role` (
  `iduser_role` int NOT NULL AUTO_INCREMENT,
  `idrole` int DEFAULT NULL,
  `menu_name` varchar(200) DEFAULT NULL,
  `access` int DEFAULT NULL,
  `created` datetime DEFAULT NULL,
  `createdby` varchar(50) DEFAULT NULL,
  `updated` datetime DEFAULT NULL,
  `updatedby` varchar(50) DEFAULT NULL,
  `status` int DEFAULT '1',
  PRIMARY KEY (`iduser_role`),
  KEY `FK_user_role_role` (`idrole`),
  CONSTRAINT `FK_user_role_role` FOREIGN KEY (`idrole`) REFERENCES `role` (`idrole`) ON DELETE CASCADE ON UPDATE CASCADE
) ENGINE=InnoDB AUTO_INCREMENT=573 DEFAULT CHARSET=latin1;

-- Dumping data for table noval.user_role: ~572 rows (approximately)
INSERT INTO `user_role` (`iduser_role`, `idrole`, `menu_name`, `access`, `created`, `createdby`, `updated`, `updatedby`, `status`) VALUES
	(1, 1, 'role_table', 1, '2025-12-31 16:19:03', 'BucinBGMID', NULL, NULL, 1),
	(2, 1, 'dashboard', 1, '2025-12-31 16:19:03', 'BucinBGMID', NULL, NULL, 1),
	(3, 1, 'master', 1, '2025-12-31 16:19:03', 'BucinBGMID', NULL, NULL, 1),
	(4, 1, 'master_urusan_pemerintah', 1, '2025-12-31 16:19:03', 'BucinBGMID', NULL, NULL, 1),
	(5, 1, 'master_bidang_urusan', 1, '2025-12-31 16:19:03', 'BucinBGMID', NULL, NULL, 1),
	(6, 1, 'master_program', 1, '2025-12-31 16:19:03', 'BucinBGMID', NULL, NULL, 1),
	(7, 1, 'master_kegiatan', 1, '2025-12-31 16:19:03', 'BucinBGMID', NULL, NULL, 1),
	(8, 1, 'master_sub_kegiatan', 1, '2025-12-31 16:19:03', 'BucinBGMID', NULL, NULL, 1),
	(9, 1, 'role_view_paket_belanja', 0, '2025-12-31 16:19:03', 'BucinBGMID', NULL, NULL, 1),
	(10, 1, 'role_select_ppkom_pptk', 0, '2025-12-31 16:19:03', 'BucinBGMID', NULL, NULL, 1),
	(11, 1, 'role_specification', 0, '2025-12-31 16:19:03', 'BucinBGMID', NULL, NULL, 1),
	(12, 1, 'role_special_paket_belanja', 1, '2025-12-31 16:19:03', 'BucinBGMID', NULL, NULL, 1),
	(13, 1, 'master_paket_belanja', 1, '2025-12-31 16:19:03', 'BucinBGMID', NULL, NULL, 1),
	(14, 1, 'master_akun_belanja', 1, '2025-12-31 16:19:03', 'BucinBGMID', NULL, NULL, 1),
	(15, 1, 'master_kategori', 1, '2025-12-31 16:19:03', 'BucinBGMID', NULL, NULL, 1),
	(16, 1, 'master_sub_kategori', 1, '2025-12-31 16:19:03', 'BucinBGMID', NULL, NULL, 1),
	(17, 1, 'master_kendaraan', 1, '2025-12-31 16:19:03', 'BucinBGMID', NULL, NULL, 1),
	(18, 1, 'master_ruang', 1, '2025-12-31 16:19:03', 'BucinBGMID', NULL, NULL, 1),
	(19, 1, 'master_satuan', 1, '2025-12-31 16:19:03', 'BucinBGMID', NULL, NULL, 1),
	(20, 1, 'master_sumber_dana', 1, '2025-12-31 16:19:03', 'BucinBGMID', NULL, NULL, 1),
	(21, 1, 'master_kode_rekening', 1, '2025-12-31 16:19:03', 'BucinBGMID', NULL, NULL, 1),
	(22, 1, 'role_view_purchase_plan', 0, '2025-12-31 16:19:03', 'BucinBGMID', NULL, NULL, 1),
	(23, 1, 'role_bypass', 1, '2025-12-31 16:19:03', 'BucinBGMID', NULL, NULL, 1),
	(24, 1, 'purchase_plan', 1, '2025-12-31 16:19:03', 'BucinBGMID', NULL, NULL, 1),
	(25, 1, 'role_view_purchase_contract', 0, '2025-12-31 16:19:03', 'BucinBGMID', NULL, NULL, 1),
	(26, 1, 'purchase_contract', 1, '2025-12-31 16:19:03', 'BucinBGMID', NULL, NULL, 1),
	(27, 1, 'role_view_budget_realization', 0, '2025-12-31 16:19:03', 'BucinBGMID', NULL, NULL, 1),
	(28, 1, 'budget_realization', 1, '2025-12-31 16:19:03', 'BucinBGMID', NULL, NULL, 1),
	(29, 1, 'document_verification', 1, '2025-12-31 16:19:03', 'BucinBGMID', NULL, NULL, 1),
	(30, 1, 'role_view_npd', 0, '2025-12-31 16:19:03', 'BucinBGMID', NULL, NULL, 1),
	(31, 1, 'npd', 1, '2025-12-31 16:19:03', 'BucinBGMID', NULL, NULL, 1),
	(32, 1, 'payment', 1, '2025-12-31 16:19:03', 'BucinBGMID', NULL, NULL, 1),
	(33, 1, 'evaluasi_anggaran', 1, '2025-12-31 16:19:03', 'BucinBGMID', NULL, NULL, 1),
	(34, 1, 'role_view_npd_panjer', 0, '2025-12-31 16:19:03', 'BucinBGMID', NULL, NULL, 1),
	(35, 1, 'npd_panjer', 1, '2025-12-31 16:19:03', 'BucinBGMID', NULL, NULL, 1),
	(36, 1, 'role_report_realisasi_anggaran', 1, '2025-12-31 16:19:03', 'BucinBGMID', NULL, NULL, 1),
	(37, 1, 'role_report_sisa_realisasi_anggaran', 1, '2025-12-31 16:19:03', 'BucinBGMID', NULL, NULL, 1),
	(38, 1, 'role_report_evaluasi_anggaran', 1, '2025-12-31 16:19:03', 'BucinBGMID', NULL, NULL, 1),
	(39, 1, 'report', 1, '2025-12-31 16:19:03', 'BucinBGMID', NULL, NULL, 1),
	(40, 1, 'information', 1, '2025-12-31 16:19:03', 'BucinBGMID', NULL, NULL, 1),
	(41, 1, 'manual_book', 1, '2025-12-31 16:19:03', 'BucinBGMID', NULL, NULL, 1),
	(42, 1, 'user', 1, '2025-12-31 16:19:04', 'BucinBGMID', NULL, NULL, 1),
	(43, 1, 'user_user', 1, '2025-12-31 16:19:04', 'BucinBGMID', NULL, NULL, 1),
	(44, 1, 'user_user_role', 1, '2025-12-31 16:19:04', 'BucinBGMID', NULL, NULL, 1),
	(45, 2, 'role_table', 1, '2025-12-31 16:19:48', 'BucinBGMID', NULL, NULL, 1),
	(46, 2, 'dashboard', 1, '2025-12-31 16:19:48', 'BucinBGMID', NULL, NULL, 1),
	(47, 2, 'master', 1, '2025-12-31 16:19:48', 'BucinBGMID', NULL, NULL, 1),
	(48, 2, 'master_urusan_pemerintah', 0, '2025-12-31 16:19:48', 'BucinBGMID', NULL, NULL, 1),
	(49, 2, 'master_bidang_urusan', 0, '2025-12-31 16:19:48', 'BucinBGMID', NULL, NULL, 1),
	(50, 2, 'master_program', 0, '2025-12-31 16:19:48', 'BucinBGMID', NULL, NULL, 1),
	(51, 2, 'master_kegiatan', 0, '2025-12-31 16:19:48', 'BucinBGMID', NULL, NULL, 1),
	(52, 2, 'master_sub_kegiatan', 0, '2025-12-31 16:19:48', 'BucinBGMID', NULL, NULL, 1),
	(53, 2, 'role_view_paket_belanja', 0, '2025-12-31 16:19:48', 'BucinBGMID', NULL, NULL, 1),
	(54, 2, 'role_select_ppkom_pptk', 0, '2025-12-31 16:19:48', 'BucinBGMID', NULL, NULL, 1),
	(55, 2, 'role_specification', 0, '2025-12-31 16:19:48', 'BucinBGMID', NULL, NULL, 1),
	(56, 2, 'role_special_paket_belanja', 1, '2025-12-31 16:19:48', 'BucinBGMID', NULL, NULL, 1),
	(57, 2, 'master_paket_belanja', 1, '2025-12-31 16:19:48', 'BucinBGMID', NULL, NULL, 1),
	(58, 2, 'master_akun_belanja', 0, '2025-12-31 16:19:48', 'BucinBGMID', NULL, NULL, 1),
	(59, 2, 'master_kategori', 0, '2025-12-31 16:19:48', 'BucinBGMID', NULL, NULL, 1),
	(60, 2, 'master_sub_kategori', 0, '2025-12-31 16:19:48', 'BucinBGMID', NULL, NULL, 1),
	(61, 2, 'master_kendaraan', 0, '2025-12-31 16:19:48', 'BucinBGMID', NULL, NULL, 1),
	(62, 2, 'master_ruang', 0, '2025-12-31 16:19:48', 'BucinBGMID', NULL, NULL, 1),
	(63, 2, 'master_satuan', 0, '2025-12-31 16:19:48', 'BucinBGMID', NULL, NULL, 1),
	(64, 2, 'master_sumber_dana', 0, '2025-12-31 16:19:48', 'BucinBGMID', NULL, NULL, 1),
	(65, 2, 'master_kode_rekening', 0, '2025-12-31 16:19:48', 'BucinBGMID', NULL, NULL, 1),
	(66, 2, 'role_view_purchase_plan', 0, '2025-12-31 16:19:48', 'BucinBGMID', NULL, NULL, 1),
	(67, 2, 'role_bypass', 1, '2025-12-31 16:19:48', 'BucinBGMID', NULL, NULL, 1),
	(68, 2, 'purchase_plan', 1, '2025-12-31 16:19:48', 'BucinBGMID', NULL, NULL, 1),
	(69, 2, 'role_view_purchase_contract', 0, '2025-12-31 16:19:48', 'BucinBGMID', NULL, NULL, 1),
	(70, 2, 'purchase_contract', 1, '2025-12-31 16:19:48', 'BucinBGMID', NULL, NULL, 1),
	(71, 2, 'role_view_budget_realization', 0, '2025-12-31 16:19:48', 'BucinBGMID', NULL, NULL, 1),
	(72, 2, 'budget_realization', 1, '2025-12-31 16:19:48', 'BucinBGMID', NULL, NULL, 1),
	(73, 2, 'document_verification', 1, '2025-12-31 16:19:48', 'BucinBGMID', NULL, NULL, 1),
	(74, 2, 'role_view_npd', 0, '2025-12-31 16:19:48', 'BucinBGMID', NULL, NULL, 1),
	(75, 2, 'npd', 1, '2025-12-31 16:19:48', 'BucinBGMID', NULL, NULL, 1),
	(76, 2, 'payment', 1, '2025-12-31 16:19:48', 'BucinBGMID', NULL, NULL, 1),
	(77, 2, 'evaluasi_anggaran', 1, '2025-12-31 16:19:48', 'BucinBGMID', NULL, NULL, 1),
	(78, 2, 'role_view_npd_panjer', 0, '2025-12-31 16:19:48', 'BucinBGMID', NULL, NULL, 1),
	(79, 2, 'npd_panjer', 1, '2025-12-31 16:19:48', 'BucinBGMID', NULL, NULL, 1),
	(80, 2, 'role_report_realisasi_anggaran', 1, '2025-12-31 16:19:48', 'BucinBGMID', NULL, NULL, 1),
	(81, 2, 'role_report_sisa_realisasi_anggaran', 1, '2025-12-31 16:19:48', 'BucinBGMID', NULL, NULL, 1),
	(82, 2, 'role_report_evaluasi_anggaran', 1, '2025-12-31 16:19:48', 'BucinBGMID', NULL, NULL, 1),
	(83, 2, 'report', 1, '2025-12-31 16:19:48', 'BucinBGMID', NULL, NULL, 1),
	(84, 2, 'information', 0, '2025-12-31 16:19:48', 'BucinBGMID', NULL, NULL, 1),
	(85, 2, 'manual_book', 1, '2025-12-31 16:19:48', 'BucinBGMID', NULL, NULL, 1),
	(86, 2, 'user', 0, '2025-12-31 16:19:48', 'BucinBGMID', NULL, NULL, 1),
	(87, 2, 'user_user', 0, '2025-12-31 16:19:48', 'BucinBGMID', NULL, NULL, 1),
	(88, 2, 'user_user_role', 0, '2025-12-31 16:19:48', 'BucinBGMID', NULL, NULL, 1),
	(89, 3, 'role_table', 1, '2025-12-31 16:20:04', 'BucinBGMID', '2025-12-31 16:20:04', 'BucinBGMID', 1),
	(90, 3, 'dashboard', 1, '2025-12-31 16:20:04', 'BucinBGMID', '2025-12-31 16:20:04', 'BucinBGMID', 1),
	(91, 3, 'master', 0, '2025-12-31 16:20:04', 'BucinBGMID', '2025-12-31 16:20:04', 'BucinBGMID', 1),
	(92, 3, 'master_urusan_pemerintah', 0, '2025-12-31 16:20:04', 'BucinBGMID', '2025-12-31 16:20:04', 'BucinBGMID', 1),
	(93, 3, 'master_bidang_urusan', 0, '2025-12-31 16:20:04', 'BucinBGMID', '2025-12-31 16:20:04', 'BucinBGMID', 1),
	(94, 3, 'master_program', 0, '2025-12-31 16:20:04', 'BucinBGMID', '2025-12-31 16:20:04', 'BucinBGMID', 1),
	(95, 3, 'master_kegiatan', 0, '2025-12-31 16:20:04', 'BucinBGMID', '2025-12-31 16:20:04', 'BucinBGMID', 1),
	(96, 3, 'master_sub_kegiatan', 0, '2025-12-31 16:20:04', 'BucinBGMID', '2025-12-31 16:20:04', 'BucinBGMID', 1),
	(97, 3, 'role_view_paket_belanja', 0, '2025-12-31 16:20:04', 'BucinBGMID', '2025-12-31 16:20:04', 'BucinBGMID', 1),
	(98, 3, 'role_select_ppkom_pptk', 0, '2025-12-31 16:20:04', 'BucinBGMID', '2025-12-31 16:20:04', 'BucinBGMID', 1),
	(99, 3, 'role_specification', 0, '2025-12-31 16:20:04', 'BucinBGMID', '2025-12-31 16:20:04', 'BucinBGMID', 1),
	(100, 3, 'role_special_paket_belanja', 0, '2025-12-31 16:20:04', 'BucinBGMID', '2025-12-31 16:20:04', 'BucinBGMID', 1),
	(101, 3, 'master_paket_belanja', 0, '2025-12-31 16:20:04', 'BucinBGMID', '2025-12-31 16:20:04', 'BucinBGMID', 1),
	(102, 3, 'master_akun_belanja', 0, '2025-12-31 16:20:04', 'BucinBGMID', '2025-12-31 16:20:04', 'BucinBGMID', 1),
	(103, 3, 'master_kategori', 0, '2025-12-31 16:20:04', 'BucinBGMID', '2025-12-31 16:20:04', 'BucinBGMID', 1),
	(104, 3, 'master_sub_kategori', 0, '2025-12-31 16:20:04', 'BucinBGMID', '2025-12-31 16:20:04', 'BucinBGMID', 1),
	(105, 3, 'master_kendaraan', 0, '2025-12-31 16:20:04', 'BucinBGMID', '2025-12-31 16:20:04', 'BucinBGMID', 1),
	(106, 3, 'master_ruang', 0, '2025-12-31 16:20:04', 'BucinBGMID', '2025-12-31 16:20:04', 'BucinBGMID', 1),
	(107, 3, 'master_satuan', 0, '2025-12-31 16:20:04', 'BucinBGMID', '2025-12-31 16:20:04', 'BucinBGMID', 1),
	(108, 3, 'master_sumber_dana', 0, '2025-12-31 16:20:04', 'BucinBGMID', '2025-12-31 16:20:04', 'BucinBGMID', 1),
	(109, 3, 'master_kode_rekening', 0, '2025-12-31 16:20:04', 'BucinBGMID', '2025-12-31 16:20:04', 'BucinBGMID', 1),
	(110, 3, 'role_view_purchase_plan', 0, '2025-12-31 16:20:04', 'BucinBGMID', '2025-12-31 16:20:04', 'BucinBGMID', 1),
	(111, 3, 'role_bypass', 0, '2025-12-31 16:20:04', 'BucinBGMID', '2025-12-31 16:20:04', 'BucinBGMID', 1),
	(112, 3, 'purchase_plan', 0, '2025-12-31 16:20:04', 'BucinBGMID', '2025-12-31 16:20:04', 'BucinBGMID', 1),
	(113, 3, 'role_view_purchase_contract', 0, '2025-12-31 16:20:04', 'BucinBGMID', '2025-12-31 16:20:04', 'BucinBGMID', 1),
	(114, 3, 'purchase_contract', 0, '2025-12-31 16:20:04', 'BucinBGMID', '2025-12-31 16:20:04', 'BucinBGMID', 1),
	(115, 3, 'role_view_budget_realization', 0, '2025-12-31 16:20:04', 'BucinBGMID', '2025-12-31 16:20:04', 'BucinBGMID', 1),
	(116, 3, 'budget_realization', 0, '2025-12-31 16:20:04', 'BucinBGMID', '2025-12-31 16:20:04', 'BucinBGMID', 1),
	(117, 3, 'document_verification', 0, '2025-12-31 16:20:04', 'BucinBGMID', '2025-12-31 16:20:04', 'BucinBGMID', 1),
	(118, 3, 'role_view_npd', 0, '2025-12-31 16:20:04', 'BucinBGMID', '2025-12-31 16:20:04', 'BucinBGMID', 1),
	(119, 3, 'npd', 0, '2025-12-31 16:20:04', 'BucinBGMID', '2025-12-31 16:20:04', 'BucinBGMID', 1),
	(120, 3, 'payment', 0, '2025-12-31 16:20:04', 'BucinBGMID', '2025-12-31 16:20:04', 'BucinBGMID', 1),
	(121, 3, 'evaluasi_anggaran', 1, '2025-12-31 16:20:04', 'BucinBGMID', '2025-12-31 16:20:04', 'BucinBGMID', 1),
	(122, 3, 'role_view_npd_panjer', 0, '2025-12-31 16:20:04', 'BucinBGMID', '2025-12-31 16:20:04', 'BucinBGMID', 1),
	(123, 3, 'npd_panjer', 0, '2025-12-31 16:20:04', 'BucinBGMID', '2025-12-31 16:20:04', 'BucinBGMID', 1),
	(124, 3, 'role_report_realisasi_anggaran', 1, '2025-12-31 16:20:04', 'BucinBGMID', '2025-12-31 16:20:04', 'BucinBGMID', 1),
	(125, 3, 'role_report_sisa_realisasi_anggaran', 1, '2025-12-31 16:20:04', 'BucinBGMID', '2025-12-31 16:20:04', 'BucinBGMID', 1),
	(126, 3, 'role_report_evaluasi_anggaran', 1, '2025-12-31 16:20:04', 'BucinBGMID', '2025-12-31 16:20:04', 'BucinBGMID', 1),
	(127, 3, 'report', 1, '2025-12-31 16:20:04', 'BucinBGMID', '2025-12-31 16:20:04', 'BucinBGMID', 1),
	(128, 3, 'information', 0, '2025-12-31 16:20:04', 'BucinBGMID', '2025-12-31 16:20:04', 'BucinBGMID', 1),
	(129, 3, 'manual_book', 1, '2025-12-31 16:20:04', 'BucinBGMID', '2025-12-31 16:20:04', 'BucinBGMID', 1),
	(130, 3, 'user', 0, '2025-12-31 16:20:04', 'BucinBGMID', '2025-12-31 16:20:04', 'BucinBGMID', 1),
	(131, 3, 'user_user', 0, '2025-12-31 16:20:04', 'BucinBGMID', '2025-12-31 16:20:04', 'BucinBGMID', 1),
	(132, 3, 'user_user_role', 0, '2025-12-31 16:20:04', 'BucinBGMID', '2025-12-31 16:20:04', 'BucinBGMID', 1),
	(133, 5, 'role_table', 1, '2025-12-31 16:20:46', 'BucinBGMID', NULL, NULL, 1),
	(134, 5, 'dashboard', 1, '2025-12-31 16:20:46', 'BucinBGMID', NULL, NULL, 1),
	(135, 5, 'master', 1, '2025-12-31 16:20:46', 'BucinBGMID', NULL, NULL, 1),
	(136, 5, 'master_urusan_pemerintah', 1, '2025-12-31 16:20:46', 'BucinBGMID', NULL, NULL, 1),
	(137, 5, 'master_bidang_urusan', 1, '2025-12-31 16:20:46', 'BucinBGMID', NULL, NULL, 1),
	(138, 5, 'master_program', 1, '2025-12-31 16:20:46', 'BucinBGMID', NULL, NULL, 1),
	(139, 5, 'master_kegiatan', 1, '2025-12-31 16:20:46', 'BucinBGMID', NULL, NULL, 1),
	(140, 5, 'master_sub_kegiatan', 1, '2025-12-31 16:20:46', 'BucinBGMID', NULL, NULL, 1),
	(141, 5, 'role_view_paket_belanja', 0, '2025-12-31 16:20:46', 'BucinBGMID', NULL, NULL, 1),
	(142, 5, 'role_select_ppkom_pptk', 0, '2025-12-31 16:20:46', 'BucinBGMID', NULL, NULL, 1),
	(143, 5, 'role_specification', 0, '2025-12-31 16:20:46', 'BucinBGMID', NULL, NULL, 1),
	(144, 5, 'role_special_paket_belanja', 0, '2025-12-31 16:20:46', 'BucinBGMID', NULL, NULL, 1),
	(145, 5, 'master_paket_belanja', 1, '2025-12-31 16:20:46', 'BucinBGMID', NULL, NULL, 1),
	(146, 5, 'master_akun_belanja', 1, '2025-12-31 16:20:46', 'BucinBGMID', NULL, NULL, 1),
	(147, 5, 'master_kategori', 1, '2025-12-31 16:20:46', 'BucinBGMID', NULL, NULL, 1),
	(148, 5, 'master_sub_kategori', 1, '2025-12-31 16:20:46', 'BucinBGMID', NULL, NULL, 1),
	(149, 5, 'master_kendaraan', 1, '2025-12-31 16:20:46', 'BucinBGMID', NULL, NULL, 1),
	(150, 5, 'master_ruang', 1, '2025-12-31 16:20:46', 'BucinBGMID', NULL, NULL, 1),
	(151, 5, 'master_satuan', 1, '2025-12-31 16:20:46', 'BucinBGMID', NULL, NULL, 1),
	(152, 5, 'master_sumber_dana', 1, '2025-12-31 16:20:46', 'BucinBGMID', NULL, NULL, 1),
	(153, 5, 'master_kode_rekening', 1, '2025-12-31 16:20:46', 'BucinBGMID', NULL, NULL, 1),
	(154, 5, 'role_view_purchase_plan', 0, '2025-12-31 16:20:46', 'BucinBGMID', NULL, NULL, 1),
	(155, 5, 'role_bypass', 0, '2025-12-31 16:20:46', 'BucinBGMID', NULL, NULL, 1),
	(156, 5, 'purchase_plan', 0, '2025-12-31 16:20:46', 'BucinBGMID', NULL, NULL, 1),
	(157, 5, 'role_view_purchase_contract', 0, '2025-12-31 16:20:46', 'BucinBGMID', NULL, NULL, 1),
	(158, 5, 'purchase_contract', 0, '2025-12-31 16:20:46', 'BucinBGMID', NULL, NULL, 1),
	(159, 5, 'role_view_budget_realization', 0, '2025-12-31 16:20:46', 'BucinBGMID', NULL, NULL, 1),
	(160, 5, 'budget_realization', 0, '2025-12-31 16:20:46', 'BucinBGMID', NULL, NULL, 1),
	(161, 5, 'document_verification', 0, '2025-12-31 16:20:46', 'BucinBGMID', NULL, NULL, 1),
	(162, 5, 'role_view_npd', 0, '2025-12-31 16:20:46', 'BucinBGMID', NULL, NULL, 1),
	(163, 5, 'npd', 0, '2025-12-31 16:20:46', 'BucinBGMID', NULL, NULL, 1),
	(164, 5, 'payment', 0, '2025-12-31 16:20:46', 'BucinBGMID', NULL, NULL, 1),
	(165, 5, 'evaluasi_anggaran', 1, '2025-12-31 16:20:46', 'BucinBGMID', NULL, NULL, 1),
	(166, 5, 'role_view_npd_panjer', 0, '2025-12-31 16:20:46', 'BucinBGMID', NULL, NULL, 1),
	(167, 5, 'npd_panjer', 0, '2025-12-31 16:20:46', 'BucinBGMID', NULL, NULL, 1),
	(168, 5, 'role_report_realisasi_anggaran', 1, '2025-12-31 16:20:46', 'BucinBGMID', NULL, NULL, 1),
	(169, 5, 'role_report_sisa_realisasi_anggaran', 1, '2025-12-31 16:20:46', 'BucinBGMID', NULL, NULL, 1),
	(170, 5, 'role_report_evaluasi_anggaran', 1, '2025-12-31 16:20:46', 'BucinBGMID', NULL, NULL, 1),
	(171, 5, 'report', 1, '2025-12-31 16:20:46', 'BucinBGMID', NULL, NULL, 1),
	(172, 5, 'information', 1, '2025-12-31 16:20:46', 'BucinBGMID', NULL, NULL, 1),
	(173, 5, 'manual_book', 1, '2025-12-31 16:20:46', 'BucinBGMID', NULL, NULL, 1),
	(174, 5, 'user', 0, '2025-12-31 16:20:46', 'BucinBGMID', NULL, NULL, 1),
	(175, 5, 'user_user', 0, '2025-12-31 16:20:46', 'BucinBGMID', NULL, NULL, 1),
	(176, 5, 'user_user_role', 0, '2025-12-31 16:20:46', 'BucinBGMID', NULL, NULL, 1),
	(177, 6, 'role_table', 1, '2025-12-31 16:21:07', 'BucinBGMID', NULL, NULL, 1),
	(178, 6, 'dashboard', 1, '2025-12-31 16:21:07', 'BucinBGMID', NULL, NULL, 1),
	(179, 6, 'master', 1, '2025-12-31 16:21:07', 'BucinBGMID', NULL, NULL, 1),
	(180, 6, 'master_urusan_pemerintah', 0, '2025-12-31 16:21:07', 'BucinBGMID', NULL, NULL, 1),
	(181, 6, 'master_bidang_urusan', 0, '2025-12-31 16:21:07', 'BucinBGMID', NULL, NULL, 1),
	(182, 6, 'master_program', 0, '2025-12-31 16:21:07', 'BucinBGMID', NULL, NULL, 1),
	(183, 6, 'master_kegiatan', 0, '2025-12-31 16:21:07', 'BucinBGMID', NULL, NULL, 1),
	(184, 6, 'master_sub_kegiatan', 0, '2025-12-31 16:21:07', 'BucinBGMID', NULL, NULL, 1),
	(185, 6, 'role_view_paket_belanja', 0, '2025-12-31 16:21:07', 'BucinBGMID', NULL, NULL, 1),
	(186, 6, 'role_select_ppkom_pptk', 1, '2025-12-31 16:21:07', 'BucinBGMID', NULL, NULL, 1),
	(187, 6, 'role_specification', 0, '2025-12-31 16:21:07', 'BucinBGMID', NULL, NULL, 1),
	(188, 6, 'role_special_paket_belanja', 0, '2025-12-31 16:21:07', 'BucinBGMID', NULL, NULL, 1),
	(189, 6, 'master_paket_belanja', 1, '2025-12-31 16:21:07', 'BucinBGMID', NULL, NULL, 1),
	(190, 6, 'master_akun_belanja', 0, '2025-12-31 16:21:07', 'BucinBGMID', NULL, NULL, 1),
	(191, 6, 'master_kategori', 0, '2025-12-31 16:21:07', 'BucinBGMID', NULL, NULL, 1),
	(192, 6, 'master_sub_kategori', 0, '2025-12-31 16:21:07', 'BucinBGMID', NULL, NULL, 1),
	(193, 6, 'master_kendaraan', 0, '2025-12-31 16:21:07', 'BucinBGMID', NULL, NULL, 1),
	(194, 6, 'master_ruang', 0, '2025-12-31 16:21:07', 'BucinBGMID', NULL, NULL, 1),
	(195, 6, 'master_satuan', 0, '2025-12-31 16:21:07', 'BucinBGMID', NULL, NULL, 1),
	(196, 6, 'master_sumber_dana', 0, '2025-12-31 16:21:07', 'BucinBGMID', NULL, NULL, 1),
	(197, 6, 'master_kode_rekening', 0, '2025-12-31 16:21:07', 'BucinBGMID', NULL, NULL, 1),
	(198, 6, 'role_view_purchase_plan', 0, '2025-12-31 16:21:07', 'BucinBGMID', NULL, NULL, 1),
	(199, 6, 'role_bypass', 0, '2025-12-31 16:21:07', 'BucinBGMID', NULL, NULL, 1),
	(200, 6, 'purchase_plan', 0, '2025-12-31 16:21:07', 'BucinBGMID', NULL, NULL, 1),
	(201, 6, 'role_view_purchase_contract', 0, '2025-12-31 16:21:07', 'BucinBGMID', NULL, NULL, 1),
	(202, 6, 'purchase_contract', 0, '2025-12-31 16:21:07', 'BucinBGMID', NULL, NULL, 1),
	(203, 6, 'role_view_budget_realization', 0, '2025-12-31 16:21:07', 'BucinBGMID', NULL, NULL, 1),
	(204, 6, 'budget_realization', 0, '2025-12-31 16:21:07', 'BucinBGMID', NULL, NULL, 1),
	(205, 6, 'document_verification', 0, '2025-12-31 16:21:07', 'BucinBGMID', NULL, NULL, 1),
	(206, 6, 'role_view_npd', 0, '2025-12-31 16:21:07', 'BucinBGMID', NULL, NULL, 1),
	(207, 6, 'npd', 0, '2025-12-31 16:21:07', 'BucinBGMID', NULL, NULL, 1),
	(208, 6, 'payment', 0, '2025-12-31 16:21:07', 'BucinBGMID', NULL, NULL, 1),
	(209, 6, 'evaluasi_anggaran', 1, '2025-12-31 16:21:07', 'BucinBGMID', NULL, NULL, 1),
	(210, 6, 'role_view_npd_panjer', 0, '2025-12-31 16:21:07', 'BucinBGMID', NULL, NULL, 1),
	(211, 6, 'npd_panjer', 0, '2025-12-31 16:21:07', 'BucinBGMID', NULL, NULL, 1),
	(212, 6, 'role_report_realisasi_anggaran', 1, '2025-12-31 16:21:07', 'BucinBGMID', NULL, NULL, 1),
	(213, 6, 'role_report_sisa_realisasi_anggaran', 1, '2025-12-31 16:21:07', 'BucinBGMID', NULL, NULL, 1),
	(214, 6, 'role_report_evaluasi_anggaran', 1, '2025-12-31 16:21:07', 'BucinBGMID', NULL, NULL, 1),
	(215, 6, 'report', 1, '2025-12-31 16:21:07', 'BucinBGMID', NULL, NULL, 1),
	(216, 6, 'information', 0, '2025-12-31 16:21:07', 'BucinBGMID', NULL, NULL, 1),
	(217, 6, 'manual_book', 1, '2025-12-31 16:21:07', 'BucinBGMID', NULL, NULL, 1),
	(218, 6, 'user', 0, '2025-12-31 16:21:07', 'BucinBGMID', NULL, NULL, 1),
	(219, 6, 'user_user', 0, '2025-12-31 16:21:07', 'BucinBGMID', NULL, NULL, 1),
	(220, 6, 'user_user_role', 0, '2025-12-31 16:21:07', 'BucinBGMID', NULL, NULL, 1),
	(221, 7, 'role_table', 1, '2025-12-31 16:21:31', 'BucinBGMID', NULL, NULL, 1),
	(222, 7, 'dashboard', 1, '2025-12-31 16:21:31', 'BucinBGMID', NULL, NULL, 1),
	(223, 7, 'master', 1, '2025-12-31 16:21:31', 'BucinBGMID', NULL, NULL, 1),
	(224, 7, 'master_urusan_pemerintah', 0, '2025-12-31 16:21:31', 'BucinBGMID', NULL, NULL, 1),
	(225, 7, 'master_bidang_urusan', 0, '2025-12-31 16:21:31', 'BucinBGMID', NULL, NULL, 1),
	(226, 7, 'master_program', 0, '2025-12-31 16:21:31', 'BucinBGMID', NULL, NULL, 1),
	(227, 7, 'master_kegiatan', 0, '2025-12-31 16:21:31', 'BucinBGMID', NULL, NULL, 1),
	(228, 7, 'master_sub_kegiatan', 0, '2025-12-31 16:21:31', 'BucinBGMID', NULL, NULL, 1),
	(229, 7, 'role_view_paket_belanja', 0, '2025-12-31 16:21:31', 'BucinBGMID', NULL, NULL, 1),
	(230, 7, 'role_select_ppkom_pptk', 0, '2025-12-31 16:21:31', 'BucinBGMID', NULL, NULL, 1),
	(231, 7, 'role_specification', 1, '2025-12-31 16:21:31', 'BucinBGMID', NULL, NULL, 1),
	(232, 7, 'role_special_paket_belanja', 0, '2025-12-31 16:21:31', 'BucinBGMID', NULL, NULL, 1),
	(233, 7, 'master_paket_belanja', 1, '2025-12-31 16:21:31', 'BucinBGMID', NULL, NULL, 1),
	(234, 7, 'master_akun_belanja', 0, '2025-12-31 16:21:31', 'BucinBGMID', NULL, NULL, 1),
	(235, 7, 'master_kategori', 0, '2025-12-31 16:21:31', 'BucinBGMID', NULL, NULL, 1),
	(236, 7, 'master_sub_kategori', 0, '2025-12-31 16:21:31', 'BucinBGMID', NULL, NULL, 1),
	(237, 7, 'master_kendaraan', 0, '2025-12-31 16:21:31', 'BucinBGMID', NULL, NULL, 1),
	(238, 7, 'master_ruang', 0, '2025-12-31 16:21:31', 'BucinBGMID', NULL, NULL, 1),
	(239, 7, 'master_satuan', 0, '2025-12-31 16:21:31', 'BucinBGMID', NULL, NULL, 1),
	(240, 7, 'master_sumber_dana', 0, '2025-12-31 16:21:31', 'BucinBGMID', NULL, NULL, 1),
	(241, 7, 'master_kode_rekening', 0, '2025-12-31 16:21:31', 'BucinBGMID', NULL, NULL, 1),
	(242, 7, 'role_view_purchase_plan', 0, '2025-12-31 16:21:31', 'BucinBGMID', NULL, NULL, 1),
	(243, 7, 'role_bypass', 0, '2025-12-31 16:21:31', 'BucinBGMID', NULL, NULL, 1),
	(244, 7, 'purchase_plan', 0, '2025-12-31 16:21:31', 'BucinBGMID', NULL, NULL, 1),
	(245, 7, 'role_view_purchase_contract', 0, '2025-12-31 16:21:31', 'BucinBGMID', NULL, NULL, 1),
	(246, 7, 'purchase_contract', 0, '2025-12-31 16:21:31', 'BucinBGMID', NULL, NULL, 1),
	(247, 7, 'role_view_budget_realization', 0, '2025-12-31 16:21:31', 'BucinBGMID', NULL, NULL, 1),
	(248, 7, 'budget_realization', 0, '2025-12-31 16:21:31', 'BucinBGMID', NULL, NULL, 1),
	(249, 7, 'document_verification', 0, '2025-12-31 16:21:31', 'BucinBGMID', NULL, NULL, 1),
	(250, 7, 'role_view_npd', 0, '2025-12-31 16:21:31', 'BucinBGMID', NULL, NULL, 1),
	(251, 7, 'npd', 0, '2025-12-31 16:21:31', 'BucinBGMID', NULL, NULL, 1),
	(252, 7, 'payment', 0, '2025-12-31 16:21:31', 'BucinBGMID', NULL, NULL, 1),
	(253, 7, 'evaluasi_anggaran', 1, '2025-12-31 16:21:31', 'BucinBGMID', NULL, NULL, 1),
	(254, 7, 'role_view_npd_panjer', 0, '2025-12-31 16:21:31', 'BucinBGMID', NULL, NULL, 1),
	(255, 7, 'npd_panjer', 0, '2025-12-31 16:21:31', 'BucinBGMID', NULL, NULL, 1),
	(256, 7, 'role_report_realisasi_anggaran', 1, '2025-12-31 16:21:31', 'BucinBGMID', NULL, NULL, 1),
	(257, 7, 'role_report_sisa_realisasi_anggaran', 1, '2025-12-31 16:21:31', 'BucinBGMID', NULL, NULL, 1),
	(258, 7, 'role_report_evaluasi_anggaran', 1, '2025-12-31 16:21:31', 'BucinBGMID', NULL, NULL, 1),
	(259, 7, 'report', 1, '2025-12-31 16:21:31', 'BucinBGMID', NULL, NULL, 1),
	(260, 7, 'information', 0, '2025-12-31 16:21:31', 'BucinBGMID', NULL, NULL, 1),
	(261, 7, 'manual_book', 1, '2025-12-31 16:21:31', 'BucinBGMID', NULL, NULL, 1),
	(262, 7, 'user', 0, '2025-12-31 16:21:31', 'BucinBGMID', NULL, NULL, 1),
	(263, 7, 'user_user', 0, '2025-12-31 16:21:31', 'BucinBGMID', NULL, NULL, 1),
	(264, 7, 'user_user_role', 0, '2025-12-31 16:21:31', 'BucinBGMID', NULL, NULL, 1),
	(265, 8, 'role_table', 1, '2025-12-31 16:21:47', 'BucinBGMID', NULL, NULL, 1),
	(266, 8, 'dashboard', 1, '2025-12-31 16:21:47', 'BucinBGMID', NULL, NULL, 1),
	(267, 8, 'master', 0, '2025-12-31 16:21:47', 'BucinBGMID', NULL, NULL, 1),
	(268, 8, 'master_urusan_pemerintah', 0, '2025-12-31 16:21:47', 'BucinBGMID', NULL, NULL, 1),
	(269, 8, 'master_bidang_urusan', 0, '2025-12-31 16:21:47', 'BucinBGMID', NULL, NULL, 1),
	(270, 8, 'master_program', 0, '2025-12-31 16:21:47', 'BucinBGMID', NULL, NULL, 1),
	(271, 8, 'master_kegiatan', 0, '2025-12-31 16:21:47', 'BucinBGMID', NULL, NULL, 1),
	(272, 8, 'master_sub_kegiatan', 0, '2025-12-31 16:21:47', 'BucinBGMID', NULL, NULL, 1),
	(273, 8, 'role_view_paket_belanja', 0, '2025-12-31 16:21:47', 'BucinBGMID', NULL, NULL, 1),
	(274, 8, 'role_select_ppkom_pptk', 0, '2025-12-31 16:21:47', 'BucinBGMID', NULL, NULL, 1),
	(275, 8, 'role_specification', 0, '2025-12-31 16:21:47', 'BucinBGMID', NULL, NULL, 1),
	(276, 8, 'role_special_paket_belanja', 0, '2025-12-31 16:21:47', 'BucinBGMID', NULL, NULL, 1),
	(277, 8, 'master_paket_belanja', 0, '2025-12-31 16:21:47', 'BucinBGMID', NULL, NULL, 1),
	(278, 8, 'master_akun_belanja', 0, '2025-12-31 16:21:47', 'BucinBGMID', NULL, NULL, 1),
	(279, 8, 'master_kategori', 0, '2025-12-31 16:21:47', 'BucinBGMID', NULL, NULL, 1),
	(280, 8, 'master_sub_kategori', 0, '2025-12-31 16:21:47', 'BucinBGMID', NULL, NULL, 1),
	(281, 8, 'master_kendaraan', 0, '2025-12-31 16:21:47', 'BucinBGMID', NULL, NULL, 1),
	(282, 8, 'master_ruang', 0, '2025-12-31 16:21:47', 'BucinBGMID', NULL, NULL, 1),
	(283, 8, 'master_satuan', 0, '2025-12-31 16:21:47', 'BucinBGMID', NULL, NULL, 1),
	(284, 8, 'master_sumber_dana', 0, '2025-12-31 16:21:47', 'BucinBGMID', NULL, NULL, 1),
	(285, 8, 'master_kode_rekening', 0, '2025-12-31 16:21:47', 'BucinBGMID', NULL, NULL, 1),
	(286, 8, 'role_view_purchase_plan', 0, '2025-12-31 16:21:47', 'BucinBGMID', NULL, NULL, 1),
	(287, 8, 'role_bypass', 0, '2025-12-31 16:21:47', 'BucinBGMID', NULL, NULL, 1),
	(288, 8, 'purchase_plan', 1, '2025-12-31 16:21:47', 'BucinBGMID', NULL, NULL, 1),
	(289, 8, 'role_view_purchase_contract', 0, '2025-12-31 16:21:47', 'BucinBGMID', NULL, NULL, 1),
	(290, 8, 'purchase_contract', 0, '2025-12-31 16:21:47', 'BucinBGMID', NULL, NULL, 1),
	(291, 8, 'role_view_budget_realization', 0, '2025-12-31 16:21:47', 'BucinBGMID', NULL, NULL, 1),
	(292, 8, 'budget_realization', 0, '2025-12-31 16:21:47', 'BucinBGMID', NULL, NULL, 1),
	(293, 8, 'document_verification', 0, '2025-12-31 16:21:47', 'BucinBGMID', NULL, NULL, 1),
	(294, 8, 'role_view_npd', 0, '2025-12-31 16:21:47', 'BucinBGMID', NULL, NULL, 1),
	(295, 8, 'npd', 0, '2025-12-31 16:21:47', 'BucinBGMID', NULL, NULL, 1),
	(296, 8, 'payment', 0, '2025-12-31 16:21:47', 'BucinBGMID', NULL, NULL, 1),
	(297, 8, 'evaluasi_anggaran', 1, '2025-12-31 16:21:47', 'BucinBGMID', NULL, NULL, 1),
	(298, 8, 'role_view_npd_panjer', 0, '2025-12-31 16:21:47', 'BucinBGMID', NULL, NULL, 1),
	(299, 8, 'npd_panjer', 0, '2025-12-31 16:21:47', 'BucinBGMID', NULL, NULL, 1),
	(300, 8, 'role_report_realisasi_anggaran', 1, '2025-12-31 16:21:47', 'BucinBGMID', NULL, NULL, 1),
	(301, 8, 'role_report_sisa_realisasi_anggaran', 1, '2025-12-31 16:21:47', 'BucinBGMID', NULL, NULL, 1),
	(302, 8, 'role_report_evaluasi_anggaran', 1, '2025-12-31 16:21:47', 'BucinBGMID', NULL, NULL, 1),
	(303, 8, 'report', 1, '2025-12-31 16:21:47', 'BucinBGMID', NULL, NULL, 1),
	(304, 8, 'information', 0, '2025-12-31 16:21:47', 'BucinBGMID', NULL, NULL, 1),
	(305, 8, 'manual_book', 1, '2025-12-31 16:21:47', 'BucinBGMID', NULL, NULL, 1),
	(306, 8, 'user', 0, '2025-12-31 16:21:47', 'BucinBGMID', NULL, NULL, 1),
	(307, 8, 'user_user', 0, '2025-12-31 16:21:47', 'BucinBGMID', NULL, NULL, 1),
	(308, 8, 'user_user_role', 0, '2025-12-31 16:21:47', 'BucinBGMID', NULL, NULL, 1),
	(309, 9, 'role_table', 1, '2025-12-31 16:22:04', 'BucinBGMID', NULL, NULL, 1),
	(310, 9, 'dashboard', 1, '2025-12-31 16:22:04', 'BucinBGMID', NULL, NULL, 1),
	(311, 9, 'master', 0, '2025-12-31 16:22:04', 'BucinBGMID', NULL, NULL, 1),
	(312, 9, 'master_urusan_pemerintah', 0, '2025-12-31 16:22:04', 'BucinBGMID', NULL, NULL, 1),
	(313, 9, 'master_bidang_urusan', 0, '2025-12-31 16:22:04', 'BucinBGMID', NULL, NULL, 1),
	(314, 9, 'master_program', 0, '2025-12-31 16:22:04', 'BucinBGMID', NULL, NULL, 1),
	(315, 9, 'master_kegiatan', 0, '2025-12-31 16:22:04', 'BucinBGMID', NULL, NULL, 1),
	(316, 9, 'master_sub_kegiatan', 0, '2025-12-31 16:22:04', 'BucinBGMID', NULL, NULL, 1),
	(317, 9, 'role_view_paket_belanja', 0, '2025-12-31 16:22:04', 'BucinBGMID', NULL, NULL, 1),
	(318, 9, 'role_select_ppkom_pptk', 0, '2025-12-31 16:22:04', 'BucinBGMID', NULL, NULL, 1),
	(319, 9, 'role_specification', 0, '2025-12-31 16:22:04', 'BucinBGMID', NULL, NULL, 1),
	(320, 9, 'role_special_paket_belanja', 0, '2025-12-31 16:22:04', 'BucinBGMID', NULL, NULL, 1),
	(321, 9, 'master_paket_belanja', 0, '2025-12-31 16:22:04', 'BucinBGMID', NULL, NULL, 1),
	(322, 9, 'master_akun_belanja', 0, '2025-12-31 16:22:04', 'BucinBGMID', NULL, NULL, 1),
	(323, 9, 'master_kategori', 0, '2025-12-31 16:22:04', 'BucinBGMID', NULL, NULL, 1),
	(324, 9, 'master_sub_kategori', 0, '2025-12-31 16:22:04', 'BucinBGMID', NULL, NULL, 1),
	(325, 9, 'master_kendaraan', 0, '2025-12-31 16:22:04', 'BucinBGMID', NULL, NULL, 1),
	(326, 9, 'master_ruang', 0, '2025-12-31 16:22:04', 'BucinBGMID', NULL, NULL, 1),
	(327, 9, 'master_satuan', 0, '2025-12-31 16:22:04', 'BucinBGMID', NULL, NULL, 1),
	(328, 9, 'master_sumber_dana', 0, '2025-12-31 16:22:04', 'BucinBGMID', NULL, NULL, 1),
	(329, 9, 'master_kode_rekening', 0, '2025-12-31 16:22:04', 'BucinBGMID', NULL, NULL, 1),
	(330, 9, 'role_view_purchase_plan', 0, '2025-12-31 16:22:04', 'BucinBGMID', NULL, NULL, 1),
	(331, 9, 'role_bypass', 0, '2025-12-31 16:22:04', 'BucinBGMID', NULL, NULL, 1),
	(332, 9, 'purchase_plan', 1, '2025-12-31 16:22:04', 'BucinBGMID', NULL, NULL, 1),
	(333, 9, 'role_view_purchase_contract', 0, '2025-12-31 16:22:04', 'BucinBGMID', NULL, NULL, 1),
	(334, 9, 'purchase_contract', 0, '2025-12-31 16:22:04', 'BucinBGMID', NULL, NULL, 1),
	(335, 9, 'role_view_budget_realization', 0, '2025-12-31 16:22:04', 'BucinBGMID', NULL, NULL, 1),
	(336, 9, 'budget_realization', 0, '2025-12-31 16:22:04', 'BucinBGMID', NULL, NULL, 1),
	(337, 9, 'document_verification', 0, '2025-12-31 16:22:04', 'BucinBGMID', NULL, NULL, 1),
	(338, 9, 'role_view_npd', 0, '2025-12-31 16:22:04', 'BucinBGMID', NULL, NULL, 1),
	(339, 9, 'npd', 0, '2025-12-31 16:22:04', 'BucinBGMID', NULL, NULL, 1),
	(340, 9, 'payment', 0, '2025-12-31 16:22:04', 'BucinBGMID', NULL, NULL, 1),
	(341, 9, 'evaluasi_anggaran', 1, '2025-12-31 16:22:04', 'BucinBGMID', NULL, NULL, 1),
	(342, 9, 'role_view_npd_panjer', 0, '2025-12-31 16:22:04', 'BucinBGMID', NULL, NULL, 1),
	(343, 9, 'npd_panjer', 0, '2025-12-31 16:22:04', 'BucinBGMID', NULL, NULL, 1),
	(344, 9, 'role_report_realisasi_anggaran', 1, '2025-12-31 16:22:04', 'BucinBGMID', NULL, NULL, 1),
	(345, 9, 'role_report_sisa_realisasi_anggaran', 1, '2025-12-31 16:22:04', 'BucinBGMID', NULL, NULL, 1),
	(346, 9, 'role_report_evaluasi_anggaran', 1, '2025-12-31 16:22:04', 'BucinBGMID', NULL, NULL, 1),
	(347, 9, 'report', 1, '2025-12-31 16:22:04', 'BucinBGMID', NULL, NULL, 1),
	(348, 9, 'information', 0, '2025-12-31 16:22:04', 'BucinBGMID', NULL, NULL, 1),
	(349, 9, 'manual_book', 1, '2025-12-31 16:22:04', 'BucinBGMID', NULL, NULL, 1),
	(350, 9, 'user', 0, '2025-12-31 16:22:04', 'BucinBGMID', NULL, NULL, 1),
	(351, 9, 'user_user', 0, '2025-12-31 16:22:04', 'BucinBGMID', NULL, NULL, 1),
	(352, 9, 'user_user_role', 0, '2025-12-31 16:22:04', 'BucinBGMID', NULL, NULL, 1),
	(353, 10, 'role_table', 1, '2025-12-31 16:22:20', 'BucinBGMID', NULL, NULL, 1),
	(354, 10, 'dashboard', 1, '2025-12-31 16:22:20', 'BucinBGMID', NULL, NULL, 1),
	(355, 10, 'master', 0, '2025-12-31 16:22:20', 'BucinBGMID', NULL, NULL, 1),
	(356, 10, 'master_urusan_pemerintah', 0, '2025-12-31 16:22:20', 'BucinBGMID', NULL, NULL, 1),
	(357, 10, 'master_bidang_urusan', 0, '2025-12-31 16:22:20', 'BucinBGMID', NULL, NULL, 1),
	(358, 10, 'master_program', 0, '2025-12-31 16:22:20', 'BucinBGMID', NULL, NULL, 1),
	(359, 10, 'master_kegiatan', 0, '2025-12-31 16:22:20', 'BucinBGMID', NULL, NULL, 1),
	(360, 10, 'master_sub_kegiatan', 0, '2025-12-31 16:22:20', 'BucinBGMID', NULL, NULL, 1),
	(361, 10, 'role_view_paket_belanja', 0, '2025-12-31 16:22:20', 'BucinBGMID', NULL, NULL, 1),
	(362, 10, 'role_select_ppkom_pptk', 0, '2025-12-31 16:22:20', 'BucinBGMID', NULL, NULL, 1),
	(363, 10, 'role_specification', 0, '2025-12-31 16:22:20', 'BucinBGMID', NULL, NULL, 1),
	(364, 10, 'role_special_paket_belanja', 0, '2025-12-31 16:22:20', 'BucinBGMID', NULL, NULL, 1),
	(365, 10, 'master_paket_belanja', 0, '2025-12-31 16:22:20', 'BucinBGMID', NULL, NULL, 1),
	(366, 10, 'master_akun_belanja', 0, '2025-12-31 16:22:20', 'BucinBGMID', NULL, NULL, 1),
	(367, 10, 'master_kategori', 0, '2025-12-31 16:22:20', 'BucinBGMID', NULL, NULL, 1),
	(368, 10, 'master_sub_kategori', 0, '2025-12-31 16:22:20', 'BucinBGMID', NULL, NULL, 1),
	(369, 10, 'master_kendaraan', 0, '2025-12-31 16:22:20', 'BucinBGMID', NULL, NULL, 1),
	(370, 10, 'master_ruang', 0, '2025-12-31 16:22:20', 'BucinBGMID', NULL, NULL, 1),
	(371, 10, 'master_satuan', 0, '2025-12-31 16:22:20', 'BucinBGMID', NULL, NULL, 1),
	(372, 10, 'master_sumber_dana', 0, '2025-12-31 16:22:20', 'BucinBGMID', NULL, NULL, 1),
	(373, 10, 'master_kode_rekening', 0, '2025-12-31 16:22:20', 'BucinBGMID', NULL, NULL, 1),
	(374, 10, 'role_view_purchase_plan', 0, '2025-12-31 16:22:20', 'BucinBGMID', NULL, NULL, 1),
	(375, 10, 'role_bypass', 0, '2025-12-31 16:22:20', 'BucinBGMID', NULL, NULL, 1),
	(376, 10, 'purchase_plan', 0, '2025-12-31 16:22:20', 'BucinBGMID', NULL, NULL, 1),
	(377, 10, 'role_view_purchase_contract', 0, '2025-12-31 16:22:20', 'BucinBGMID', NULL, NULL, 1),
	(378, 10, 'purchase_contract', 1, '2025-12-31 16:22:20', 'BucinBGMID', NULL, NULL, 1),
	(379, 10, 'role_view_budget_realization', 0, '2025-12-31 16:22:20', 'BucinBGMID', NULL, NULL, 1),
	(380, 10, 'budget_realization', 0, '2025-12-31 16:22:20', 'BucinBGMID', NULL, NULL, 1),
	(381, 10, 'document_verification', 0, '2025-12-31 16:22:20', 'BucinBGMID', NULL, NULL, 1),
	(382, 10, 'role_view_npd', 0, '2025-12-31 16:22:20', 'BucinBGMID', NULL, NULL, 1),
	(383, 10, 'npd', 0, '2025-12-31 16:22:20', 'BucinBGMID', NULL, NULL, 1),
	(384, 10, 'payment', 0, '2025-12-31 16:22:20', 'BucinBGMID', NULL, NULL, 1),
	(385, 10, 'evaluasi_anggaran', 1, '2025-12-31 16:22:20', 'BucinBGMID', NULL, NULL, 1),
	(386, 10, 'role_view_npd_panjer', 0, '2025-12-31 16:22:20', 'BucinBGMID', NULL, NULL, 1),
	(387, 10, 'npd_panjer', 0, '2025-12-31 16:22:20', 'BucinBGMID', NULL, NULL, 1),
	(388, 10, 'role_report_realisasi_anggaran', 1, '2025-12-31 16:22:20', 'BucinBGMID', NULL, NULL, 1),
	(389, 10, 'role_report_sisa_realisasi_anggaran', 1, '2025-12-31 16:22:20', 'BucinBGMID', NULL, NULL, 1),
	(390, 10, 'role_report_evaluasi_anggaran', 1, '2025-12-31 16:22:20', 'BucinBGMID', NULL, NULL, 1),
	(391, 10, 'report', 1, '2025-12-31 16:22:20', 'BucinBGMID', NULL, NULL, 1),
	(392, 10, 'information', 0, '2025-12-31 16:22:20', 'BucinBGMID', NULL, NULL, 1),
	(393, 10, 'manual_book', 1, '2025-12-31 16:22:20', 'BucinBGMID', NULL, NULL, 1),
	(394, 10, 'user', 0, '2025-12-31 16:22:20', 'BucinBGMID', NULL, NULL, 1),
	(395, 10, 'user_user', 0, '2025-12-31 16:22:20', 'BucinBGMID', NULL, NULL, 1),
	(396, 10, 'user_user_role', 0, '2025-12-31 16:22:20', 'BucinBGMID', NULL, NULL, 1),
	(397, 11, 'role_table', 1, '2025-12-31 16:22:35', 'BucinBGMID', NULL, NULL, 1),
	(398, 11, 'dashboard', 1, '2025-12-31 16:22:35', 'BucinBGMID', NULL, NULL, 1),
	(399, 11, 'master', 0, '2025-12-31 16:22:35', 'BucinBGMID', NULL, NULL, 1),
	(400, 11, 'master_urusan_pemerintah', 0, '2025-12-31 16:22:35', 'BucinBGMID', NULL, NULL, 1),
	(401, 11, 'master_bidang_urusan', 0, '2025-12-31 16:22:35', 'BucinBGMID', NULL, NULL, 1),
	(402, 11, 'master_program', 0, '2025-12-31 16:22:35', 'BucinBGMID', NULL, NULL, 1),
	(403, 11, 'master_kegiatan', 0, '2025-12-31 16:22:35', 'BucinBGMID', NULL, NULL, 1),
	(404, 11, 'master_sub_kegiatan', 0, '2025-12-31 16:22:35', 'BucinBGMID', NULL, NULL, 1),
	(405, 11, 'role_view_paket_belanja', 0, '2025-12-31 16:22:35', 'BucinBGMID', NULL, NULL, 1),
	(406, 11, 'role_select_ppkom_pptk', 0, '2025-12-31 16:22:35', 'BucinBGMID', NULL, NULL, 1),
	(407, 11, 'role_specification', 0, '2025-12-31 16:22:35', 'BucinBGMID', NULL, NULL, 1),
	(408, 11, 'role_special_paket_belanja', 0, '2025-12-31 16:22:35', 'BucinBGMID', NULL, NULL, 1),
	(409, 11, 'master_paket_belanja', 0, '2025-12-31 16:22:35', 'BucinBGMID', NULL, NULL, 1),
	(410, 11, 'master_akun_belanja', 0, '2025-12-31 16:22:35', 'BucinBGMID', NULL, NULL, 1),
	(411, 11, 'master_kategori', 0, '2025-12-31 16:22:35', 'BucinBGMID', NULL, NULL, 1),
	(412, 11, 'master_sub_kategori', 0, '2025-12-31 16:22:35', 'BucinBGMID', NULL, NULL, 1),
	(413, 11, 'master_kendaraan', 0, '2025-12-31 16:22:35', 'BucinBGMID', NULL, NULL, 1),
	(414, 11, 'master_ruang', 0, '2025-12-31 16:22:35', 'BucinBGMID', NULL, NULL, 1),
	(415, 11, 'master_satuan', 0, '2025-12-31 16:22:35', 'BucinBGMID', NULL, NULL, 1),
	(416, 11, 'master_sumber_dana', 0, '2025-12-31 16:22:35', 'BucinBGMID', NULL, NULL, 1),
	(417, 11, 'master_kode_rekening', 0, '2025-12-31 16:22:35', 'BucinBGMID', NULL, NULL, 1),
	(418, 11, 'role_view_purchase_plan', 0, '2025-12-31 16:22:35', 'BucinBGMID', NULL, NULL, 1),
	(419, 11, 'role_bypass', 0, '2025-12-31 16:22:35', 'BucinBGMID', NULL, NULL, 1),
	(420, 11, 'purchase_plan', 0, '2025-12-31 16:22:35', 'BucinBGMID', NULL, NULL, 1),
	(421, 11, 'role_view_purchase_contract', 0, '2025-12-31 16:22:35', 'BucinBGMID', NULL, NULL, 1),
	(422, 11, 'purchase_contract', 0, '2025-12-31 16:22:35', 'BucinBGMID', NULL, NULL, 1),
	(423, 11, 'role_view_budget_realization', 0, '2025-12-31 16:22:35', 'BucinBGMID', NULL, NULL, 1),
	(424, 11, 'budget_realization', 1, '2025-12-31 16:22:35', 'BucinBGMID', NULL, NULL, 1),
	(425, 11, 'document_verification', 0, '2025-12-31 16:22:35', 'BucinBGMID', NULL, NULL, 1),
	(426, 11, 'role_view_npd', 0, '2025-12-31 16:22:35', 'BucinBGMID', NULL, NULL, 1),
	(427, 11, 'npd', 0, '2025-12-31 16:22:35', 'BucinBGMID', NULL, NULL, 1),
	(428, 11, 'payment', 0, '2025-12-31 16:22:35', 'BucinBGMID', NULL, NULL, 1),
	(429, 11, 'evaluasi_anggaran', 1, '2025-12-31 16:22:35', 'BucinBGMID', NULL, NULL, 1),
	(430, 11, 'role_view_npd_panjer', 0, '2025-12-31 16:22:35', 'BucinBGMID', NULL, NULL, 1),
	(431, 11, 'npd_panjer', 0, '2025-12-31 16:22:35', 'BucinBGMID', NULL, NULL, 1),
	(432, 11, 'role_report_realisasi_anggaran', 1, '2025-12-31 16:22:35', 'BucinBGMID', NULL, NULL, 1),
	(433, 11, 'role_report_sisa_realisasi_anggaran', 1, '2025-12-31 16:22:35', 'BucinBGMID', NULL, NULL, 1),
	(434, 11, 'role_report_evaluasi_anggaran', 1, '2025-12-31 16:22:35', 'BucinBGMID', NULL, NULL, 1),
	(435, 11, 'report', 1, '2025-12-31 16:22:35', 'BucinBGMID', NULL, NULL, 1),
	(436, 11, 'information', 0, '2025-12-31 16:22:35', 'BucinBGMID', NULL, NULL, 1),
	(437, 11, 'manual_book', 1, '2025-12-31 16:22:35', 'BucinBGMID', NULL, NULL, 1),
	(438, 11, 'user', 0, '2025-12-31 16:22:35', 'BucinBGMID', NULL, NULL, 1),
	(439, 11, 'user_user', 0, '2025-12-31 16:22:35', 'BucinBGMID', NULL, NULL, 1),
	(440, 11, 'user_user_role', 0, '2025-12-31 16:22:35', 'BucinBGMID', NULL, NULL, 1),
	(441, 13, 'role_table', 1, '2025-12-31 16:22:48', 'BucinBGMID', NULL, NULL, 1),
	(442, 13, 'dashboard', 1, '2025-12-31 16:22:48', 'BucinBGMID', NULL, NULL, 1),
	(443, 13, 'master', 0, '2025-12-31 16:22:48', 'BucinBGMID', NULL, NULL, 1),
	(444, 13, 'master_urusan_pemerintah', 0, '2025-12-31 16:22:48', 'BucinBGMID', NULL, NULL, 1),
	(445, 13, 'master_bidang_urusan', 0, '2025-12-31 16:22:48', 'BucinBGMID', NULL, NULL, 1),
	(446, 13, 'master_program', 0, '2025-12-31 16:22:48', 'BucinBGMID', NULL, NULL, 1),
	(447, 13, 'master_kegiatan', 0, '2025-12-31 16:22:48', 'BucinBGMID', NULL, NULL, 1),
	(448, 13, 'master_sub_kegiatan', 0, '2025-12-31 16:22:48', 'BucinBGMID', NULL, NULL, 1),
	(449, 13, 'role_view_paket_belanja', 0, '2025-12-31 16:22:48', 'BucinBGMID', NULL, NULL, 1),
	(450, 13, 'role_select_ppkom_pptk', 0, '2025-12-31 16:22:48', 'BucinBGMID', NULL, NULL, 1),
	(451, 13, 'role_specification', 0, '2025-12-31 16:22:48', 'BucinBGMID', NULL, NULL, 1),
	(452, 13, 'role_special_paket_belanja', 0, '2025-12-31 16:22:48', 'BucinBGMID', NULL, NULL, 1),
	(453, 13, 'master_paket_belanja', 0, '2025-12-31 16:22:48', 'BucinBGMID', NULL, NULL, 1),
	(454, 13, 'master_akun_belanja', 0, '2025-12-31 16:22:48', 'BucinBGMID', NULL, NULL, 1),
	(455, 13, 'master_kategori', 0, '2025-12-31 16:22:48', 'BucinBGMID', NULL, NULL, 1),
	(456, 13, 'master_sub_kategori', 0, '2025-12-31 16:22:48', 'BucinBGMID', NULL, NULL, 1),
	(457, 13, 'master_kendaraan', 0, '2025-12-31 16:22:48', 'BucinBGMID', NULL, NULL, 1),
	(458, 13, 'master_ruang', 0, '2025-12-31 16:22:48', 'BucinBGMID', NULL, NULL, 1),
	(459, 13, 'master_satuan', 0, '2025-12-31 16:22:48', 'BucinBGMID', NULL, NULL, 1),
	(460, 13, 'master_sumber_dana', 0, '2025-12-31 16:22:48', 'BucinBGMID', NULL, NULL, 1),
	(461, 13, 'master_kode_rekening', 0, '2025-12-31 16:22:48', 'BucinBGMID', NULL, NULL, 1),
	(462, 13, 'role_view_purchase_plan', 0, '2025-12-31 16:22:48', 'BucinBGMID', NULL, NULL, 1),
	(463, 13, 'role_bypass', 0, '2025-12-31 16:22:48', 'BucinBGMID', NULL, NULL, 1),
	(464, 13, 'purchase_plan', 0, '2025-12-31 16:22:48', 'BucinBGMID', NULL, NULL, 1),
	(465, 13, 'role_view_purchase_contract', 0, '2025-12-31 16:22:48', 'BucinBGMID', NULL, NULL, 1),
	(466, 13, 'purchase_contract', 0, '2025-12-31 16:22:48', 'BucinBGMID', NULL, NULL, 1),
	(467, 13, 'role_view_budget_realization', 0, '2025-12-31 16:22:48', 'BucinBGMID', NULL, NULL, 1),
	(468, 13, 'budget_realization', 0, '2025-12-31 16:22:48', 'BucinBGMID', NULL, NULL, 1),
	(469, 13, 'document_verification', 1, '2025-12-31 16:22:48', 'BucinBGMID', NULL, NULL, 1),
	(470, 13, 'role_view_npd', 0, '2025-12-31 16:22:48', 'BucinBGMID', NULL, NULL, 1),
	(471, 13, 'npd', 0, '2025-12-31 16:22:48', 'BucinBGMID', NULL, NULL, 1),
	(472, 13, 'payment', 0, '2025-12-31 16:22:48', 'BucinBGMID', NULL, NULL, 1),
	(473, 13, 'evaluasi_anggaran', 1, '2025-12-31 16:22:48', 'BucinBGMID', NULL, NULL, 1),
	(474, 13, 'role_view_npd_panjer', 0, '2025-12-31 16:22:48', 'BucinBGMID', NULL, NULL, 1),
	(475, 13, 'npd_panjer', 0, '2025-12-31 16:22:48', 'BucinBGMID', NULL, NULL, 1),
	(476, 13, 'role_report_realisasi_anggaran', 1, '2025-12-31 16:22:48', 'BucinBGMID', NULL, NULL, 1),
	(477, 13, 'role_report_sisa_realisasi_anggaran', 1, '2025-12-31 16:22:48', 'BucinBGMID', NULL, NULL, 1),
	(478, 13, 'role_report_evaluasi_anggaran', 1, '2025-12-31 16:22:48', 'BucinBGMID', NULL, NULL, 1),
	(479, 13, 'report', 1, '2025-12-31 16:22:48', 'BucinBGMID', NULL, NULL, 1),
	(480, 13, 'information', 0, '2025-12-31 16:22:48', 'BucinBGMID', NULL, NULL, 1),
	(481, 13, 'manual_book', 1, '2025-12-31 16:22:48', 'BucinBGMID', NULL, NULL, 1),
	(482, 13, 'user', 0, '2025-12-31 16:22:48', 'BucinBGMID', NULL, NULL, 1),
	(483, 13, 'user_user', 0, '2025-12-31 16:22:48', 'BucinBGMID', NULL, NULL, 1),
	(484, 13, 'user_user_role', 0, '2025-12-31 16:22:48', 'BucinBGMID', NULL, NULL, 1),
	(485, 14, 'role_table', 1, '2025-12-31 16:23:02', 'BucinBGMID', NULL, NULL, 1),
	(486, 14, 'dashboard', 1, '2025-12-31 16:23:02', 'BucinBGMID', NULL, NULL, 1),
	(487, 14, 'master', 0, '2025-12-31 16:23:02', 'BucinBGMID', NULL, NULL, 1),
	(488, 14, 'master_urusan_pemerintah', 0, '2025-12-31 16:23:02', 'BucinBGMID', NULL, NULL, 1),
	(489, 14, 'master_bidang_urusan', 0, '2025-12-31 16:23:02', 'BucinBGMID', NULL, NULL, 1),
	(490, 14, 'master_program', 0, '2025-12-31 16:23:02', 'BucinBGMID', NULL, NULL, 1),
	(491, 14, 'master_kegiatan', 0, '2025-12-31 16:23:02', 'BucinBGMID', NULL, NULL, 1),
	(492, 14, 'master_sub_kegiatan', 0, '2025-12-31 16:23:02', 'BucinBGMID', NULL, NULL, 1),
	(493, 14, 'role_view_paket_belanja', 0, '2025-12-31 16:23:02', 'BucinBGMID', NULL, NULL, 1),
	(494, 14, 'role_select_ppkom_pptk', 0, '2025-12-31 16:23:02', 'BucinBGMID', NULL, NULL, 1),
	(495, 14, 'role_specification', 0, '2025-12-31 16:23:02', 'BucinBGMID', NULL, NULL, 1),
	(496, 14, 'role_special_paket_belanja', 0, '2025-12-31 16:23:02', 'BucinBGMID', NULL, NULL, 1),
	(497, 14, 'master_paket_belanja', 0, '2025-12-31 16:23:02', 'BucinBGMID', NULL, NULL, 1),
	(498, 14, 'master_akun_belanja', 0, '2025-12-31 16:23:02', 'BucinBGMID', NULL, NULL, 1),
	(499, 14, 'master_kategori', 0, '2025-12-31 16:23:02', 'BucinBGMID', NULL, NULL, 1),
	(500, 14, 'master_sub_kategori', 0, '2025-12-31 16:23:02', 'BucinBGMID', NULL, NULL, 1),
	(501, 14, 'master_kendaraan', 0, '2025-12-31 16:23:02', 'BucinBGMID', NULL, NULL, 1),
	(502, 14, 'master_ruang', 0, '2025-12-31 16:23:02', 'BucinBGMID', NULL, NULL, 1),
	(503, 14, 'master_satuan', 0, '2025-12-31 16:23:02', 'BucinBGMID', NULL, NULL, 1),
	(504, 14, 'master_sumber_dana', 0, '2025-12-31 16:23:02', 'BucinBGMID', NULL, NULL, 1),
	(505, 14, 'master_kode_rekening', 0, '2025-12-31 16:23:02', 'BucinBGMID', NULL, NULL, 1),
	(506, 14, 'role_view_purchase_plan', 0, '2025-12-31 16:23:02', 'BucinBGMID', NULL, NULL, 1),
	(507, 14, 'role_bypass', 0, '2025-12-31 16:23:02', 'BucinBGMID', NULL, NULL, 1),
	(508, 14, 'purchase_plan', 0, '2025-12-31 16:23:02', 'BucinBGMID', NULL, NULL, 1),
	(509, 14, 'role_view_purchase_contract', 0, '2025-12-31 16:23:02', 'BucinBGMID', NULL, NULL, 1),
	(510, 14, 'purchase_contract', 0, '2025-12-31 16:23:02', 'BucinBGMID', NULL, NULL, 1),
	(511, 14, 'role_view_budget_realization', 0, '2025-12-31 16:23:02', 'BucinBGMID', NULL, NULL, 1),
	(512, 14, 'budget_realization', 0, '2025-12-31 16:23:02', 'BucinBGMID', NULL, NULL, 1),
	(513, 14, 'document_verification', 0, '2025-12-31 16:23:02', 'BucinBGMID', NULL, NULL, 1),
	(514, 14, 'role_view_npd', 0, '2025-12-31 16:23:02', 'BucinBGMID', NULL, NULL, 1),
	(515, 14, 'npd', 1, '2025-12-31 16:23:02', 'BucinBGMID', NULL, NULL, 1),
	(516, 14, 'payment', 0, '2025-12-31 16:23:02', 'BucinBGMID', NULL, NULL, 1),
	(517, 14, 'evaluasi_anggaran', 1, '2025-12-31 16:23:02', 'BucinBGMID', NULL, NULL, 1),
	(518, 14, 'role_view_npd_panjer', 0, '2025-12-31 16:23:02', 'BucinBGMID', NULL, NULL, 1),
	(519, 14, 'npd_panjer', 1, '2025-12-31 16:23:02', 'BucinBGMID', NULL, NULL, 1),
	(520, 14, 'role_report_realisasi_anggaran', 1, '2025-12-31 16:23:02', 'BucinBGMID', NULL, NULL, 1),
	(521, 14, 'role_report_sisa_realisasi_anggaran', 1, '2025-12-31 16:23:02', 'BucinBGMID', NULL, NULL, 1),
	(522, 14, 'role_report_evaluasi_anggaran', 1, '2025-12-31 16:23:02', 'BucinBGMID', NULL, NULL, 1),
	(523, 14, 'report', 1, '2025-12-31 16:23:02', 'BucinBGMID', NULL, NULL, 1),
	(524, 14, 'information', 0, '2025-12-31 16:23:02', 'BucinBGMID', NULL, NULL, 1),
	(525, 14, 'manual_book', 1, '2025-12-31 16:23:02', 'BucinBGMID', NULL, NULL, 1),
	(526, 14, 'user', 0, '2025-12-31 16:23:02', 'BucinBGMID', NULL, NULL, 1),
	(527, 14, 'user_user', 0, '2025-12-31 16:23:02', 'BucinBGMID', NULL, NULL, 1),
	(528, 14, 'user_user_role', 0, '2025-12-31 16:23:02', 'BucinBGMID', NULL, NULL, 1),
	(529, 15, 'role_table', 1, '2025-12-31 16:23:17', 'BucinBGMID', NULL, NULL, 1),
	(530, 15, 'dashboard', 1, '2025-12-31 16:23:17', 'BucinBGMID', NULL, NULL, 1),
	(531, 15, 'master', 0, '2025-12-31 16:23:17', 'BucinBGMID', NULL, NULL, 1),
	(532, 15, 'master_urusan_pemerintah', 0, '2025-12-31 16:23:17', 'BucinBGMID', NULL, NULL, 1),
	(533, 15, 'master_bidang_urusan', 0, '2025-12-31 16:23:17', 'BucinBGMID', NULL, NULL, 1),
	(534, 15, 'master_program', 0, '2025-12-31 16:23:17', 'BucinBGMID', NULL, NULL, 1),
	(535, 15, 'master_kegiatan', 0, '2025-12-31 16:23:17', 'BucinBGMID', NULL, NULL, 1),
	(536, 15, 'master_sub_kegiatan', 0, '2025-12-31 16:23:17', 'BucinBGMID', NULL, NULL, 1),
	(537, 15, 'role_view_paket_belanja', 0, '2025-12-31 16:23:17', 'BucinBGMID', NULL, NULL, 1),
	(538, 15, 'role_select_ppkom_pptk', 0, '2025-12-31 16:23:17', 'BucinBGMID', NULL, NULL, 1),
	(539, 15, 'role_specification', 0, '2025-12-31 16:23:17', 'BucinBGMID', NULL, NULL, 1),
	(540, 15, 'role_special_paket_belanja', 0, '2025-12-31 16:23:17', 'BucinBGMID', NULL, NULL, 1),
	(541, 15, 'master_paket_belanja', 0, '2025-12-31 16:23:17', 'BucinBGMID', NULL, NULL, 1),
	(542, 15, 'master_akun_belanja', 0, '2025-12-31 16:23:17', 'BucinBGMID', NULL, NULL, 1),
	(543, 15, 'master_kategori', 0, '2025-12-31 16:23:17', 'BucinBGMID', NULL, NULL, 1),
	(544, 15, 'master_sub_kategori', 0, '2025-12-31 16:23:17', 'BucinBGMID', NULL, NULL, 1),
	(545, 15, 'master_kendaraan', 0, '2025-12-31 16:23:17', 'BucinBGMID', NULL, NULL, 1),
	(546, 15, 'master_ruang', 0, '2025-12-31 16:23:17', 'BucinBGMID', NULL, NULL, 1),
	(547, 15, 'master_satuan', 0, '2025-12-31 16:23:17', 'BucinBGMID', NULL, NULL, 1),
	(548, 15, 'master_sumber_dana', 0, '2025-12-31 16:23:17', 'BucinBGMID', NULL, NULL, 1),
	(549, 15, 'master_kode_rekening', 0, '2025-12-31 16:23:17', 'BucinBGMID', NULL, NULL, 1),
	(550, 15, 'role_view_purchase_plan', 0, '2025-12-31 16:23:17', 'BucinBGMID', NULL, NULL, 1),
	(551, 15, 'role_bypass', 0, '2025-12-31 16:23:17', 'BucinBGMID', NULL, NULL, 1),
	(552, 15, 'purchase_plan', 0, '2025-12-31 16:23:17', 'BucinBGMID', NULL, NULL, 1),
	(553, 15, 'role_view_purchase_contract', 0, '2025-12-31 16:23:17', 'BucinBGMID', NULL, NULL, 1),
	(554, 15, 'purchase_contract', 0, '2025-12-31 16:23:17', 'BucinBGMID', NULL, NULL, 1),
	(555, 15, 'role_view_budget_realization', 0, '2025-12-31 16:23:17', 'BucinBGMID', NULL, NULL, 1),
	(556, 15, 'budget_realization', 0, '2025-12-31 16:23:17', 'BucinBGMID', NULL, NULL, 1),
	(557, 15, 'document_verification', 0, '2025-12-31 16:23:17', 'BucinBGMID', NULL, NULL, 1),
	(558, 15, 'role_view_npd', 0, '2025-12-31 16:23:17', 'BucinBGMID', NULL, NULL, 1),
	(559, 15, 'npd', 0, '2025-12-31 16:23:17', 'BucinBGMID', NULL, NULL, 1),
	(560, 15, 'payment', 1, '2025-12-31 16:23:17', 'BucinBGMID', NULL, NULL, 1),
	(561, 15, 'evaluasi_anggaran', 1, '2025-12-31 16:23:17', 'BucinBGMID', NULL, NULL, 1),
	(562, 15, 'role_view_npd_panjer', 0, '2025-12-31 16:23:17', 'BucinBGMID', NULL, NULL, 1),
	(563, 15, 'npd_panjer', 0, '2025-12-31 16:23:17', 'BucinBGMID', NULL, NULL, 1),
	(564, 15, 'role_report_realisasi_anggaran', 1, '2025-12-31 16:23:17', 'BucinBGMID', NULL, NULL, 1),
	(565, 15, 'role_report_sisa_realisasi_anggaran', 1, '2025-12-31 16:23:17', 'BucinBGMID', NULL, NULL, 1),
	(566, 15, 'role_report_evaluasi_anggaran', 1, '2025-12-31 16:23:17', 'BucinBGMID', NULL, NULL, 1),
	(567, 15, 'report', 1, '2025-12-31 16:23:17', 'BucinBGMID', NULL, NULL, 1),
	(568, 15, 'information', 0, '2025-12-31 16:23:17', 'BucinBGMID', NULL, NULL, 1),
	(569, 15, 'manual_book', 1, '2025-12-31 16:23:17', 'BucinBGMID', NULL, NULL, 1),
	(570, 15, 'user', 0, '2025-12-31 16:23:17', 'BucinBGMID', NULL, NULL, 1),
	(571, 15, 'user_user', 0, '2025-12-31 16:23:17', 'BucinBGMID', NULL, NULL, 1),
	(572, 15, 'user_user_role', 0, '2025-12-31 16:23:17', 'BucinBGMID', NULL, NULL, 1);

-- Dumping structure for table noval.verification
CREATE TABLE IF NOT EXISTS `verification` (
  `idverification` int NOT NULL AUTO_INCREMENT,
  `idbudget_realization` int DEFAULT NULL,
  `verification_date_created` datetime DEFAULT NULL COMMENT 'tanggal input dokumen',
  `confirm_verification_date` datetime DEFAULT NULL COMMENT 'tanggal verifikasi dokumen',
  `verification_code` varchar(50) DEFAULT NULL COMMENT 'nomor dokumen',
  `verification_status` varchar(50) DEFAULT 'DRAFT' COMMENT 'INPUT DATA 		-> data diinputkan dimenu realisasi anggaran (oleh user realisasi); \r\nMENUNGGU VERIFIKASI 	-> data diinputkan di menu verifikasi dokumen (oleh user realisasi); \r\nSUDAH DIVERIFIKASI 	-> data sudah diverifikasi (oleh user verifikator); \r\nINPUT NPD		-> data diinputkan di menu npd (oleh user npd);\r\nMENUNGGU PEMBAYARAN	-> data sudah dikirim ke bendahara (oleh user npd);\r\nSUDAH DIBAYAR BENDAHARA -> data sudah dibayar bendahara (oleh user bendahara);',
  `updated_status` datetime DEFAULT NULL,
  `status_approve` varchar(50) DEFAULT NULL COMMENT 'DISETUJUI, DITOLAK',
  `verification_description` text,
  `iduser_created` bigint DEFAULT NULL COMMENT 'user yang membuat dokumen',
  `iduser_verification` bigint DEFAULT NULL COMMENT 'user yang memverifikasi dokumen',
  `created` datetime DEFAULT NULL,
  `createdby` varchar(50) DEFAULT NULL,
  `updated` datetime DEFAULT NULL,
  `updatedby` varchar(50) DEFAULT NULL,
  `status` int DEFAULT '1',
  PRIMARY KEY (`idverification`),
  KEY `verification_code` (`verification_code`),
  KEY `iduser_created` (`iduser_created`),
  KEY `iduser_verification` (`iduser_verification`),
  KEY `status` (`status`),
  KEY `transaction_date_created` (`verification_date_created`) USING BTREE,
  KEY `confirm_verification` (`confirm_verification_date`) USING BTREE,
  KEY `verification_status` (`verification_status`),
  KEY `status_approve` (`status_approve`),
  KEY `updated_status` (`updated_status`),
  KEY `idbudget_realization` (`idbudget_realization`)
) ENGINE=InnoDB AUTO_INCREMENT=12 DEFAULT CHARSET=utf8mb4 COLLATE=utf8mb4_0900_ai_ci ROW_FORMAT=DYNAMIC;

-- Dumping data for table noval.verification: ~7 rows (approximately)
INSERT INTO `verification` (`idverification`, `idbudget_realization`, `verification_date_created`, `confirm_verification_date`, `verification_code`, `verification_status`, `updated_status`, `status_approve`, `verification_description`, `iduser_created`, `iduser_verification`, `created`, `createdby`, `updated`, `updatedby`, `status`) VALUES
	(5, 7, '2025-12-31 17:41:18', '2025-12-31 18:09:17', 'AP202512310001', 'SUDAH DIVERIFIKASI', '2025-12-31 18:09:17', 'DISETUJUI', 'berkas lengkap', 11, 12, '2025-12-31 18:09:17', 'verifikator', '2025-12-31 18:09:18', 'verifikator', 1),
	(6, 10, '2025-12-31 17:48:17', '2025-12-31 18:13:48', 'AP202512310004', 'INPUT NPD', '2025-12-31 18:13:48', 'DISETUJUI', 'lengkap', 11, 12, '2025-12-31 18:13:48', 'verifikator', '2025-12-31 18:13:48', 'verifikator', 1),
	(7, 9, '2025-12-31 17:47:42', '2025-12-31 18:15:22', 'AP202512310003', 'DITOLAK VERIFIKATOR', '2025-12-31 18:15:22', 'DITOLAK', 'dokumen berbeda', 11, 12, '2025-12-31 18:14:08', 'verifikator', '2025-12-31 18:15:22', 'verifikator', 1),
	(8, 12, '2025-12-31 18:30:51', '2025-12-31 18:31:38', 'AP202512310006', 'INPUT NPD', '2025-12-31 18:31:38', 'DISETUJUI', 'acc', 2, 2, '2025-12-31 18:31:38', 'superadmin', '2025-12-31 18:31:39', 'superadmin', 1),
	(9, 13, '2025-12-31 18:33:55', '2025-12-31 18:35:50', 'AP202512310007', 'MENUNGGU PEMBAYARAN', '2025-12-31 18:35:50', 'DISETUJUI', 'acc', 2, 2, '2025-12-31 18:35:50', 'superadmin', '2025-12-31 18:35:51', 'superadmin', 1),
	(10, 14, '2025-12-31 18:34:32', '2025-12-31 18:35:57', 'AP202512310008', 'SUDAH DIBAYAR BENDAHARA', '2025-12-31 18:35:57', 'DISETUJUI', 'acc', 2, 2, '2025-12-31 18:35:57', 'superadmin', '2025-12-31 18:35:58', 'superadmin', 1),
	(11, 15, '2025-12-31 18:35:16', '2025-12-31 18:36:02', 'AP202512310009', 'SUDAH DIBAYAR BENDAHARA', '2025-12-31 18:36:03', 'DISETUJUI', 'acc', 2, 2, '2025-12-31 18:36:03', 'superadmin', '2025-12-31 18:36:03', 'superadmin', 1);

-- Dumping structure for table noval.verification_detail
CREATE TABLE IF NOT EXISTS `verification_detail` (
  `idverification_detail` bigint NOT NULL AUTO_INCREMENT,
  `idverification` int NOT NULL,
  `idtransaction` int DEFAULT NULL,
  `created` datetime DEFAULT NULL,
  `createdby` varchar(50) DEFAULT NULL,
  `updated` datetime DEFAULT NULL,
  `updatedby` varchar(50) DEFAULT NULL,
  `status` int DEFAULT '1',
  PRIMARY KEY (`idverification_detail`) USING BTREE,
  KEY `idverification` (`idverification`),
  KEY `idtransaction` (`idtransaction`),
  KEY `status` (`status`),
  CONSTRAINT `FK_transaction_detail_verification` FOREIGN KEY (`idverification`) REFERENCES `verification` (`idverification`) ON DELETE CASCADE ON UPDATE CASCADE
) ENGINE=InnoDB AUTO_INCREMENT=2 DEFAULT CHARSET=utf8mb4 COLLATE=utf8mb4_0900_ai_ci ROW_FORMAT=DYNAMIC;

-- Dumping data for table noval.verification_detail: ~0 rows (approximately)

-- Dumping structure for table noval.verification_history
CREATE TABLE IF NOT EXISTS `verification_history` (
  `idverification_history` int NOT NULL AUTO_INCREMENT,
  `idverification` int DEFAULT NULL,
  `idbudget_realization` int DEFAULT NULL,
  `confirm_verification_date` datetime DEFAULT NULL,
  `status_approve` varchar(50) DEFAULT NULL,
  `verification_description` text,
  `iduser_verification` bigint DEFAULT NULL,
  `created` datetime DEFAULT NULL,
  `createdby` varchar(50) DEFAULT NULL,
  `updated` datetime DEFAULT NULL,
  `updatedby` varchar(50) DEFAULT NULL,
  `status` int DEFAULT '1',
  PRIMARY KEY (`idverification_history`),
  KEY `idverification` (`idverification`),
  KEY `confirm_verification_date` (`confirm_verification_date`),
  KEY `status_approve` (`status_approve`),
  KEY `iduser_verification` (`iduser_verification`),
  KEY `status` (`status`),
  KEY `idbudget_realization` (`idbudget_realization`) USING BTREE,
  CONSTRAINT `FK_verification_history_verification` FOREIGN KEY (`idverification`) REFERENCES `verification` (`idverification`) ON DELETE CASCADE ON UPDATE CASCADE
) ENGINE=InnoDB AUTO_INCREMENT=3 DEFAULT CHARSET=utf8mb4 COLLATE=utf8mb4_0900_ai_ci;

-- Dumping data for table noval.verification_history: ~2 rows (approximately)
INSERT INTO `verification_history` (`idverification_history`, `idverification`, `idbudget_realization`, `confirm_verification_date`, `status_approve`, `verification_description`, `iduser_verification`, `created`, `createdby`, `updated`, `updatedby`, `status`) VALUES
	(1, 7, 9, '2025-12-31 18:14:08', 'DITOLAK', 'dokumen berbeda', 12, '2025-12-31 18:14:08', 'verifikator', '2025-12-31 18:14:08', 'verifikator', 1),
	(2, 7, 9, '2025-12-31 18:15:22', 'DITOLAK', 'dokumen berbeda', 12, '2025-12-31 18:15:22', 'verifikator', '2025-12-31 18:15:22', 'verifikator', 1);

/*!40103 SET TIME_ZONE=IFNULL(@OLD_TIME_ZONE, 'system') */;
/*!40101 SET SQL_MODE=IFNULL(@OLD_SQL_MODE, '') */;
/*!40014 SET FOREIGN_KEY_CHECKS=IFNULL(@OLD_FOREIGN_KEY_CHECKS, 1) */;
/*!40101 SET CHARACTER_SET_CLIENT=@OLD_CHARACTER_SET_CLIENT */;
/*!40111 SET SQL_NOTES=IFNULL(@OLD_SQL_NOTES, 1) */;
