-- --------------------------------------------------------
-- Host:                         127.0.0.1
-- Server version:               8.0.30 - MySQL Community Server - GPL
-- Server OS:                    Win64
-- HeidiSQL Version:             12.1.0.6537
-- --------------------------------------------------------

/*!40101 SET @OLD_CHARACTER_SET_CLIENT=@@CHARACTER_SET_CLIENT */;
/*!40101 SET NAMES utf8 */;
/*!50503 SET NAMES utf8mb4 */;
/*!40103 SET @OLD_TIME_ZONE=@@TIME_ZONE */;
/*!40103 SET TIME_ZONE='+00:00' */;
/*!40014 SET @OLD_FOREIGN_KEY_CHECKS=@@FOREIGN_KEY_CHECKS, FOREIGN_KEY_CHECKS=0 */;
/*!40101 SET @OLD_SQL_MODE=@@SQL_MODE, SQL_MODE='NO_AUTO_VALUE_ON_ZERO' */;
/*!40111 SET @OLD_SQL_NOTES=@@SQL_NOTES, SQL_NOTES=0 */;

-- Dumping structure for table budgeting.akun_belanja
CREATE TABLE IF NOT EXISTS `akun_belanja` (
  `idakun_belanja` int NOT NULL AUTO_INCREMENT,
  `no_rekening_akunbelanja` varchar(50) CHARACTER SET utf8mb4 COLLATE utf8mb4_general_ci DEFAULT NULL,
  `nama_akun_belanja` varchar(200) CHARACTER SET utf8mb4 COLLATE utf8mb4_general_ci DEFAULT NULL,
  `is_active` int DEFAULT '1',
  `created` datetime DEFAULT NULL,
  `createdby` varchar(50) CHARACTER SET utf8mb4 COLLATE utf8mb4_general_ci DEFAULT NULL,
  `updated` datetime DEFAULT NULL,
  `updatedby` varchar(50) CHARACTER SET utf8mb4 COLLATE utf8mb4_general_ci DEFAULT NULL,
  `status` int DEFAULT '1',
  PRIMARY KEY (`idakun_belanja`) USING BTREE,
  KEY `is_active` (`is_active`) USING BTREE,
  KEY `status` (`status`) USING BTREE,
  KEY `no_rekening_urusan` (`no_rekening_akunbelanja`) USING BTREE,
  KEY `nama_urusan` (`nama_akun_belanja`) USING BTREE
) ENGINE=InnoDB AUTO_INCREMENT=12 DEFAULT CHARSET=utf8mb4 COLLATE=utf8mb4_general_ci ROW_FORMAT=DYNAMIC;

-- Dumping data for table budgeting.akun_belanja: ~5 rows (approximately)
INSERT INTO `akun_belanja` (`idakun_belanja`, `no_rekening_akunbelanja`, `nama_akun_belanja`, `is_active`, `created`, `createdby`, `updated`, `updatedby`, `status`) VALUES
	(6, '5.1.02.99.99.9999', 'Belanja Barang dan Jasa BLUD', 1, '2025-06-17 10:18:05', 'BucinBGMID', '2025-06-17 10:18:06', 'BucinBGMID', 1),
	(7, '5.2.02.99.99.9999', 'Belanja Modal Peralatan dan Mesin BLUD', 1, '2025-06-17 10:19:41', 'BucinBGMID', '2025-06-17 10:19:41', 'BucinBGMID', 1),
	(8, '5.2.04.99.99.9999', 'Belanja Modal Jalan, Jaringan, dan Irigasi BLUD', 1, '2025-06-17 10:21:23', 'BucinBGMID', '2025-06-17 10:24:33', 'BucinBGMID', 1),
	(9, '5.2.03.99.99.9999', 'Belanja Modal Gedung dan Bangunan BLUD', 1, '2025-06-17 10:22:41', 'BucinBGMID', '2025-07-22 19:13:35', 'superadmin', 1),
	(10, '5.2.03.99.99.9999xxxx', 'Belanja Modal Gedung dan Bangunan BLUD 25', 1, '2025-06-23 15:03:56', 'BucinBGMID', '2025-06-23 15:04:14', 'BucinBGMID', 0);

-- Dumping structure for table budgeting.bidang_urusan
CREATE TABLE IF NOT EXISTS `bidang_urusan` (
  `idbidang_urusan` int NOT NULL AUTO_INCREMENT,
  `no_rekening_bidang_urusan` varchar(50) CHARACTER SET utf8mb4 COLLATE utf8mb4_general_ci DEFAULT NULL,
  `nama_bidang_urusan` varchar(200) CHARACTER SET utf8mb4 COLLATE utf8mb4_general_ci DEFAULT NULL,
  `idurusan_pemerintah` int DEFAULT NULL,
  `is_active` int DEFAULT '1',
  `created` datetime DEFAULT NULL,
  `createdby` varchar(50) CHARACTER SET utf8mb4 COLLATE utf8mb4_general_ci DEFAULT NULL,
  `updated` datetime DEFAULT NULL,
  `updatedby` varchar(50) CHARACTER SET utf8mb4 COLLATE utf8mb4_general_ci DEFAULT NULL,
  `status` int DEFAULT '1',
  PRIMARY KEY (`idbidang_urusan`) USING BTREE,
  KEY `is_active` (`is_active`) USING BTREE,
  KEY `status` (`status`) USING BTREE,
  KEY `no_rekening_urusan` (`no_rekening_bidang_urusan`) USING BTREE,
  KEY `nama_urusan` (`nama_bidang_urusan`) USING BTREE,
  KEY `tahun_anggaran_urusan` (`idurusan_pemerintah`) USING BTREE
) ENGINE=InnoDB AUTO_INCREMENT=6 DEFAULT CHARSET=utf8mb4 COLLATE=utf8mb4_general_ci ROW_FORMAT=DYNAMIC;

-- Dumping data for table budgeting.bidang_urusan: ~5 rows (approximately)
INSERT INTO `bidang_urusan` (`idbidang_urusan`, `no_rekening_bidang_urusan`, `nama_bidang_urusan`, `idurusan_pemerintah`, `is_active`, `created`, `createdby`, `updated`, `updatedby`, `status`) VALUES
	(1, '02', 'URUSAN PEMERINTAHAN BIDANG KESEHATAN', 1, 1, '2025-06-05 15:19:46', 'BucinBGMID', '2025-07-22 17:32:12', 'superadmin', 1),
	(2, '01', 'URUSAN PEMERINTAHAN BIDANG KESEHATAN', 2, 1, '2025-06-16 11:25:15', 'BucinBGMID', '2025-06-17 08:51:18', 'BucinBGMID', 1),
	(3, '02', 'URUSAN PEMERINTAHAN BIDANG KESEHATAN', 2, 0, '2025-06-16 11:29:51', 'BucinBGMID', '2025-06-17 08:51:27', 'BucinBGMID', 1),
	(4, '001', 'bidang ok', 6, 1, '2025-06-23 13:53:59', 'BucinBGMID', '2025-06-23 13:57:36', 'BucinBGMID', 0),
	(5, '0233333', 'URUSAN PEMERINTAHAN BIDANG KESEHATAN 25', 1, 1, '2025-06-23 14:14:56', 'BucinBGMID', '2025-06-23 14:21:00', 'BucinBGMID', 0);

-- Dumping structure for table budgeting.config
CREATE TABLE IF NOT EXISTS `config` (
  `idconfig` int NOT NULL AUTO_INCREMENT,
  `key` varchar(200) DEFAULT NULL,
  `value` text,
  `type` varchar(50) DEFAULT 'text',
  `created` datetime DEFAULT NULL,
  `createdby` varchar(50) DEFAULT NULL,
  `updated` datetime DEFAULT NULL,
  `updatedby` varchar(50) DEFAULT NULL,
  `status` int DEFAULT '1',
  PRIMARY KEY (`idconfig`)
) ENGINE=InnoDB AUTO_INCREMENT=2 DEFAULT CHARSET=latin1;

-- Dumping data for table budgeting.config: ~0 rows (approximately)
INSERT INTO `config` (`idconfig`, `key`, `value`, `type`, `created`, `createdby`, `updated`, `updatedby`, `status`) VALUES
	(1, 'app_name', 'Si Eka', 'text', '2022-04-04 02:02:19', NULL, '2022-04-04 02:02:19', NULL, 1);

-- Dumping structure for table budgeting.config_app
CREATE TABLE IF NOT EXISTS `config_app` (
  `idconfig_app` int NOT NULL AUTO_INCREMENT,
  `key` varchar(200) DEFAULT NULL,
  `value` varchar(400) DEFAULT NULL,
  `created` datetime DEFAULT NULL,
  `createdby` varchar(50) DEFAULT NULL,
  `updated` datetime DEFAULT NULL,
  `updatedby` varchar(50) DEFAULT NULL,
  `status` int DEFAULT '1',
  PRIMARY KEY (`idconfig_app`)
) ENGINE=InnoDB AUTO_INCREMENT=2 DEFAULT CHARSET=latin1;

-- Dumping data for table budgeting.config_app: ~0 rows (approximately)
INSERT INTO `config_app` (`idconfig_app`, `key`, `value`, `created`, `createdby`, `updated`, `updatedby`, `status`) VALUES
	(1, 'disk_space', '20000', '2018-08-29 09:51:31', NULL, '2018-08-29 09:51:31', NULL, 1);

-- Dumping structure for table budgeting.kategori
CREATE TABLE IF NOT EXISTS `kategori` (
  `idkategori` int NOT NULL AUTO_INCREMENT,
  `nama_kategori` varchar(200) CHARACTER SET utf8mb4 COLLATE utf8mb4_general_ci DEFAULT NULL,
  `is_active` int DEFAULT '1',
  `created` datetime DEFAULT NULL,
  `createdby` varchar(50) CHARACTER SET utf8mb4 COLLATE utf8mb4_general_ci DEFAULT NULL,
  `updated` datetime DEFAULT NULL,
  `updatedby` varchar(50) CHARACTER SET utf8mb4 COLLATE utf8mb4_general_ci DEFAULT NULL,
  `status` int DEFAULT '1',
  PRIMARY KEY (`idkategori`) USING BTREE,
  KEY `is_active` (`is_active`) USING BTREE,
  KEY `status` (`status`) USING BTREE,
  KEY `nama_urusan` (`nama_kategori`) USING BTREE
) ENGINE=InnoDB AUTO_INCREMENT=37 DEFAULT CHARSET=utf8mb4 COLLATE=utf8mb4_general_ci ROW_FORMAT=DYNAMIC;

-- Dumping data for table budgeting.kategori: ~25 rows (approximately)
INSERT INTO `kategori` (`idkategori`, `nama_kategori`, `is_active`, `created`, `createdby`, `updated`, `updatedby`, `status`) VALUES
	(10, 'Honorarium Dewan Pengawas BLUD : ', 1, '2025-06-19 10:19:08', 'BucinBGMID', '2025-06-19 10:19:09', 'BucinBGMID', 1),
	(11, 'Honor Pegawai BLUD (Tenaga Kesehatan) : ', 1, '2025-06-23 11:37:09', 'BucinBGMID', '2025-06-23 11:37:09', 'BucinBGMID', 1),
	(12, 'Honor tambahan bagi Pegawai BLUD : ', 1, '2025-06-23 11:37:22', 'BucinBGMID', '2025-06-23 11:37:22', 'BucinBGMID', 1),
	(13, 'Honor tambahan : ', 1, '2025-06-23 11:37:35', 'BucinBGMID', '2025-06-23 11:37:36', 'BucinBGMID', 1),
	(14, 'Honor Pegawai BLUD (Tenaga Administrasi) : ', 1, '2025-06-23 11:37:49', 'BucinBGMID', '2025-06-23 15:07:07', 'BucinBGMID', 1),
	(15, 'Honor Pegawai BLUD (Tenaga Administrasi) : ok', 1, '2025-06-23 15:08:10', 'BucinBGMID', '2025-06-23 15:08:13', 'BucinBGMID', 0),
	(16, 'RAPAT EVALUASI DAN LAYANAN :', 1, '2025-06-24 09:00:57', 'BucinBGMID', '2025-06-24 09:00:57', 'BucinBGMID', 1),
	(17, 'RAPAT SPI :', 1, '2025-06-24 09:01:15', 'BucinBGMID', '2025-06-24 09:01:16', 'BucinBGMID', 1),
	(18, 'AUDIT INTERNAL SPI :', 1, '2025-06-24 09:01:26', 'BucinBGMID', '2025-06-24 09:01:26', 'BucinBGMID', 1),
	(19, 'RAPAT INOVASI PELAYANAN RS', 1, '2025-06-24 09:01:38', 'BucinBGMID', '2025-06-24 09:01:38', 'BucinBGMID', 1),
	(20, 'RAPAT INTERNAL UKM', 1, '2025-06-24 09:01:51', 'BucinBGMID', '2025-06-24 09:01:51', 'BucinBGMID', 1),
	(21, 'RAPAT KOMITE MEDIS :', 1, '2025-06-24 09:01:59', 'BucinBGMID', '2025-06-24 09:01:59', 'BucinBGMID', 1),
	(22, 'RAPAT KOMITE KEPERAWATAN :', 1, '2025-06-24 09:02:11', 'BucinBGMID', '2025-06-24 09:02:12', 'BucinBGMID', 1),
	(23, 'RAPAT KOMITE FARMASI  DAN TERAPI', 1, '2025-06-24 09:02:19', 'BucinBGMID', '2025-06-24 09:02:19', 'BucinBGMID', 1),
	(24, 'RAPAT KOMITE PPI :', 1, '2025-06-24 09:02:41', 'BucinBGMID', '2025-06-24 09:02:41', 'BucinBGMID', 1),
	(25, 'RAPAT EVALUASI PENUNJANG NON MEDIK', 1, '2025-06-24 09:02:50', 'BucinBGMID', '2025-06-24 09:02:51', 'BucinBGMID', 1),
	(26, 'RAPAT-RAPAT PERENCANAAN, PENGANGGARAN DAN EVALUASI KINERJA PD :', 1, '2025-06-24 09:03:15', 'BucinBGMID', '2025-06-24 09:03:15', 'BucinBGMID', 1),
	(27, 'KONSUMSI KEBUGARAN PEGAWAI :', 1, '2025-06-24 09:03:24', 'BucinBGMID', '2025-06-24 09:03:25', 'BucinBGMID', 1),
	(28, 'RAPAT KOMITE KOMITE NAKES LAIN:', 1, '2025-06-24 09:03:38', 'BucinBGMID', '2025-06-24 09:03:38', 'BucinBGMID', 1),
	(29, 'Hari Besar Kesehatan', 1, '2025-06-24 10:43:32', 'BucinBGMID', '2025-06-24 10:43:32', 'BucinBGMID', 1),
	(30, 'Hari Ulang Tahun RS', 1, '2025-06-24 10:43:55', 'BucinBGMID', '2025-06-24 10:43:55', 'BucinBGMID', 1),
	(31, 'Tsyakuran HUT RSUD Sumberglagah', 1, '2025-06-24 10:44:03', 'BucinBGMID', '2025-06-24 10:44:04', 'BucinBGMID', 1),
	(32, 'Persiapan', 1, '2025-06-24 10:46:30', 'BucinBGMID', '2025-06-24 10:46:31', 'BucinBGMID', 1),
	(33, 'Pelaksanaan', 1, '2025-06-24 10:46:47', 'BucinBGMID', '2025-06-24 10:46:47', 'BucinBGMID', 1),
	(34, 'Pelaksanaan Upacara 17 Agustus', 1, '2025-06-24 10:46:56', 'BucinBGMID', '2025-06-25 22:01:45', 'BucinBGMID', 1),
	(35, 'Pemeliharaan arsitektur gedung dan bangunan pelayanan :', 1, '2025-07-10 10:21:46', 'administrator', '2025-07-10 10:21:47', 'administrator', 1),
	(36, 'Pembuatan Pondasi Penahan Tanah Depan Gedung UKM :', 1, '2025-07-19 15:51:24', 'superadmin', '2025-07-22 19:19:22', 'superadmin', 1);

-- Dumping structure for table budgeting.kegiatan
CREATE TABLE IF NOT EXISTS `kegiatan` (
  `idkegiatan` int NOT NULL AUTO_INCREMENT,
  `no_rekening_kegiatan` varchar(50) CHARACTER SET utf8mb4 COLLATE utf8mb4_general_ci DEFAULT NULL,
  `nama_kegiatan` varchar(200) CHARACTER SET utf8mb4 COLLATE utf8mb4_general_ci DEFAULT NULL,
  `idprogram` int DEFAULT NULL,
  `is_active` int DEFAULT '1',
  `created` datetime DEFAULT NULL,
  `createdby` varchar(50) CHARACTER SET utf8mb4 COLLATE utf8mb4_general_ci DEFAULT NULL,
  `updated` datetime DEFAULT NULL,
  `updatedby` varchar(50) CHARACTER SET utf8mb4 COLLATE utf8mb4_general_ci DEFAULT NULL,
  `status` int DEFAULT '1',
  PRIMARY KEY (`idkegiatan`) USING BTREE,
  KEY `is_active` (`is_active`) USING BTREE,
  KEY `status` (`status`) USING BTREE,
  KEY `no_rekening_urusan` (`no_rekening_kegiatan`) USING BTREE,
  KEY `nama_urusan` (`nama_kegiatan`) USING BTREE,
  KEY `tahun_anggaran_urusan` (`idprogram`) USING BTREE
) ENGINE=InnoDB AUTO_INCREMENT=6 DEFAULT CHARSET=utf8mb4 COLLATE=utf8mb4_general_ci ROW_FORMAT=DYNAMIC;

-- Dumping data for table budgeting.kegiatan: ~4 rows (approximately)
INSERT INTO `kegiatan` (`idkegiatan`, `no_rekening_kegiatan`, `nama_kegiatan`, `idprogram`, `is_active`, `created`, `createdby`, `updated`, `updatedby`, `status`) VALUES
	(2, '1.10', 'Peningkatan Pelayanan BLUD', 1, 1, '2025-06-16 14:49:54', 'BucinBGMID', '2025-06-17 08:52:35', 'BucinBGMID', 1),
	(3, '1.10', 'Peningkatan Pelayanan BLUD', 2, 1, '2025-06-16 15:59:17', 'BucinBGMID', '2025-07-22 17:32:22', 'superadmin', 1),
	(4, '000', 'okoko', 5, 1, '2025-06-23 14:29:40', 'BucinBGMID', '2025-06-23 14:29:52', 'BucinBGMID', 0),
	(5, '1.10', 'Peningkatan Pelayanan BLUD 2025', 2, 1, '2025-06-23 14:45:51', 'BucinBGMID', '2025-06-23 14:47:20', 'BucinBGMID', 0);

-- Dumping structure for table budgeting.kendaraan
CREATE TABLE IF NOT EXISTS `kendaraan` (
  `idkendaraan` int NOT NULL AUTO_INCREMENT,
  `nama_kendaraan` varchar(200) CHARACTER SET utf8mb4 COLLATE utf8mb4_general_ci DEFAULT NULL,
  `is_active` int DEFAULT '1',
  `created` datetime DEFAULT NULL,
  `createdby` varchar(50) CHARACTER SET utf8mb4 COLLATE utf8mb4_general_ci DEFAULT NULL,
  `updated` datetime DEFAULT NULL,
  `updatedby` varchar(50) CHARACTER SET utf8mb4 COLLATE utf8mb4_general_ci DEFAULT NULL,
  `status` int DEFAULT '1',
  PRIMARY KEY (`idkendaraan`) USING BTREE,
  KEY `is_active` (`is_active`) USING BTREE,
  KEY `status` (`status`) USING BTREE,
  KEY `nama_urusan` (`nama_kendaraan`) USING BTREE
) ENGINE=InnoDB AUTO_INCREMENT=53 DEFAULT CHARSET=utf8mb4 COLLATE=utf8mb4_general_ci ROW_FORMAT=DYNAMIC;

-- Dumping data for table budgeting.kendaraan: ~6 rows (approximately)
INSERT INTO `kendaraan` (`idkendaraan`, `nama_kendaraan`, `is_active`, `created`, `createdby`, `updated`, `updatedby`, `status`) VALUES
	(47, 'Ambulance Hyundai merah', 1, '2025-07-08 18:00:56', 'administrator', '2025-07-08 18:00:56', 'administrator', 1),
	(48, 'Ambulance Hyundai biru', 1, '2025-07-08 18:01:02', 'administrator', '2025-07-08 18:01:03', 'administrator', 1),
	(49, 'Kijang LSX', 1, '2025-07-08 18:01:10', 'administrator', '2025-07-08 18:01:11', 'administrator', 1),
	(50, 'Panther', 1, '2025-07-08 18:02:35', 'administrator', '2025-07-08 18:02:35', 'administrator', 1),
	(51, 'Inova Lama', 1, '2025-07-08 18:02:45', 'administrator', '2025-07-08 18:02:46', 'administrator', 1),
	(52, 'Inova Reborn', 1, '2025-07-08 18:03:03', 'administrator', '2025-07-22 19:34:03', 'superadmin', 1);

-- Dumping structure for table budgeting.paket_belanja
CREATE TABLE IF NOT EXISTS `paket_belanja` (
  `idpaket_belanja` int NOT NULL AUTO_INCREMENT,
  `nama_paket_belanja` varchar(200) CHARACTER SET utf8mb4 COLLATE utf8mb4_general_ci DEFAULT NULL,
  `nilai_anggaran` double DEFAULT NULL,
  `status_paket_belanja` varchar(50) CHARACTER SET utf8mb4 COLLATE utf8mb4_general_ci DEFAULT 'DRAFT' COMMENT 'DRAFT / OK; draft : transaksi belum disimpan (trx baru), OK : transaksi pernah disimpan',
  `idsub_kegiatan` int DEFAULT NULL,
  `idkegiatan` int DEFAULT NULL,
  `idprogram` int DEFAULT NULL,
  `is_active` int DEFAULT '1',
  `created` datetime DEFAULT NULL,
  `createdby` varchar(50) CHARACTER SET utf8mb4 COLLATE utf8mb4_general_ci DEFAULT NULL,
  `updated` datetime DEFAULT NULL,
  `updatedby` varchar(50) CHARACTER SET utf8mb4 COLLATE utf8mb4_general_ci DEFAULT NULL,
  `status` int DEFAULT '1',
  PRIMARY KEY (`idpaket_belanja`) USING BTREE,
  KEY `is_active` (`is_active`) USING BTREE,
  KEY `status` (`status`) USING BTREE,
  KEY `nama_urusan` (`nama_paket_belanja`) USING BTREE,
  KEY `tahun_anggaran_urusan` (`idsub_kegiatan`) USING BTREE,
  KEY `idprogram` (`idprogram`),
  KEY `idkategori` (`idkegiatan`) USING BTREE
) ENGINE=InnoDB AUTO_INCREMENT=72 DEFAULT CHARSET=utf8mb4 COLLATE=utf8mb4_general_ci ROW_FORMAT=DYNAMIC;

-- Dumping data for table budgeting.paket_belanja: ~54 rows (approximately)
INSERT INTO `paket_belanja` (`idpaket_belanja`, `nama_paket_belanja`, `nilai_anggaran`, `status_paket_belanja`, `idsub_kegiatan`, `idkegiatan`, `idprogram`, `is_active`, `created`, `createdby`, `updated`, `updatedby`, `status`) VALUES
	(18, NULL, NULL, NULL, 2, 2, 1, 1, '2025-06-19 07:53:37', 'BucinBGMID', '2025-06-19 07:53:38', 'BucinBGMID', 1),
	(19, 'Honorarium Tim Pengadaan, Pengelola Keuangan, Barang Daerah, dan Sistem Informasi ASN', 51327000, 'OK', 2, 2, 1, 1, '2025-06-19 07:59:02', 'BucinBGMID', '2025-07-08 20:06:12', 'administrator', 1),
	(20, 'Pembinaan Dewan Pengawas pada BLUD', 66680000, 'OK', 2, 2, 1, 1, '2025-06-19 08:44:05', 'BucinBGMID', '2025-07-08 20:19:19', 'administrator', 1),
	(21, 'Penyediaan Jasa Surat Menyurat', 40600000, 'OK', 2, 2, 1, 1, '2025-06-19 08:48:44', 'BucinBGMID', '2025-07-19 10:40:41', 'superadmin', 1),
	(22, 'Aksesibilitas penderita kusta dan disabilitas', 0, 'OK', 3, 3, 2, 1, '2025-06-19 08:49:22', 'BucinBGMID', '2025-06-19 08:49:24', 'BucinBGMID', 1),
	(23, 'Belanja Jasa Pegawai Tidak Tetap BLUD', 4252228200, 'OK', 2, 2, 1, 1, '2025-06-19 08:50:16', 'BucinBGMID', '2025-06-19 08:50:18', 'BucinBGMID', 1),
	(24, 'Fasilitasi Kunjungan Tamu', 33500000, 'OK', 2, 2, 1, 1, '2025-06-19 08:51:16', 'BucinBGMID', '2025-06-19 09:41:42', 'BucinBGMID', 1),
	(25, 'Kegiatan PKRS', 103576000, 'OK', 2, 2, 1, 1, '2025-06-19 09:42:24', 'BucinBGMID', '2025-06-19 09:42:34', 'BucinBGMID', 1),
	(26, 'Outsoursing Cleaning Service', 2422572000, 'OK', 2, 2, 1, 1, '2025-06-19 09:43:04', 'BucinBGMID', '2025-06-19 09:43:06', 'BucinBGMID', 1),
	(27, 'Outsoursing Satpam', 873408000, 'OK', 2, 2, 1, 1, '2025-06-19 09:43:34', 'BucinBGMID', '2025-06-19 09:43:36', 'BucinBGMID', 1),
	(28, 'Pelaksanaan Rapat-rapat Internal, evaluasi, layanan dan Inovasi Pelayanan Publik Rumah Sakit', 142860000, 'OK', 2, 2, 1, 1, '2025-06-19 09:44:10', 'BucinBGMID', '2025-06-19 09:44:16', 'BucinBGMID', 1),
	(29, 'Pembiayaan Listrik, Air, Telepon RS', 0, 'OK', 2, 2, 1, 1, '2025-06-19 09:44:45', 'BucinBGMID', '2025-06-19 09:44:47', 'BucinBGMID', 1),
	(30, 'Peringatan Hari Besar', 100025000, 'OK', 2, 2, 1, 1, '2025-06-19 09:45:16', 'BucinBGMID', '2025-06-19 09:45:23', 'BucinBGMID', 1),
	(31, 'Pemeliharaan dan atau penyediaan suku cadang alat - alat kesehatan RS', 2190000000, 'OK', 2, 2, 1, 1, '2025-06-19 09:45:52', 'BucinBGMID', '2025-06-19 09:45:56', 'BucinBGMID', 1),
	(32, 'Pemeliharaan dan atau penyediaan suku cadang peralatan RS', 848900000, 'OK', 2, 2, 1, 1, '2025-06-19 09:46:22', 'BucinBGMID', '2025-06-19 09:46:26', 'BucinBGMID', 1),
	(33, 'Pendampingan dan Evaluasi Sistem Manajemen Rumah Sakit', 76371000, 'OK', 2, 2, 1, 1, '2025-06-19 09:46:55', 'BucinBGMID', '2025-06-19 09:46:57', 'BucinBGMID', 1),
	(34, 'Pendidikan dan Pelatihan Pegawai', 0, 'OK', 2, 2, 1, 1, '2025-06-19 09:47:32', 'BucinBGMID', '2025-06-25 08:56:05', 'BucinBGMID', 1),
	(35, 'Pengadaan Peralatan / Perlengkapan rumah tangga RS', 0, 'OK', 2, 2, 1, 1, '2025-06-19 09:48:10', 'BucinBGMID', '2025-06-19 09:48:27', 'BucinBGMID', 1),
	(36, 'Pertemuan Sosialisasi Program RS dengan FKTP', 0, 'OK', 2, 2, 1, 1, '2025-06-19 09:48:50', 'BucinBGMID', '2025-06-19 09:48:52', 'BucinBGMID', 1),
	(37, 'Penyediaan Bahan Logistik Kantor', 0, 'OK', 2, 2, 1, 1, '2025-06-19 09:49:22', 'BucinBGMID', '2025-06-19 09:49:30', 'BucinBGMID', 1),
	(38, 'Penyediaan operasional pelayanan rehabilitasi dan keterapian fisik', 0, 'OK', 2, 2, 1, 1, '2025-06-19 09:50:12', 'BucinBGMID', '2025-06-19 09:50:15', 'BucinBGMID', 1),
	(39, 'Penyediaan barang cetakan, penggandaan dan dokumentasi publikasi', 0, 'OK', 2, 2, 1, 1, '2025-06-19 09:50:47', 'BucinBGMID', '2025-06-19 09:50:56', 'BucinBGMID', 1),
	(40, 'Penyediaan biaya jasa administrasi, perijinan dan sertifikasi', 0, 'OK', 2, 2, 1, 1, '2025-06-19 09:51:20', 'BucinBGMID', '2025-06-19 09:51:31', 'BucinBGMID', 1),
	(41, 'Penyediaan biaya operasional kendaraan', 0, 'OK', 2, 2, 1, 1, '2025-06-19 09:51:59', 'BucinBGMID', '2025-06-19 09:52:02', 'BucinBGMID', 1),
	(42, 'Jasa Pelayanan Rumah Sakit', 0, 'OK', 2, 2, 1, 1, '2025-06-19 09:52:32', 'BucinBGMID', '2025-06-19 09:52:34', 'BucinBGMID', 1),
	(43, 'Penyediaan jasa operasional', 0, 'OK', 2, 2, 1, 1, '2025-06-19 09:53:07', 'BucinBGMID', '2025-06-19 09:53:13', 'BucinBGMID', 1),
	(44, 'Penyediaan Operasional RS', 0, 'OK', 2, 2, 1, 1, '2025-06-19 09:53:38', 'BucinBGMID', '2025-06-19 09:53:45', 'BucinBGMID', 1),
	(45, 'Penyediaan makan minum harian pasien', 0, 'OK', 2, 2, 1, 1, '2025-06-19 09:54:12', 'BucinBGMID', '2025-06-19 09:54:14', 'BucinBGMID', 1),
	(46, 'Penyelenggaraan Rapat Koordinasi dan Konsultasi', 0, 'OK', 2, 2, 1, 1, '2025-06-19 09:54:38', 'BucinBGMID', '2025-06-19 09:54:42', 'BucinBGMID', 1),
	(47, 'Penyusunan, Pengembangan, Pemeliharaan dan Pelaksanaan Sistem Informasi Kesehatan Rumah Sakit', 0, 'OK', 2, 2, 1, 1, '2025-06-19 09:55:12', 'BucinBGMID', '2025-06-19 09:55:35', 'BucinBGMID', 1),
	(48, 'Perawatan Jenazah', 0, 'OK', 2, 2, 1, 1, '2025-06-19 09:56:12', 'BucinBGMID', '2025-06-19 09:56:16', 'BucinBGMID', 1),
	(49, 'Pemasaran RS', 0, 'OK', 2, 2, 1, 1, '2025-06-19 09:56:39', 'BucinBGMID', '2025-06-19 09:56:49', 'BucinBGMID', 1),
	(50, 'Khitan Masal', 0, 'OK', 2, 2, 1, 1, '2025-06-19 09:57:15', 'BucinBGMID', '2025-06-19 09:57:22', 'BucinBGMID', 1),
	(51, 'Inhouse training dalam rangka peningkatan kompetensi pegawai', 0, 'OK', 2, 2, 1, 1, '2025-06-19 09:57:53', 'BucinBGMID', '2025-06-19 09:58:07', 'BucinBGMID', 1),
	(52, 'Sosialisasi Kepegawaian', 0, 'OK', 2, 2, 1, 1, '2025-06-19 10:00:15', 'BucinBGMID', '2025-06-19 10:00:17', 'BucinBGMID', 1),
	(53, 'Gelar Pameran', 0, 'OK', 2, 2, 1, 1, '2025-06-19 10:01:19', 'BucinBGMID', '2025-06-19 10:01:28', 'BucinBGMID', 1),
	(54, 'Sediaan Farmasi, Alat Kesehatan dan Bahan Medis Habis Pakai', 0, 'OK', 2, 2, 1, 1, '2025-06-19 10:01:55', 'BucinBGMID', '2025-06-19 10:01:57', 'BucinBGMID', 1),
	(55, 'Pengadaan alat kesehatan rumah sakit', 0, 'OK', 2, 2, 1, 1, '2025-06-19 10:04:18', 'BucinBGMID', '2025-06-19 10:04:32', 'BucinBGMID', 1),
	(56, 'Pengadaan Pakaian Dinas beserta Atribut Kelengkapannya', 0, 'OK', 2, 2, 1, 1, '2025-06-19 10:05:11', 'BucinBGMID', '2025-06-19 10:05:13', 'BucinBGMID', 1),
	(57, 'Pemasangan Kembali Membrane Lama Area Pakir Poli Rawat Jalan', 0, 'OK', 2, 2, 1, 1, '2025-06-19 10:05:36', 'BucinBGMID', '2025-06-19 10:05:42', 'BucinBGMID', 1),
	(58, 'Penyusunan Dokumen Studi Kelayakan Pengembangan Pelayanan', 0, 'OK', 2, 2, 1, 1, '2025-06-19 10:06:08', 'BucinBGMID', '2025-06-19 10:06:10', 'BucinBGMID', 1),
	(59, 'Pembinaan, Koordinasi dan evaluasi BLUD', 79200000, 'OK', 2, 2, 1, 1, '2025-06-19 10:06:46', 'BucinBGMID', '2025-07-17 15:01:04', 'superadmin', 1),
	(60, 'Perubahan Dinding Partisi Ruang Fisotherapi', 2500000, 'OK', 2, 2, 1, 1, '2025-06-19 10:07:17', 'BucinBGMID', '2025-07-29 13:47:29', 'superadmin', 1),
	(61, 'Kegiatan RS Pendidikan', 0, 'OK', 2, 2, 1, 1, '2025-06-19 10:07:45', 'BucinBGMID', '2025-06-19 10:07:55', 'BucinBGMID', 1),
	(62, 'Audit Umum atas Laporan Keuangan RSUD Sumberglagah Tahun 2024', 0, 'OK', 2, 2, 1, 1, '2025-06-19 10:08:16', 'BucinBGMID', '2025-06-19 10:08:20', 'BucinBGMID', 1),
	(63, 'Sosialisasi Perpajakan (SPT Pajak Tahunan)', 0, 'OK', 2, 2, 1, 1, '2025-06-19 10:08:42', 'BucinBGMID', '2025-06-19 10:08:45', 'BucinBGMID', 1),
	(64, 'Rehab Ruang Rapat Poli Lantai II Menjadi Ruang Komite', 0, 'OK', 2, 2, 1, 1, '2025-06-19 10:09:17', 'BucinBGMID', '2025-06-19 10:09:20', 'BucinBGMID', 1),
	(65, 'Pembuatan Pondasi Penahan Tanah Depan Gedung UKM', 119129000, 'OK', 2, 2, 1, 1, '2025-06-19 10:09:57', 'BucinBGMID', '2025-07-19 15:53:29', 'superadmin', 1),
	(66, 'Pelatihan Manajemen SPI Rumah Sakit', 10000000, 'OK', 2, 2, 1, 1, '2025-06-19 10:10:21', 'BucinBGMID', '2025-07-19 15:50:51', 'superadmin', 1),
	(67, 'Rehap Gedung Rawat Inap Anggrek Tahap II', 0, 'OK', 2, 2, 1, 1, '2025-06-19 10:10:46', 'BucinBGMID', '2025-06-19 10:11:03', 'BucinBGMID', 1),
	(68, 'Pemeliharaan Sipil, Arsitektur Gedung dan Bangunan Pelayanan', 237800000, 'OK', 2, 2, 1, 1, '2025-06-19 10:11:34', 'BucinBGMID', '2025-07-19 15:47:32', 'superadmin', 1),
	(69, 'Pemeliharaan arsitektur gedung dan bangunan pelayanan', 4099440000, 'OK', 2, 2, 1, 1, '2025-06-19 10:12:32', 'BucinBGMID', '2025-07-23 16:43:22', 'superadmin', 1),
	(70, NULL, 0, 'DRAFT', NULL, NULL, NULL, 1, '2025-07-01 18:51:29', 'administrator', '2025-07-01 18:51:30', 'administrator', 1),
	(71, NULL, 0, 'DRAFT', NULL, NULL, NULL, 1, '2025-07-08 20:08:09', 'administrator', '2025-07-08 20:08:09', 'administrator', 1);

-- Dumping structure for table budgeting.paket_belanja_detail
CREATE TABLE IF NOT EXISTS `paket_belanja_detail` (
  `idpaket_belanja_detail` int NOT NULL AUTO_INCREMENT,
  `idakun_belanja` int DEFAULT NULL,
  `idpaket_belanja` int DEFAULT NULL,
  `created` datetime DEFAULT NULL,
  `createdby` varchar(50) CHARACTER SET utf8mb4 COLLATE utf8mb4_general_ci DEFAULT NULL,
  `updated` datetime DEFAULT NULL,
  `updatedby` varchar(50) CHARACTER SET utf8mb4 COLLATE utf8mb4_general_ci DEFAULT NULL,
  `status` int DEFAULT '1',
  PRIMARY KEY (`idpaket_belanja_detail`) USING BTREE,
  KEY `status` (`status`) USING BTREE,
  KEY `tahun_anggaran_urusan` (`idpaket_belanja`) USING BTREE,
  KEY `nama_urusan` (`idakun_belanja`) USING BTREE
) ENGINE=InnoDB AUTO_INCREMENT=85 DEFAULT CHARSET=utf8mb4 COLLATE=utf8mb4_general_ci ROW_FORMAT=DYNAMIC;

-- Dumping data for table budgeting.paket_belanja_detail: ~65 rows (approximately)
INSERT INTO `paket_belanja_detail` (`idpaket_belanja_detail`, `idakun_belanja`, `idpaket_belanja`, `created`, `createdby`, `updated`, `updatedby`, `status`) VALUES
	(19, 6, 18, '2025-06-19 07:53:37', 'BucinBGMID', '2025-06-19 07:53:38', 'BucinBGMID', 1),
	(20, 6, 19, '2025-06-19 07:59:02', 'BucinBGMID', '2025-07-05 11:34:18', 'administrator', 1),
	(21, 9, 19, '2025-06-19 07:59:13', 'BucinBGMID', '2025-06-19 08:01:06', 'BucinBGMID', 0),
	(22, 6, 20, '2025-06-19 08:44:05', 'BucinBGMID', '2025-06-19 08:44:06', 'BucinBGMID', 1),
	(23, 6, 20, '2025-06-19 08:44:09', 'BucinBGMID', '2025-06-19 08:44:10', 'BucinBGMID', 1),
	(24, 6, 21, '2025-06-19 08:48:44', 'BucinBGMID', '2025-06-19 08:48:44', 'BucinBGMID', 1),
	(25, 6, 22, '2025-06-19 08:49:22', 'BucinBGMID', '2025-06-19 08:49:22', 'BucinBGMID', 1),
	(26, 6, 23, '2025-06-19 08:50:16', 'BucinBGMID', '2025-06-19 08:50:16', 'BucinBGMID', 1),
	(27, 6, 24, '2025-06-19 08:51:16', 'BucinBGMID', '2025-06-19 08:51:17', 'BucinBGMID', 1),
	(28, 7, 24, '2025-06-19 08:51:21', 'BucinBGMID', '2025-06-19 09:41:38', 'BucinBGMID', 0),
	(29, 6, 25, '2025-06-19 09:42:24', 'BucinBGMID', '2025-06-19 09:42:25', 'BucinBGMID', 1),
	(30, 7, 25, '2025-06-19 09:42:30', 'BucinBGMID', '2025-06-19 09:42:30', 'BucinBGMID', 1),
	(31, 6, 26, '2025-06-19 09:43:04', 'BucinBGMID', '2025-06-19 09:43:04', 'BucinBGMID', 1),
	(32, 6, 27, '2025-06-19 09:43:34', 'BucinBGMID', '2025-06-19 09:43:35', 'BucinBGMID', 1),
	(33, 6, 28, '2025-06-19 09:44:10', 'BucinBGMID', '2025-06-19 09:44:11', 'BucinBGMID', 1),
	(34, 6, 29, '2025-06-19 09:44:45', 'BucinBGMID', '2025-06-19 09:44:45', 'BucinBGMID', 1),
	(35, 6, 30, '2025-06-19 09:45:16', 'BucinBGMID', '2025-06-19 09:45:16', 'BucinBGMID', 1),
	(36, 6, 31, '2025-06-19 09:45:52', 'BucinBGMID', '2025-06-19 09:45:52', 'BucinBGMID', 1),
	(37, 6, 32, '2025-06-19 09:46:22', 'BucinBGMID', '2025-06-19 09:46:22', 'BucinBGMID', 1),
	(38, 6, 33, '2025-06-19 09:46:55', 'BucinBGMID', '2025-06-19 09:46:56', 'BucinBGMID', 1),
	(39, 6, 34, '2025-06-19 09:47:32', 'BucinBGMID', '2025-06-25 08:56:05', 'BucinBGMID', 1),
	(40, 6, 35, '2025-06-19 09:48:10', 'BucinBGMID', '2025-06-19 09:48:10', 'BucinBGMID', 1),
	(41, 7, 35, '2025-06-19 09:48:20', 'BucinBGMID', '2025-06-19 09:48:21', 'BucinBGMID', 1),
	(42, 6, 36, '2025-06-19 09:48:50', 'BucinBGMID', '2025-06-19 09:48:50', 'BucinBGMID', 1),
	(43, 6, 37, '2025-06-19 09:49:22', 'BucinBGMID', '2025-06-19 09:49:23', 'BucinBGMID', 1),
	(44, 6, 38, '2025-06-19 09:50:12', 'BucinBGMID', '2025-06-19 09:50:12', 'BucinBGMID', 1),
	(45, 6, 39, '2025-06-19 09:50:47', 'BucinBGMID', '2025-06-19 09:50:47', 'BucinBGMID', 1),
	(46, 6, 40, '2025-06-19 09:51:20', 'BucinBGMID', '2025-06-19 09:51:21', 'BucinBGMID', 1),
	(47, 6, 41, '2025-06-19 09:51:59', 'BucinBGMID', '2025-06-19 09:52:00', 'BucinBGMID', 1),
	(48, 6, 42, '2025-06-19 09:52:32', 'BucinBGMID', '2025-06-19 09:52:32', 'BucinBGMID', 1),
	(49, 6, 43, '2025-06-19 09:53:07', 'BucinBGMID', '2025-06-19 09:53:08', 'BucinBGMID', 1),
	(50, 6, 44, '2025-06-19 09:53:38', 'BucinBGMID', '2025-06-19 09:53:38', 'BucinBGMID', 1),
	(51, 6, 45, '2025-06-19 09:54:12', 'BucinBGMID', '2025-06-19 09:54:13', 'BucinBGMID', 1),
	(52, 6, 46, '2025-06-19 09:54:38', 'BucinBGMID', '2025-06-19 09:54:38', 'BucinBGMID', 1),
	(53, 6, 47, '2025-06-19 09:55:12', 'BucinBGMID', '2025-06-19 09:55:12', 'BucinBGMID', 1),
	(54, 7, 47, '2025-06-19 09:55:21', 'BucinBGMID', '2025-06-19 09:55:21', 'BucinBGMID', 1),
	(55, 8, 47, '2025-06-19 09:55:31', 'BucinBGMID', '2025-06-19 09:55:31', 'BucinBGMID', 1),
	(56, 6, 48, '2025-06-19 09:56:12', 'BucinBGMID', '2025-06-19 09:56:13', 'BucinBGMID', 1),
	(57, 6, 49, '2025-06-19 09:56:39', 'BucinBGMID', '2025-06-19 09:56:40', 'BucinBGMID', 1),
	(58, 7, 49, '2025-06-19 09:56:46', 'BucinBGMID', '2025-06-19 09:56:47', 'BucinBGMID', 1),
	(59, 6, 50, '2025-06-19 09:57:15', 'BucinBGMID', '2025-06-19 09:57:15', 'BucinBGMID', 1),
	(60, 6, 51, '2025-06-19 09:57:53', 'BucinBGMID', '2025-06-19 09:57:53', 'BucinBGMID', 1),
	(61, 6, 52, '2025-06-19 10:00:15', 'BucinBGMID', '2025-06-19 10:00:15', 'BucinBGMID', 1),
	(62, 6, 53, '2025-06-19 10:01:19', 'BucinBGMID', '2025-06-19 10:01:20', 'BucinBGMID', 1),
	(63, 6, 54, '2025-06-19 10:01:55', 'BucinBGMID', '2025-06-19 10:01:55', 'BucinBGMID', 1),
	(64, 6, 55, '2025-06-19 10:04:18', 'BucinBGMID', '2025-06-19 10:04:19', 'BucinBGMID', 1),
	(65, 7, 55, '2025-06-19 10:04:26', 'BucinBGMID', '2025-06-19 10:04:27', 'BucinBGMID', 1),
	(66, 6, 56, '2025-06-19 10:05:11', 'BucinBGMID', '2025-06-19 10:05:12', 'BucinBGMID', 1),
	(67, 6, 57, '2025-06-19 10:05:36', 'BucinBGMID', '2025-06-19 10:05:37', 'BucinBGMID', 1),
	(68, 6, 58, '2025-06-19 10:06:08', 'BucinBGMID', '2025-06-19 10:06:09', 'BucinBGMID', 1),
	(69, 6, 59, '2025-06-19 10:06:46', 'BucinBGMID', '2025-06-19 10:06:47', 'BucinBGMID', 1),
	(70, 6, 60, '2025-06-19 10:07:17', 'BucinBGMID', '2025-06-19 10:07:18', 'BucinBGMID', 1),
	(71, 6, 61, '2025-06-19 10:07:45', 'BucinBGMID', '2025-06-19 10:07:46', 'BucinBGMID', 1),
	(72, 7, 61, '2025-06-19 10:07:51', 'BucinBGMID', '2025-06-19 10:07:51', 'BucinBGMID', 1),
	(73, 6, 62, '2025-06-19 10:08:16', 'BucinBGMID', '2025-06-19 10:08:17', 'BucinBGMID', 1),
	(74, 6, 63, '2025-06-19 10:08:42', 'BucinBGMID', '2025-06-19 10:08:42', 'BucinBGMID', 1),
	(75, 6, 64, '2025-06-19 10:09:17', 'BucinBGMID', '2025-06-19 10:09:17', 'BucinBGMID', 1),
	(76, 8, 65, '2025-06-19 10:09:57', 'BucinBGMID', '2025-06-19 10:09:58', 'BucinBGMID', 1),
	(77, 6, 66, '2025-06-19 10:10:21', 'BucinBGMID', '2025-06-19 10:10:22', 'BucinBGMID', 1),
	(78, 6, 67, '2025-06-19 10:10:46', 'BucinBGMID', '2025-06-19 10:10:47', 'BucinBGMID', 1),
	(79, 9, 67, '2025-06-19 10:10:52', 'BucinBGMID', '2025-06-19 10:10:52', 'BucinBGMID', 1),
	(80, 6, 68, '2025-06-19 10:11:34', 'BucinBGMID', '2025-06-19 10:11:34', 'BucinBGMID', 1),
	(81, 6, 69, '2025-06-19 10:12:32', 'BucinBGMID', '2025-06-19 10:12:32', 'BucinBGMID', 1),
	(82, 7, 20, '2025-06-26 11:36:14', 'administrator', '2025-07-08 20:16:44', 'administrator', 0),
	(83, 6, 19, '2025-07-05 11:19:57', 'administrator', '2025-07-05 11:20:04', 'administrator', 0),
	(84, 6, 69, '2025-07-10 10:18:47', 'administrator', '2025-07-10 10:21:24', 'administrator', 0);

-- Dumping structure for table budgeting.paket_belanja_detail_sub
CREATE TABLE IF NOT EXISTS `paket_belanja_detail_sub` (
  `idpaket_belanja_detail_sub` int NOT NULL AUTO_INCREMENT,
  `idkategori` int DEFAULT NULL,
  `idsub_kategori` int DEFAULT NULL,
  `idpaket_belanja_detail` int DEFAULT NULL COMMENT 'turunan dari tabel paket_belanja detail berdasarkan idpaket_belanja_detail',
  `is_idpaket_belanja_detail_sub` int DEFAULT NULL COMMENT 'terisi jika data ini turunan dari kategori, mengacu pada kolom idpaket_belanja_detail_sub',
  `volume` double DEFAULT NULL,
  `idsatuan` int DEFAULT NULL,
  `harga_satuan` double DEFAULT NULL,
  `jumlah` double DEFAULT NULL,
  `is_kategori` int DEFAULT NULL COMMENT 'bernilai 1 jika termasuk kategori',
  `is_subkategori` int DEFAULT NULL COMMENT 'bernilai 1 jika termasuk sub kategori',
  `rak_volume_januari` double DEFAULT NULL,
  `rak_jumlah_januari` double DEFAULT NULL,
  `rak_volume_februari` double DEFAULT NULL,
  `rak_jumlah_februari` double DEFAULT NULL,
  `rak_volume_maret` double DEFAULT NULL,
  `rak_jumlah_maret` double DEFAULT NULL,
  `rak_volume_april` double DEFAULT NULL,
  `rak_jumlah_april` double DEFAULT NULL,
  `rak_volume_mei` double DEFAULT NULL,
  `rak_jumlah_mei` double DEFAULT NULL,
  `rak_volume_juni` double DEFAULT NULL,
  `rak_jumlah_juni` double DEFAULT NULL,
  `rak_volume_juli` double DEFAULT NULL,
  `rak_jumlah_juli` double DEFAULT NULL,
  `rak_volume_agustus` double DEFAULT NULL,
  `rak_jumlah_agustus` double DEFAULT NULL,
  `rak_volume_september` double DEFAULT NULL,
  `rak_jumlah_september` double DEFAULT NULL,
  `rak_volume_oktober` double DEFAULT NULL,
  `rak_jumlah_oktober` double unsigned DEFAULT NULL,
  `rak_volume_november` double DEFAULT NULL,
  `rak_jumlah_november` double DEFAULT NULL,
  `rak_volume_desember` double DEFAULT NULL,
  `rak_jumlah_desember` double DEFAULT NULL,
  `created` datetime DEFAULT NULL,
  `createdby` varchar(50) CHARACTER SET utf8mb4 COLLATE utf8mb4_general_ci DEFAULT NULL,
  `updated` datetime DEFAULT NULL,
  `updatedby` varchar(50) CHARACTER SET utf8mb4 COLLATE utf8mb4_general_ci DEFAULT NULL,
  `status` int DEFAULT '1',
  PRIMARY KEY (`idpaket_belanja_detail_sub`) USING BTREE,
  KEY `status` (`status`) USING BTREE,
  KEY `nama_urusan` (`idkategori`) USING BTREE,
  KEY `is_kategori` (`is_kategori`),
  KEY `is_subkategori` (`is_subkategori`),
  KEY `idsub_kategori` (`idsub_kategori`),
  KEY `idakun_belanja` (`idpaket_belanja_detail`) USING BTREE,
  KEY `volume` (`volume`),
  KEY `idsatuan` (`idsatuan`),
  KEY `harga_satuan` (`harga_satuan`),
  KEY `jumlah` (`jumlah`),
  KEY `is_idpaket_belanja_detail_sub` (`is_idpaket_belanja_detail_sub`)
) ENGINE=InnoDB AUTO_INCREMENT=296 DEFAULT CHARSET=utf8mb4 COLLATE=utf8mb4_general_ci ROW_FORMAT=DYNAMIC;

-- Dumping data for table budgeting.paket_belanja_detail_sub: ~181 rows (approximately)
INSERT INTO `paket_belanja_detail_sub` (`idpaket_belanja_detail_sub`, `idkategori`, `idsub_kategori`, `idpaket_belanja_detail`, `is_idpaket_belanja_detail_sub`, `volume`, `idsatuan`, `harga_satuan`, `jumlah`, `is_kategori`, `is_subkategori`, `rak_volume_januari`, `rak_jumlah_januari`, `rak_volume_februari`, `rak_jumlah_februari`, `rak_volume_maret`, `rak_jumlah_maret`, `rak_volume_april`, `rak_jumlah_april`, `rak_volume_mei`, `rak_jumlah_mei`, `rak_volume_juni`, `rak_jumlah_juni`, `rak_volume_juli`, `rak_jumlah_juli`, `rak_volume_agustus`, `rak_jumlah_agustus`, `rak_volume_september`, `rak_jumlah_september`, `rak_volume_oktober`, `rak_jumlah_oktober`, `rak_volume_november`, `rak_jumlah_november`, `rak_volume_desember`, `rak_jumlah_desember`, `created`, `createdby`, `updated`, `updatedby`, `status`) VALUES
	(86, NULL, 16, 20, NULL, 24, 29, 495000, 11880000, 0, 1, NULL, NULL, 4, 1980000, 2, 990000, 2, 990000, 2, 990000, 2, 990000, 2, 990000, 2, 990000, 2, 990000, 2, 990000, 2, 990000, 2, 990000, '2025-06-23 09:19:39', 'BucinBGMID', '2025-07-08 20:03:25', 'administrator', 1),
	(87, NULL, 17, 20, NULL, 12, 29, 1547250, 18567000, 0, 1, NULL, NULL, 2, 3094500, 1, 1547250, 1, 1547250, 1, 1547250, 1, 1547250, 1, 1547250, 1, 1547250, 1, 1547250, 1, 1547250, 1, 1547250, 1, 1547250, '2025-06-23 09:26:06', 'BucinBGMID', '2025-07-08 20:04:06', 'administrator', 1),
	(88, NULL, 18, 20, NULL, 12, 29, 1090000, 13080000, 0, 1, NULL, NULL, 2, 2180000, 1, 1090000, 1, 1090000, 1, 1090000, 1, 1090000, 1, 1090000, 1, 1090000, 1, 1090000, 1, 1090000, 1, 1090000, 1, 1090000, '2025-06-23 09:26:32', 'BucinBGMID', '2025-07-08 20:04:46', 'administrator', 1),
	(89, NULL, 19, 20, NULL, 24, 29, 125000, 3000000, 0, 1, NULL, NULL, 4, 500000, 2, 250000, 2, 250000, 2, 250000, 2, 250000, 2, 250000, 2, 250000, 2, 250000, 2, 250000, 2, 250000, 2, 250000, '2025-06-23 09:27:03', 'BucinBGMID', '2025-07-08 20:05:19', 'administrator', 1),
	(90, NULL, 20, 20, NULL, 24, 29, 100000, 2400000, 0, 1, NULL, NULL, 4, 400000, 2, 200000, 2, 200000, 2, 200000, 2, 200000, 2, 200000, 2, 200000, 2, 200000, 2, 200000, 2, 200000, 2, 200000, '2025-06-23 09:27:30', 'BucinBGMID', '2025-07-08 20:05:36', 'administrator', 1),
	(91, NULL, 21, 20, NULL, 24, 29, 100000, 2400000, 0, 1, NULL, NULL, 4, 400000, 2, 200000, 2, 200000, 2, 200000, 2, 200000, 2, 200000, 2, 200000, 2, 200000, 2, 200000, 2, 200000, 2, 200000, '2025-06-23 09:27:54', 'BucinBGMID', '2025-07-08 20:06:12', 'administrator', 1),
	(92, 10, NULL, 22, NULL, NULL, NULL, NULL, NULL, 1, 0, NULL, NULL, NULL, NULL, NULL, NULL, NULL, NULL, NULL, NULL, NULL, NULL, NULL, NULL, NULL, NULL, NULL, NULL, NULL, NULL, NULL, NULL, NULL, NULL, '2025-06-23 10:04:32', 'BucinBGMID', '2025-06-25 08:42:04', 'BucinBGMID', 1),
	(94, NULL, 22, NULL, 92, 8, 29, 2300000, 18400000, 0, 1, NULL, NULL, 1, 2300000, NULL, NULL, 1, 2300000, NULL, NULL, 1, 2300000, NULL, NULL, 1, 2300000, 1, 2300000, 1, 2300000, 1, 2300000, 1, 2300000, '2025-06-23 10:51:25', 'BucinBGMID', '2025-07-08 20:14:14', 'administrator', 1),
	(95, NULL, 23, NULL, 92, 8, 29, 125000, 1000000, 0, 1, NULL, NULL, 1, 125000, NULL, NULL, 1, 125000, NULL, NULL, 1, 125000, NULL, NULL, 1, 125000, 1, 125000, 1, 125000, 1, 125000, 1, 125000, '2025-06-23 11:06:02', 'BucinBGMID', '2025-07-08 20:15:08', 'administrator', 1),
	(96, NULL, 24, NULL, 92, 16, 29, 2000000, 32000000, 0, 1, NULL, NULL, 2, 4000000, NULL, NULL, 2, 4000000, NULL, NULL, 2, 4000000, NULL, NULL, 2, 4000000, 2, 4000000, 2, 4000000, 2, 4000000, 2, 4000000, '2025-06-23 11:06:26', 'BucinBGMID', '2025-07-08 20:15:46', 'administrator', 1),
	(97, NULL, 25, 23, NULL, 160, 30, 40000, 6400000, 0, 1, NULL, NULL, 20, 800000, NULL, NULL, 20, 800000, NULL, NULL, 20, 800000, NULL, NULL, 20, 800000, 20, 800000, 20, 800000, 20, 800000, 20, 800000, '2025-06-23 11:06:54', 'BucinBGMID', '2025-07-08 20:17:34', 'administrator', 1),
	(98, NULL, 26, 23, NULL, 160, 30, 20000, 3200000, 0, 1, NULL, NULL, 20, 400000, NULL, NULL, 20, 400000, NULL, NULL, 20, 400000, NULL, NULL, 20, 400000, 20, 400000, 20, 400000, 20, 400000, 20, 400000, '2025-06-23 11:07:24', 'BucinBGMID', '2025-07-08 20:18:02', 'administrator', 1),
	(99, NULL, 27, 23, NULL, 8, 30, 410000, 3280000, 0, 1, NULL, NULL, 3, 1230000, NULL, NULL, 3, 1230000, NULL, NULL, NULL, NULL, NULL, NULL, NULL, NULL, 2, 820000, NULL, NULL, NULL, NULL, NULL, NULL, '2025-06-23 11:07:46', 'BucinBGMID', '2025-07-08 20:18:47', 'administrator', 1),
	(100, NULL, 28, 23, NULL, 8, 30, 300000, 2400000, 0, 1, NULL, NULL, 3, 900000, NULL, NULL, 3, 900000, NULL, NULL, NULL, NULL, NULL, NULL, NULL, NULL, 2, 600000, NULL, NULL, NULL, NULL, NULL, NULL, '2025-06-23 11:08:07', 'BucinBGMID', '2025-07-08 20:19:19', 'administrator', 1),
	(101, NULL, 29, 24, NULL, 1, 31, 1000000, 1000000, 0, 1, NULL, NULL, NULL, NULL, NULL, NULL, NULL, NULL, NULL, NULL, 1, 1000000, NULL, NULL, NULL, NULL, NULL, NULL, NULL, NULL, NULL, NULL, NULL, NULL, '2025-06-23 11:35:19', 'BucinBGMID', '2025-07-19 10:39:08', 'superadmin', 1),
	(102, NULL, 30, 24, NULL, 2640, 32, 15000, 39600000, 0, 1, 61, 915000, 151, 2265000, 169, 2535000, 259, 3885000, 286, 4290000, 260, 3900000, NULL, NULL, NULL, NULL, NULL, NULL, NULL, NULL, NULL, NULL, NULL, NULL, '2025-06-23 11:35:42', 'BucinBGMID', '2025-07-19 10:40:38', 'superadmin', 1),
	(103, 11, NULL, 26, NULL, NULL, NULL, NULL, NULL, 1, 0, NULL, NULL, NULL, NULL, NULL, NULL, NULL, NULL, NULL, NULL, NULL, NULL, NULL, NULL, NULL, NULL, NULL, NULL, NULL, NULL, NULL, NULL, NULL, NULL, '2025-06-23 11:38:32', 'BucinBGMID', '2025-06-25 08:42:04', 'BucinBGMID', 1),
	(104, 12, NULL, 26, NULL, NULL, NULL, NULL, NULL, 1, 0, NULL, NULL, NULL, NULL, NULL, NULL, NULL, NULL, NULL, NULL, NULL, NULL, NULL, NULL, NULL, NULL, NULL, NULL, NULL, NULL, NULL, NULL, NULL, NULL, '2025-06-23 11:38:45', 'BucinBGMID', '2025-06-25 08:42:04', 'BucinBGMID', 1),
	(105, 13, NULL, 26, NULL, NULL, NULL, NULL, NULL, 1, 0, NULL, NULL, NULL, NULL, NULL, NULL, NULL, NULL, NULL, NULL, NULL, NULL, NULL, NULL, NULL, NULL, NULL, NULL, NULL, NULL, NULL, NULL, NULL, NULL, '2025-06-23 11:38:56', 'BucinBGMID', '2025-06-25 08:42:04', 'BucinBGMID', 1),
	(106, 14, NULL, 26, NULL, NULL, NULL, NULL, NULL, 1, 0, NULL, NULL, NULL, NULL, NULL, NULL, NULL, NULL, NULL, NULL, NULL, NULL, NULL, NULL, NULL, NULL, NULL, NULL, NULL, NULL, NULL, NULL, NULL, NULL, '2025-06-23 11:39:07', 'BucinBGMID', '2025-06-25 08:42:04', 'BucinBGMID', 1),
	(107, 12, NULL, 26, NULL, NULL, NULL, NULL, NULL, 1, 0, NULL, NULL, NULL, NULL, NULL, NULL, NULL, NULL, NULL, NULL, NULL, NULL, NULL, NULL, NULL, NULL, NULL, NULL, NULL, NULL, NULL, NULL, NULL, NULL, '2025-06-23 11:39:18', 'BucinBGMID', '2025-06-25 08:42:04', 'BucinBGMID', 1),
	(108, 13, NULL, 26, NULL, NULL, NULL, NULL, NULL, 1, 0, NULL, NULL, NULL, NULL, NULL, NULL, NULL, NULL, NULL, NULL, NULL, NULL, NULL, NULL, NULL, NULL, NULL, NULL, NULL, NULL, NULL, NULL, NULL, NULL, '2025-06-23 11:39:28', 'BucinBGMID', '2025-06-25 08:42:04', 'BucinBGMID', 1),
	(109, NULL, 31, NULL, 103, 96, 29, 3046200, 292435200, 0, 1, NULL, NULL, NULL, NULL, NULL, NULL, NULL, NULL, NULL, NULL, NULL, NULL, NULL, NULL, NULL, NULL, NULL, NULL, NULL, NULL, NULL, NULL, NULL, NULL, '2025-06-23 11:42:19', 'BucinBGMID', '2025-06-23 11:42:20', 'BucinBGMID', 1),
	(110, NULL, 32, NULL, 103, 156, 29, 3809500, 594282000, 0, 1, NULL, NULL, NULL, NULL, NULL, NULL, NULL, NULL, NULL, NULL, NULL, NULL, NULL, NULL, NULL, NULL, NULL, NULL, NULL, NULL, NULL, NULL, NULL, NULL, '2025-06-23 11:43:32', 'BucinBGMID', '2025-06-23 11:43:32', 'BucinBGMID', 1),
	(111, NULL, 33, NULL, 103, 24, 29, 3186400, 76473600, 0, 1, NULL, NULL, NULL, NULL, NULL, NULL, NULL, NULL, NULL, NULL, NULL, NULL, NULL, NULL, NULL, NULL, NULL, NULL, NULL, NULL, NULL, NULL, NULL, NULL, '2025-06-23 11:44:06', 'BucinBGMID', '2025-06-23 11:44:07', 'BucinBGMID', 1),
	(112, NULL, 34, NULL, 104, 8, 29, 2386200, 19089600, 0, 1, NULL, NULL, NULL, NULL, NULL, NULL, NULL, NULL, NULL, NULL, NULL, NULL, NULL, NULL, NULL, NULL, NULL, NULL, NULL, NULL, NULL, NULL, NULL, NULL, '2025-06-23 11:44:43', 'BucinBGMID', '2025-06-23 11:44:43', 'BucinBGMID', 1),
	(113, NULL, 35, NULL, 104, 13, 29, 3149500, 40943500, 0, 1, NULL, NULL, NULL, NULL, NULL, NULL, NULL, NULL, NULL, NULL, NULL, NULL, NULL, NULL, NULL, NULL, NULL, NULL, NULL, NULL, NULL, NULL, NULL, NULL, '2025-06-23 11:45:20', 'BucinBGMID', '2025-06-23 11:45:20', 'BucinBGMID', 1),
	(114, NULL, 36, NULL, 104, 2, 29, 2526400, 5052800, 0, 1, NULL, NULL, NULL, NULL, NULL, NULL, NULL, NULL, NULL, NULL, NULL, NULL, NULL, NULL, NULL, NULL, NULL, NULL, NULL, NULL, NULL, NULL, NULL, NULL, '2025-06-23 11:45:50', 'BucinBGMID', '2025-06-23 11:45:50', 'BucinBGMID', 1),
	(115, NULL, 37, NULL, 105, 23, 33, 1200000, 27600000, 0, 1, NULL, NULL, NULL, NULL, NULL, NULL, NULL, NULL, NULL, NULL, NULL, NULL, NULL, NULL, NULL, NULL, NULL, NULL, NULL, NULL, NULL, NULL, NULL, NULL, '2025-06-23 11:46:17', 'BucinBGMID', '2025-06-23 11:46:18', 'BucinBGMID', 1),
	(116, NULL, 38, NULL, 106, 528, 29, 3209500, 1694616000, 0, 1, NULL, NULL, NULL, NULL, NULL, NULL, NULL, NULL, NULL, NULL, NULL, NULL, NULL, NULL, NULL, NULL, NULL, NULL, NULL, NULL, NULL, NULL, NULL, NULL, '2025-06-23 13:21:08', 'BucinBGMID', '2025-06-23 13:21:09', 'BucinBGMID', 1),
	(117, NULL, 39, NULL, 106, 48, 29, 3046200, 146217600, 0, 1, NULL, NULL, NULL, NULL, NULL, NULL, NULL, NULL, NULL, NULL, NULL, NULL, NULL, NULL, NULL, NULL, NULL, NULL, NULL, NULL, NULL, NULL, NULL, NULL, '2025-06-23 13:21:51', 'BucinBGMID', '2025-06-23 13:21:51', 'BucinBGMID', 1),
	(118, NULL, 32, NULL, 106, 156, 29, 3809500, 594282000, 0, 1, NULL, NULL, NULL, NULL, NULL, NULL, NULL, NULL, NULL, NULL, NULL, NULL, NULL, NULL, NULL, NULL, NULL, NULL, NULL, NULL, NULL, NULL, NULL, NULL, '2025-06-23 13:25:13', 'BucinBGMID', '2025-06-23 13:25:14', 'BucinBGMID', 1),
	(119, NULL, 41, NULL, 107, 44, 29, 2549500, 112178000, 0, 1, NULL, NULL, NULL, NULL, NULL, NULL, NULL, NULL, NULL, NULL, NULL, NULL, NULL, NULL, NULL, NULL, NULL, NULL, NULL, NULL, NULL, NULL, NULL, NULL, '2025-06-23 13:27:01', 'BucinBGMID', '2025-06-23 13:27:02', 'BucinBGMID', 1),
	(120, NULL, 42, NULL, 107, 4, 29, 2386200, 9544800, 0, 1, NULL, NULL, NULL, NULL, NULL, NULL, NULL, NULL, NULL, NULL, NULL, NULL, NULL, NULL, NULL, NULL, NULL, NULL, NULL, NULL, NULL, NULL, NULL, NULL, '2025-06-23 13:27:36', 'BucinBGMID', '2025-06-23 13:27:36', 'BucinBGMID', 1),
	(121, NULL, 35, NULL, 107, 13, 29, 3149500, 40943500, 0, 1, NULL, NULL, NULL, NULL, NULL, NULL, NULL, NULL, NULL, NULL, NULL, NULL, NULL, NULL, NULL, NULL, NULL, NULL, NULL, NULL, NULL, NULL, NULL, NULL, '2025-06-23 13:28:09', 'BucinBGMID', '2025-06-23 13:28:09', 'BucinBGMID', 1),
	(122, NULL, 43, NULL, 108, 61, 33, 1200000, 73200000, 0, 1, NULL, NULL, NULL, NULL, NULL, NULL, NULL, NULL, NULL, NULL, NULL, NULL, NULL, NULL, NULL, NULL, NULL, NULL, NULL, NULL, NULL, NULL, NULL, NULL, '2025-06-23 13:29:11', 'BucinBGMID', '2025-06-23 13:29:12', 'BucinBGMID', 1),
	(123, NULL, 44, 26, NULL, 1008, 29, 12300, 12398400, 0, 1, NULL, NULL, NULL, NULL, NULL, NULL, NULL, NULL, NULL, NULL, NULL, NULL, NULL, NULL, NULL, NULL, NULL, NULL, NULL, NULL, NULL, NULL, NULL, NULL, '2025-06-23 13:31:22', 'BucinBGMID', '2025-06-25 08:42:04', 'BucinBGMID', 1),
	(124, NULL, 45, 26, NULL, 1008, 29, 15300, 15422400, 0, 1, NULL, NULL, NULL, NULL, NULL, NULL, NULL, NULL, NULL, NULL, NULL, NULL, NULL, NULL, NULL, NULL, NULL, NULL, NULL, NULL, NULL, NULL, NULL, NULL, '2025-06-23 13:31:50', 'BucinBGMID', '2025-06-25 08:42:04', 'BucinBGMID', 1),
	(125, NULL, 46, 26, NULL, 1008, 29, 203500, 205128000, 0, 1, NULL, NULL, NULL, NULL, NULL, NULL, NULL, NULL, NULL, NULL, NULL, NULL, NULL, NULL, NULL, NULL, NULL, NULL, NULL, NULL, NULL, NULL, NULL, NULL, '2025-06-23 13:32:16', 'BucinBGMID', '2025-06-25 08:42:04', 'BucinBGMID', 1),
	(126, NULL, 47, 26, NULL, 1008, 29, 101800, 102614400, 0, 1, NULL, NULL, NULL, NULL, NULL, NULL, NULL, NULL, NULL, NULL, NULL, NULL, NULL, NULL, NULL, NULL, NULL, NULL, NULL, NULL, NULL, NULL, NULL, NULL, '2025-06-23 13:32:41', 'BucinBGMID', '2025-06-25 08:42:04', 'BucinBGMID', 1),
	(127, NULL, 48, 26, NULL, 1008, 29, 188300, 189806400, 0, 1, NULL, NULL, NULL, NULL, NULL, NULL, NULL, NULL, NULL, NULL, NULL, NULL, NULL, NULL, NULL, NULL, NULL, NULL, NULL, NULL, NULL, NULL, NULL, NULL, '2025-06-23 13:33:07', 'BucinBGMID', '2025-06-25 08:42:04', 'BucinBGMID', 1),
	(128, NULL, 49, 27, NULL, 500, 30, 44000, 22000000, 0, 1, NULL, NULL, NULL, NULL, NULL, NULL, NULL, NULL, NULL, NULL, NULL, NULL, NULL, NULL, NULL, NULL, NULL, NULL, NULL, NULL, NULL, NULL, NULL, NULL, '2025-06-23 13:35:16', 'BucinBGMID', '2025-06-25 08:42:04', 'BucinBGMID', 1),
	(129, NULL, 50, 27, NULL, 500, 30, 23000, 11500000, 0, 1, NULL, NULL, NULL, NULL, NULL, NULL, NULL, NULL, NULL, NULL, NULL, NULL, NULL, NULL, NULL, NULL, NULL, NULL, NULL, NULL, NULL, NULL, NULL, NULL, '2025-06-23 13:35:54', 'BucinBGMID', '2025-06-25 08:42:04', 'BucinBGMID', 1),
	(130, NULL, 52, 29, NULL, 960, 30, 15000, 14400000, 0, 1, NULL, NULL, NULL, NULL, NULL, NULL, NULL, NULL, NULL, NULL, NULL, NULL, NULL, NULL, NULL, NULL, NULL, NULL, NULL, NULL, NULL, NULL, NULL, NULL, '2025-06-23 15:47:50', 'BucinBGMID', '2025-06-25 08:42:04', 'BucinBGMID', 1),
	(131, NULL, 53, 29, NULL, 30, 30, 35000, 1050000, 0, 1, NULL, NULL, NULL, NULL, NULL, NULL, NULL, NULL, NULL, NULL, NULL, NULL, NULL, NULL, NULL, NULL, NULL, NULL, NULL, NULL, NULL, NULL, NULL, NULL, '2025-06-23 15:48:08', 'BucinBGMID', '2025-06-25 08:42:04', 'BucinBGMID', 1),
	(132, NULL, 54, 29, NULL, 50, 34, 30000, 1500000, 0, 1, NULL, NULL, NULL, NULL, NULL, NULL, NULL, NULL, NULL, NULL, NULL, NULL, NULL, NULL, NULL, NULL, NULL, NULL, NULL, NULL, NULL, NULL, NULL, NULL, '2025-06-23 15:48:24', 'BucinBGMID', '2025-06-25 08:42:04', 'BucinBGMID', 1),
	(133, NULL, 55, 29, NULL, 1000, 34, 7000, 7000000, 0, 1, NULL, NULL, NULL, NULL, NULL, NULL, NULL, NULL, NULL, NULL, NULL, NULL, NULL, NULL, NULL, NULL, NULL, NULL, NULL, NULL, NULL, NULL, NULL, NULL, '2025-06-23 15:48:44', 'BucinBGMID', '2025-06-25 08:42:04', 'BucinBGMID', 1),
	(134, NULL, 56, 29, NULL, 50, 34, 200000, 10000000, 0, 1, NULL, NULL, NULL, NULL, NULL, NULL, NULL, NULL, NULL, NULL, NULL, NULL, NULL, NULL, NULL, NULL, NULL, NULL, NULL, NULL, NULL, NULL, NULL, NULL, '2025-06-23 15:48:59', 'BucinBGMID', '2025-06-25 08:42:04', 'BucinBGMID', 1),
	(135, NULL, 57, 29, NULL, 6, 34, 20000, 120000, 0, 1, NULL, NULL, NULL, NULL, NULL, NULL, NULL, NULL, NULL, NULL, NULL, NULL, NULL, NULL, NULL, NULL, NULL, NULL, NULL, NULL, NULL, NULL, NULL, NULL, '2025-06-23 15:49:15', 'BucinBGMID', '2025-06-25 08:42:04', 'BucinBGMID', 1),
	(136, NULL, 58, 29, NULL, 8, 35, 25000, 200000, 0, 1, NULL, NULL, NULL, NULL, NULL, NULL, NULL, NULL, NULL, NULL, NULL, NULL, NULL, NULL, NULL, NULL, NULL, NULL, NULL, NULL, NULL, NULL, NULL, NULL, '2025-06-23 15:49:33', 'BucinBGMID', '2025-06-25 08:42:04', 'BucinBGMID', 1),
	(137, NULL, 59, 29, NULL, 1, 36, 2761000, 2761000, 0, 1, NULL, NULL, NULL, NULL, NULL, NULL, NULL, NULL, NULL, NULL, NULL, NULL, NULL, NULL, NULL, NULL, NULL, NULL, NULL, NULL, NULL, NULL, NULL, NULL, '2025-06-23 15:49:54', 'BucinBGMID', '2025-06-25 08:42:04', 'BucinBGMID', 1),
	(138, NULL, 60, 29, NULL, 5, 35, 70000, 350000, 0, 1, NULL, NULL, NULL, NULL, NULL, NULL, NULL, NULL, NULL, NULL, NULL, NULL, NULL, NULL, NULL, NULL, NULL, NULL, NULL, NULL, NULL, NULL, NULL, NULL, '2025-06-23 15:50:08', 'BucinBGMID', '2025-06-25 08:42:04', 'BucinBGMID', 1),
	(139, NULL, 61, 29, NULL, 2, 34, 150000, 300000, 0, 1, NULL, NULL, NULL, NULL, NULL, NULL, NULL, NULL, NULL, NULL, NULL, NULL, NULL, NULL, NULL, NULL, NULL, NULL, NULL, NULL, NULL, NULL, NULL, NULL, '2025-06-23 15:50:23', 'BucinBGMID', '2025-06-25 08:42:04', 'BucinBGMID', 1),
	(140, NULL, 62, 29, NULL, 1, 34, 795000, 795000, 0, 1, NULL, NULL, NULL, NULL, NULL, NULL, NULL, NULL, NULL, NULL, NULL, NULL, NULL, NULL, NULL, NULL, NULL, NULL, NULL, NULL, NULL, NULL, NULL, NULL, '2025-06-23 15:50:39', 'BucinBGMID', '2025-06-25 08:42:04', 'BucinBGMID', 1),
	(141, NULL, 63, 29, NULL, 0, 36, 2300000, 0, 0, 1, NULL, NULL, NULL, NULL, NULL, NULL, NULL, NULL, NULL, NULL, NULL, NULL, NULL, NULL, NULL, NULL, NULL, NULL, NULL, NULL, NULL, NULL, NULL, NULL, '2025-06-23 15:51:18', 'BucinBGMID', '2025-06-25 08:42:04', 'BucinBGMID', 1),
	(142, NULL, 64, 29, NULL, 2, 36, 6800000, 13600000, 0, 1, NULL, NULL, NULL, NULL, NULL, NULL, NULL, NULL, NULL, NULL, NULL, NULL, NULL, NULL, NULL, NULL, NULL, NULL, NULL, NULL, NULL, NULL, NULL, NULL, '2025-06-23 15:51:45', 'BucinBGMID', '2025-06-25 08:42:04', 'BucinBGMID', 1),
	(143, NULL, 65, 29, NULL, 5, 36, 1700000, 8500000, 0, 1, NULL, NULL, NULL, NULL, NULL, NULL, NULL, NULL, NULL, NULL, NULL, NULL, NULL, NULL, NULL, NULL, NULL, NULL, NULL, NULL, NULL, NULL, NULL, NULL, '2025-06-23 15:52:06', 'BucinBGMID', '2025-06-25 08:42:04', 'BucinBGMID', 1),
	(144, NULL, 66, 29, NULL, 20, 37, 100000, 2000000, 0, 1, NULL, NULL, NULL, NULL, NULL, NULL, NULL, NULL, NULL, NULL, NULL, NULL, NULL, NULL, NULL, NULL, NULL, NULL, NULL, NULL, NULL, NULL, NULL, NULL, '2025-06-23 15:52:27', 'BucinBGMID', '2025-06-25 08:42:04', 'BucinBGMID', 1),
	(145, NULL, 67, 30, NULL, 20, 34, 650000, 13000000, 0, 1, NULL, NULL, NULL, NULL, NULL, NULL, NULL, NULL, NULL, NULL, NULL, NULL, NULL, NULL, NULL, NULL, NULL, NULL, NULL, NULL, NULL, NULL, NULL, NULL, '2025-06-23 15:52:46', 'BucinBGMID', '2025-06-25 08:42:04', 'BucinBGMID', 1),
	(146, NULL, 68, 30, NULL, 1, 38, 26000000, 26000000, 0, 1, NULL, NULL, NULL, NULL, NULL, NULL, NULL, NULL, NULL, NULL, NULL, NULL, NULL, NULL, NULL, NULL, NULL, NULL, NULL, NULL, NULL, NULL, NULL, NULL, '2025-06-23 15:53:05', 'BucinBGMID', '2025-06-25 08:42:04', 'BucinBGMID', 1),
	(147, NULL, 69, 30, NULL, 1, 34, 2000000, 2000000, 0, 1, NULL, NULL, NULL, NULL, NULL, NULL, NULL, NULL, NULL, NULL, NULL, NULL, NULL, NULL, NULL, NULL, NULL, NULL, NULL, NULL, NULL, NULL, NULL, NULL, '2025-06-23 15:53:18', 'BucinBGMID', '2025-06-25 08:42:04', 'BucinBGMID', 1),
	(148, NULL, 70, 31, NULL, 24, 29, 5570000, 133680000, 0, 1, NULL, NULL, NULL, NULL, NULL, NULL, NULL, NULL, NULL, NULL, NULL, NULL, NULL, NULL, NULL, NULL, NULL, NULL, NULL, NULL, NULL, NULL, NULL, NULL, '2025-06-24 08:54:39', 'BucinBGMID', '2025-06-25 08:42:04', 'BucinBGMID', 1),
	(149, NULL, 71, 31, NULL, 396, 29, 5477000, 2168892000, 0, 1, NULL, NULL, NULL, NULL, NULL, NULL, NULL, NULL, NULL, NULL, NULL, NULL, NULL, NULL, NULL, NULL, NULL, NULL, NULL, NULL, NULL, NULL, NULL, NULL, '2025-06-24 08:55:36', 'BucinBGMID', '2025-06-25 08:42:04', 'BucinBGMID', 1),
	(150, NULL, 72, 31, NULL, 1, 31, 100000000, 100000000, 0, 1, NULL, NULL, NULL, NULL, NULL, NULL, NULL, NULL, NULL, NULL, NULL, NULL, NULL, NULL, NULL, NULL, NULL, NULL, NULL, NULL, NULL, NULL, NULL, NULL, '2025-06-24 08:55:51', 'BucinBGMID', '2025-06-25 08:42:04', 'BucinBGMID', 1),
	(151, NULL, 73, 31, NULL, 1, 31, 20000000, 20000000, 0, 1, NULL, NULL, NULL, NULL, NULL, NULL, NULL, NULL, NULL, NULL, NULL, NULL, NULL, NULL, NULL, NULL, NULL, NULL, NULL, NULL, NULL, NULL, NULL, NULL, '2025-06-24 08:56:08', 'BucinBGMID', '2025-06-25 08:42:04', 'BucinBGMID', 1),
	(152, NULL, 74, 32, NULL, 144, 29, 5971000, 859824000, 0, 1, NULL, NULL, NULL, NULL, NULL, NULL, NULL, NULL, NULL, NULL, NULL, NULL, NULL, NULL, NULL, NULL, NULL, NULL, NULL, NULL, NULL, NULL, NULL, NULL, '2025-06-24 08:59:24', 'BucinBGMID', '2025-06-25 08:42:04', 'BucinBGMID', 1),
	(153, NULL, 75, 32, NULL, 12, 39, 1007000, 12084000, 0, 1, NULL, NULL, NULL, NULL, NULL, NULL, NULL, NULL, NULL, NULL, NULL, NULL, NULL, NULL, NULL, NULL, NULL, NULL, NULL, NULL, NULL, NULL, NULL, NULL, '2025-06-24 08:59:41', 'BucinBGMID', '2025-06-25 08:42:04', 'BucinBGMID', 1),
	(154, NULL, 76, 32, NULL, 5, 34, 300000, 1500000, 0, 1, NULL, NULL, NULL, NULL, NULL, NULL, NULL, NULL, NULL, NULL, NULL, NULL, NULL, NULL, NULL, NULL, NULL, NULL, NULL, NULL, NULL, NULL, NULL, NULL, '2025-06-24 08:59:57', 'BucinBGMID', '2025-06-25 08:42:04', 'BucinBGMID', 1),
	(155, 16, NULL, 33, NULL, NULL, NULL, NULL, NULL, 1, 0, NULL, NULL, NULL, NULL, NULL, NULL, NULL, NULL, NULL, NULL, NULL, NULL, NULL, NULL, NULL, NULL, NULL, NULL, NULL, NULL, NULL, NULL, NULL, NULL, '2025-06-24 09:19:38', 'BucinBGMID', '2025-06-25 08:42:04', 'BucinBGMID', 1),
	(156, NULL, 77, NULL, 155, 1160, 30, 15000, 17400000, 0, 1, NULL, NULL, NULL, NULL, NULL, NULL, NULL, NULL, NULL, NULL, NULL, NULL, NULL, NULL, NULL, NULL, NULL, NULL, NULL, NULL, NULL, NULL, NULL, NULL, '2025-06-24 09:19:53', 'BucinBGMID', '2025-06-24 09:19:54', 'BucinBGMID', 1),
	(157, 17, NULL, 33, NULL, NULL, NULL, NULL, NULL, 1, 0, NULL, NULL, NULL, NULL, NULL, NULL, NULL, NULL, NULL, NULL, NULL, NULL, NULL, NULL, NULL, NULL, NULL, NULL, NULL, NULL, NULL, NULL, NULL, NULL, '2025-06-24 09:20:03', 'BucinBGMID', '2025-06-25 08:42:04', 'BucinBGMID', 1),
	(158, NULL, 78, NULL, 157, 240, 30, 35000, 8400000, 0, 1, NULL, NULL, NULL, NULL, NULL, NULL, NULL, NULL, NULL, NULL, NULL, NULL, NULL, NULL, NULL, NULL, NULL, NULL, NULL, NULL, NULL, NULL, NULL, NULL, '2025-06-24 09:20:20', 'BucinBGMID', '2025-06-24 09:20:20', 'BucinBGMID', 1),
	(159, NULL, 79, NULL, 157, 240, 30, 15000, 3600000, 0, 1, NULL, NULL, NULL, NULL, NULL, NULL, NULL, NULL, NULL, NULL, NULL, NULL, NULL, NULL, NULL, NULL, NULL, NULL, NULL, NULL, NULL, NULL, NULL, NULL, '2025-06-24 09:20:38', 'BucinBGMID', '2025-06-24 09:20:39', 'BucinBGMID', 1),
	(160, 18, NULL, 33, NULL, NULL, NULL, NULL, NULL, 1, 0, NULL, NULL, NULL, NULL, NULL, NULL, NULL, NULL, NULL, NULL, NULL, NULL, NULL, NULL, NULL, NULL, NULL, NULL, NULL, NULL, NULL, NULL, NULL, NULL, '2025-06-24 09:20:48', 'BucinBGMID', '2025-06-25 08:42:04', 'BucinBGMID', 1),
	(161, NULL, 80, NULL, 160, 50, 30, 35000, 1750000, 0, 1, NULL, NULL, NULL, NULL, NULL, NULL, NULL, NULL, NULL, NULL, NULL, NULL, NULL, NULL, NULL, NULL, NULL, NULL, NULL, NULL, NULL, NULL, NULL, NULL, '2025-06-24 09:21:03', 'BucinBGMID', '2025-06-24 09:21:03', 'BucinBGMID', 1),
	(162, NULL, 81, NULL, 160, 50, 30, 15000, 750000, 0, 1, NULL, NULL, NULL, NULL, NULL, NULL, NULL, NULL, NULL, NULL, NULL, NULL, NULL, NULL, NULL, NULL, NULL, NULL, NULL, NULL, NULL, NULL, NULL, NULL, '2025-06-24 09:21:17', 'BucinBGMID', '2025-06-24 09:21:18', 'BucinBGMID', 1),
	(163, 19, NULL, 33, NULL, NULL, NULL, NULL, NULL, 1, 0, NULL, NULL, NULL, NULL, NULL, NULL, NULL, NULL, NULL, NULL, NULL, NULL, NULL, NULL, NULL, NULL, NULL, NULL, NULL, NULL, NULL, NULL, NULL, NULL, '2025-06-24 09:21:31', 'BucinBGMID', '2025-06-25 08:42:04', 'BucinBGMID', 1),
	(164, NULL, 82, NULL, 163, 90, 30, 35000, 3150000, 0, 1, NULL, NULL, NULL, NULL, NULL, NULL, NULL, NULL, NULL, NULL, NULL, NULL, NULL, NULL, NULL, NULL, NULL, NULL, NULL, NULL, NULL, NULL, NULL, NULL, '2025-06-24 09:21:50', 'BucinBGMID', '2025-06-24 09:21:50', 'BucinBGMID', 1),
	(165, NULL, 83, NULL, 163, 90, 30, 15000, 1350000, 0, 1, NULL, NULL, NULL, NULL, NULL, NULL, NULL, NULL, NULL, NULL, NULL, NULL, NULL, NULL, NULL, NULL, NULL, NULL, NULL, NULL, NULL, NULL, NULL, NULL, '2025-06-24 09:22:05', 'BucinBGMID', '2025-06-24 09:22:05', 'BucinBGMID', 1),
	(166, 20, NULL, 33, NULL, NULL, NULL, NULL, NULL, 1, 0, NULL, NULL, NULL, NULL, NULL, NULL, NULL, NULL, NULL, NULL, NULL, NULL, NULL, NULL, NULL, NULL, NULL, NULL, NULL, NULL, NULL, NULL, NULL, NULL, '2025-06-24 09:22:29', 'BucinBGMID', '2025-06-25 08:42:04', 'BucinBGMID', 1),
	(167, NULL, 84, NULL, 166, 150, 30, 35000, 5250000, 0, 1, NULL, NULL, NULL, NULL, NULL, NULL, NULL, NULL, NULL, NULL, NULL, NULL, NULL, NULL, NULL, NULL, NULL, NULL, NULL, NULL, NULL, NULL, NULL, NULL, '2025-06-24 09:22:48', 'BucinBGMID', '2025-06-24 09:22:48', 'BucinBGMID', 1),
	(168, NULL, 85, NULL, 166, 150, 30, 15000, 2250000, 0, 1, NULL, NULL, NULL, NULL, NULL, NULL, NULL, NULL, NULL, NULL, NULL, NULL, NULL, NULL, NULL, NULL, NULL, NULL, NULL, NULL, NULL, NULL, NULL, NULL, '2025-06-24 09:23:04', 'BucinBGMID', '2025-06-24 09:23:04', 'BucinBGMID', 1),
	(169, 21, NULL, 33, NULL, NULL, NULL, NULL, NULL, 1, 0, NULL, NULL, NULL, NULL, NULL, NULL, NULL, NULL, NULL, NULL, NULL, NULL, NULL, NULL, NULL, NULL, NULL, NULL, NULL, NULL, NULL, NULL, NULL, NULL, '2025-06-24 09:23:15', 'BucinBGMID', '2025-06-25 08:42:04', 'BucinBGMID', 1),
	(170, NULL, 78, NULL, 169, 240, 30, 35000, 8400000, 0, 1, NULL, NULL, NULL, NULL, NULL, NULL, NULL, NULL, NULL, NULL, NULL, NULL, NULL, NULL, NULL, NULL, NULL, NULL, NULL, NULL, NULL, NULL, NULL, NULL, '2025-06-24 09:23:31', 'BucinBGMID', '2025-06-24 09:23:32', 'BucinBGMID', 1),
	(171, NULL, 79, NULL, 169, 240, 30, 15000, 3600000, 0, 1, NULL, NULL, NULL, NULL, NULL, NULL, NULL, NULL, NULL, NULL, NULL, NULL, NULL, NULL, NULL, NULL, NULL, NULL, NULL, NULL, NULL, NULL, NULL, NULL, '2025-06-24 09:23:48', 'BucinBGMID', '2025-06-24 09:23:49', 'BucinBGMID', 1),
	(172, 22, NULL, 33, NULL, NULL, NULL, NULL, NULL, 1, 0, NULL, NULL, NULL, NULL, NULL, NULL, NULL, NULL, NULL, NULL, NULL, NULL, NULL, NULL, NULL, NULL, NULL, NULL, NULL, NULL, NULL, NULL, NULL, NULL, '2025-06-24 09:23:59', 'BucinBGMID', '2025-06-25 08:42:04', 'BucinBGMID', 1),
	(173, NULL, 86, NULL, 172, 216, 30, 35000, 7560000, 0, 1, NULL, NULL, NULL, NULL, NULL, NULL, NULL, NULL, NULL, NULL, NULL, NULL, NULL, NULL, NULL, NULL, NULL, NULL, NULL, NULL, NULL, NULL, NULL, NULL, '2025-06-24 09:27:05', 'BucinBGMID', '2025-06-24 09:27:06', 'BucinBGMID', 1),
	(174, NULL, 87, NULL, 172, 216, 30, 15000, 3240000, 0, 1, NULL, NULL, NULL, NULL, NULL, NULL, NULL, NULL, NULL, NULL, NULL, NULL, NULL, NULL, NULL, NULL, NULL, NULL, NULL, NULL, NULL, NULL, NULL, NULL, '2025-06-24 09:27:23', 'BucinBGMID', '2025-06-24 09:27:23', 'BucinBGMID', 1),
	(175, 23, NULL, 33, NULL, NULL, NULL, NULL, NULL, 1, 0, NULL, NULL, NULL, NULL, NULL, NULL, NULL, NULL, NULL, NULL, NULL, NULL, NULL, NULL, NULL, NULL, NULL, NULL, NULL, NULL, NULL, NULL, NULL, NULL, '2025-06-24 09:47:14', 'BucinBGMID', '2025-06-25 08:42:04', 'BucinBGMID', 1),
	(176, NULL, 88, NULL, 175, 40, 30, 35000, 1400000, 0, 1, NULL, NULL, NULL, NULL, NULL, NULL, NULL, NULL, NULL, NULL, NULL, NULL, NULL, NULL, NULL, NULL, NULL, NULL, NULL, NULL, NULL, NULL, NULL, NULL, '2025-06-24 09:47:34', 'BucinBGMID', '2025-06-24 09:47:35', 'BucinBGMID', 1),
	(177, 24, NULL, 33, NULL, NULL, NULL, NULL, NULL, 1, 0, NULL, NULL, NULL, NULL, NULL, NULL, NULL, NULL, NULL, NULL, NULL, NULL, NULL, NULL, NULL, NULL, NULL, NULL, NULL, NULL, NULL, NULL, NULL, NULL, '2025-06-24 09:47:46', 'BucinBGMID', '2025-06-25 08:42:04', 'BucinBGMID', 1),
	(178, NULL, 89, NULL, 177, 100, 30, 35000, 3500000, 0, 1, NULL, NULL, NULL, NULL, NULL, NULL, NULL, NULL, NULL, NULL, NULL, NULL, NULL, NULL, NULL, NULL, NULL, NULL, NULL, NULL, NULL, NULL, NULL, NULL, '2025-06-24 09:48:03', 'BucinBGMID', '2025-06-24 09:48:04', 'BucinBGMID', 1),
	(179, NULL, 90, NULL, 177, 100, 30, 15000, 1500000, 0, 1, NULL, NULL, NULL, NULL, NULL, NULL, NULL, NULL, NULL, NULL, NULL, NULL, NULL, NULL, NULL, NULL, NULL, NULL, NULL, NULL, NULL, NULL, NULL, NULL, '2025-06-24 09:48:22', 'BucinBGMID', '2025-06-24 09:48:23', 'BucinBGMID', 1),
	(180, 25, NULL, 33, NULL, NULL, NULL, NULL, NULL, 1, 0, NULL, NULL, NULL, NULL, NULL, NULL, NULL, NULL, NULL, NULL, NULL, NULL, NULL, NULL, NULL, NULL, NULL, NULL, NULL, NULL, NULL, NULL, NULL, NULL, '2025-06-24 10:37:58', 'BucinBGMID', '2025-06-25 08:42:04', 'BucinBGMID', 1),
	(181, NULL, 91, NULL, 180, 204, 30, 15000, 3060000, 0, 1, NULL, NULL, NULL, NULL, NULL, NULL, NULL, NULL, NULL, NULL, NULL, NULL, NULL, NULL, NULL, NULL, NULL, NULL, NULL, NULL, NULL, NULL, NULL, NULL, '2025-06-24 10:38:13', 'BucinBGMID', '2025-06-24 10:38:14', 'BucinBGMID', 1),
	(182, NULL, 92, NULL, 180, 105, 30, 15000, 1575000, 0, 1, NULL, NULL, NULL, NULL, NULL, NULL, NULL, NULL, NULL, NULL, NULL, NULL, NULL, NULL, NULL, NULL, NULL, NULL, NULL, NULL, NULL, NULL, NULL, NULL, '2025-06-24 10:38:33', 'BucinBGMID', '2025-06-24 10:38:34', 'BucinBGMID', 1),
	(183, 26, NULL, 33, NULL, NULL, NULL, NULL, NULL, 1, 0, NULL, NULL, NULL, NULL, NULL, NULL, NULL, NULL, NULL, NULL, NULL, NULL, NULL, NULL, NULL, NULL, NULL, NULL, NULL, NULL, NULL, NULL, NULL, NULL, '2025-06-24 10:38:43', 'BucinBGMID', '2025-06-25 08:42:04', 'BucinBGMID', 1),
	(184, NULL, 93, NULL, 183, 300, 30, 15000, 4500000, 0, 1, NULL, NULL, NULL, NULL, NULL, NULL, NULL, NULL, NULL, NULL, NULL, NULL, NULL, NULL, NULL, NULL, NULL, NULL, NULL, NULL, NULL, NULL, NULL, NULL, '2025-06-24 10:39:08', 'BucinBGMID', '2025-06-24 10:39:08', 'BucinBGMID', 1),
	(185, 27, NULL, 33, NULL, NULL, NULL, NULL, NULL, 1, 0, NULL, NULL, NULL, NULL, NULL, NULL, NULL, NULL, NULL, NULL, NULL, NULL, NULL, NULL, NULL, NULL, NULL, NULL, NULL, NULL, NULL, NULL, NULL, NULL, '2025-06-24 10:39:20', 'BucinBGMID', '2025-06-25 08:42:04', 'BucinBGMID', 1),
	(186, NULL, 94, NULL, 185, 2400, 30, 12000, 28800000, 0, 1, NULL, NULL, NULL, NULL, NULL, NULL, NULL, NULL, NULL, NULL, NULL, NULL, NULL, NULL, NULL, NULL, NULL, NULL, NULL, NULL, NULL, NULL, NULL, NULL, '2025-06-24 10:39:36', 'BucinBGMID', '2025-06-24 10:39:36', 'BucinBGMID', 1),
	(187, NULL, 95, 33, NULL, 480, 40, 40000, 19200000, 0, 1, NULL, NULL, NULL, NULL, NULL, NULL, NULL, NULL, NULL, NULL, NULL, NULL, NULL, NULL, NULL, NULL, NULL, NULL, NULL, NULL, NULL, NULL, NULL, NULL, '2025-06-24 10:39:56', 'BucinBGMID', '2025-06-25 08:42:04', 'BucinBGMID', 1),
	(188, 28, NULL, 33, NULL, NULL, NULL, NULL, NULL, 1, 0, NULL, NULL, NULL, NULL, NULL, NULL, NULL, NULL, NULL, NULL, NULL, NULL, NULL, NULL, NULL, NULL, NULL, NULL, NULL, NULL, NULL, NULL, NULL, NULL, '2025-06-24 10:40:04', 'BucinBGMID', '2025-06-25 08:42:04', 'BucinBGMID', 1),
	(189, NULL, 96, NULL, 188, 200, 30, 35000, 7000000, 0, 1, NULL, NULL, NULL, NULL, NULL, NULL, NULL, NULL, NULL, NULL, NULL, NULL, NULL, NULL, NULL, NULL, NULL, NULL, NULL, NULL, NULL, NULL, NULL, NULL, '2025-06-24 10:40:22', 'BucinBGMID', '2025-06-24 10:40:22', 'BucinBGMID', 1),
	(190, NULL, 97, NULL, 188, 375, 30, 15000, 5625000, 0, 1, NULL, NULL, NULL, NULL, NULL, NULL, NULL, NULL, NULL, NULL, NULL, NULL, NULL, NULL, NULL, NULL, NULL, NULL, NULL, NULL, NULL, NULL, NULL, NULL, '2025-06-24 10:40:41', 'BucinBGMID', '2025-06-24 10:40:41', 'BucinBGMID', 1),
	(191, 29, NULL, 35, NULL, NULL, NULL, NULL, NULL, 1, 0, NULL, NULL, NULL, NULL, NULL, NULL, NULL, NULL, NULL, NULL, NULL, NULL, NULL, NULL, NULL, NULL, NULL, NULL, NULL, NULL, NULL, NULL, NULL, NULL, '2025-06-24 10:47:08', 'BucinBGMID', '2025-06-25 08:42:04', 'BucinBGMID', 1),
	(192, 30, NULL, 35, NULL, NULL, NULL, NULL, NULL, 1, 0, NULL, NULL, NULL, NULL, NULL, NULL, NULL, NULL, NULL, NULL, NULL, NULL, NULL, NULL, NULL, NULL, NULL, NULL, NULL, NULL, NULL, NULL, NULL, NULL, '2025-06-24 10:47:16', 'BucinBGMID', '2025-06-25 08:42:04', 'BucinBGMID', 1),
	(193, 31, NULL, 35, NULL, NULL, NULL, NULL, NULL, 1, 0, NULL, NULL, NULL, NULL, NULL, NULL, NULL, NULL, NULL, NULL, NULL, NULL, NULL, NULL, NULL, NULL, NULL, NULL, NULL, NULL, NULL, NULL, NULL, NULL, '2025-06-24 10:47:28', 'BucinBGMID', '2025-06-25 08:42:04', 'BucinBGMID', 1),
	(194, 32, NULL, 35, NULL, NULL, NULL, NULL, NULL, 1, 0, NULL, NULL, NULL, NULL, NULL, NULL, NULL, NULL, NULL, NULL, NULL, NULL, NULL, NULL, NULL, NULL, NULL, NULL, NULL, NULL, NULL, NULL, NULL, NULL, '2025-06-24 10:47:36', 'BucinBGMID', '2025-06-25 08:42:04', 'BucinBGMID', 1),
	(195, 33, NULL, 35, NULL, NULL, NULL, NULL, NULL, 1, 0, NULL, NULL, NULL, NULL, NULL, NULL, NULL, NULL, NULL, NULL, NULL, NULL, NULL, NULL, NULL, NULL, NULL, NULL, NULL, NULL, NULL, NULL, NULL, NULL, '2025-06-24 10:47:43', 'BucinBGMID', '2025-06-25 08:42:04', 'BucinBGMID', 1),
	(196, 34, NULL, 35, NULL, NULL, NULL, NULL, NULL, 1, 0, NULL, NULL, NULL, NULL, NULL, NULL, NULL, NULL, NULL, NULL, NULL, NULL, NULL, NULL, NULL, NULL, NULL, NULL, NULL, NULL, NULL, NULL, NULL, NULL, '2025-06-24 10:47:53', 'BucinBGMID', '2025-06-25 08:42:04', 'BucinBGMID', 1),
	(197, NULL, 98, NULL, 191, 30, 30, 100000, 3000000, 0, 1, NULL, NULL, NULL, NULL, NULL, NULL, NULL, NULL, NULL, NULL, NULL, NULL, NULL, NULL, NULL, NULL, NULL, NULL, NULL, NULL, NULL, NULL, NULL, NULL, '2025-06-24 10:49:52', 'BucinBGMID', '2025-06-24 10:49:52', 'BucinBGMID', 1),
	(198, NULL, 99, NULL, 191, 200, 41, 30000, 6000000, 0, 1, NULL, NULL, NULL, NULL, NULL, NULL, NULL, NULL, NULL, NULL, NULL, NULL, NULL, NULL, NULL, NULL, NULL, NULL, NULL, NULL, NULL, NULL, NULL, NULL, '2025-06-24 10:50:13', 'BucinBGMID', '2025-06-24 10:50:14', 'BucinBGMID', 1),
	(199, NULL, 100, NULL, 191, 200, 30, 15000, 3000000, 0, 1, NULL, NULL, NULL, NULL, NULL, NULL, NULL, NULL, NULL, NULL, NULL, NULL, NULL, NULL, NULL, NULL, NULL, NULL, NULL, NULL, NULL, NULL, NULL, NULL, '2025-06-24 10:50:30', 'BucinBGMID', '2025-06-24 10:50:31', 'BucinBGMID', 1),
	(200, NULL, 101, NULL, 191, 200, 30, 35000, 7000000, 0, 1, NULL, NULL, NULL, NULL, NULL, NULL, NULL, NULL, NULL, NULL, NULL, NULL, NULL, NULL, NULL, NULL, NULL, NULL, NULL, NULL, NULL, NULL, NULL, NULL, '2025-06-24 10:50:46', 'BucinBGMID', '2025-06-24 10:50:46', 'BucinBGMID', 1),
	(201, NULL, 102, NULL, 191, 10, 42, 150000, 1500000, 0, 1, NULL, NULL, NULL, NULL, NULL, NULL, NULL, NULL, NULL, NULL, NULL, NULL, NULL, NULL, NULL, NULL, NULL, NULL, NULL, NULL, NULL, NULL, NULL, NULL, '2025-06-24 10:51:04', 'BucinBGMID', '2025-06-24 10:51:05', 'BucinBGMID', 1),
	(202, NULL, 103, NULL, 191, 10, 42, 150000, 1500000, 0, 1, NULL, NULL, NULL, NULL, NULL, NULL, NULL, NULL, NULL, NULL, NULL, NULL, NULL, NULL, NULL, NULL, NULL, NULL, NULL, NULL, NULL, NULL, NULL, NULL, '2025-06-24 10:51:20', 'BucinBGMID', '2025-06-24 10:51:21', 'BucinBGMID', 1),
	(203, NULL, 99, NULL, 193, 60, 30, 200000, 12000000, 0, 1, NULL, NULL, NULL, NULL, NULL, NULL, NULL, NULL, NULL, NULL, NULL, NULL, NULL, NULL, NULL, NULL, NULL, NULL, NULL, NULL, NULL, NULL, NULL, NULL, '2025-06-24 10:52:24', 'BucinBGMID', '2025-06-24 10:52:25', 'BucinBGMID', 1),
	(204, NULL, 104, NULL, 193, 240, 30, 15000, 3600000, 0, 1, NULL, NULL, NULL, NULL, NULL, NULL, NULL, NULL, NULL, NULL, NULL, NULL, NULL, NULL, NULL, NULL, NULL, NULL, NULL, NULL, NULL, NULL, NULL, NULL, '2025-06-24 10:52:56', 'BucinBGMID', '2025-06-24 10:52:56', 'BucinBGMID', 1),
	(205, NULL, 105, NULL, 194, 60, 30, 15000, 900000, 0, 1, NULL, NULL, NULL, NULL, NULL, NULL, NULL, NULL, NULL, NULL, NULL, NULL, NULL, NULL, NULL, NULL, NULL, NULL, NULL, NULL, NULL, NULL, NULL, NULL, '2025-06-24 10:54:52', 'BucinBGMID', '2025-06-24 10:54:53', 'BucinBGMID', 1),
	(206, NULL, 106, NULL, 194, 60, 30, 35000, 2100000, 0, 1, NULL, NULL, NULL, NULL, NULL, NULL, NULL, NULL, NULL, NULL, NULL, NULL, NULL, NULL, NULL, NULL, NULL, NULL, NULL, NULL, NULL, NULL, NULL, NULL, '2025-06-24 10:55:12', 'BucinBGMID', '2025-06-24 10:55:13', 'BucinBGMID', 1),
	(207, NULL, 107, NULL, 195, 100, 34, 22000, 2200000, 0, 1, NULL, NULL, NULL, NULL, NULL, NULL, NULL, NULL, NULL, NULL, NULL, NULL, NULL, NULL, NULL, NULL, NULL, NULL, NULL, NULL, NULL, NULL, NULL, NULL, '2025-06-24 10:57:06', 'BucinBGMID', '2025-06-24 10:57:06', 'BucinBGMID', 1),
	(208, NULL, 108, NULL, 195, 225, 41, 110000, 24750000, 0, 1, NULL, NULL, NULL, NULL, NULL, NULL, NULL, NULL, NULL, NULL, NULL, NULL, NULL, NULL, NULL, NULL, NULL, NULL, NULL, NULL, NULL, NULL, NULL, NULL, '2025-06-24 10:57:25', 'BucinBGMID', '2025-06-24 10:57:26', 'BucinBGMID', 1),
	(209, NULL, 109, NULL, 195, 15, 30, 700000, 10500000, 0, 1, NULL, NULL, NULL, NULL, NULL, NULL, NULL, NULL, NULL, NULL, NULL, NULL, NULL, NULL, NULL, NULL, NULL, NULL, NULL, NULL, NULL, NULL, NULL, NULL, '2025-06-24 10:57:58', 'BucinBGMID', '2025-06-24 10:57:58', 'BucinBGMID', 1),
	(210, NULL, 56, NULL, 195, 2, 34, 200000, 400000, 0, 1, NULL, NULL, NULL, NULL, NULL, NULL, NULL, NULL, NULL, NULL, NULL, NULL, NULL, NULL, NULL, NULL, NULL, NULL, NULL, NULL, NULL, NULL, NULL, NULL, '2025-06-24 11:00:57', 'BucinBGMID', '2025-06-24 11:00:57', 'BucinBGMID', 1),
	(211, NULL, 110, NULL, 195, 2, 39, 1675000, 3350000, 0, 1, NULL, NULL, NULL, NULL, NULL, NULL, NULL, NULL, NULL, NULL, NULL, NULL, NULL, NULL, NULL, NULL, NULL, NULL, NULL, NULL, NULL, NULL, NULL, NULL, '2025-06-24 11:01:12', 'BucinBGMID', '2025-06-24 11:01:13', 'BucinBGMID', 1),
	(212, NULL, 111, NULL, 195, 2, 39, 2000000, 4000000, 0, 1, NULL, NULL, NULL, NULL, NULL, NULL, NULL, NULL, NULL, NULL, NULL, NULL, NULL, NULL, NULL, NULL, NULL, NULL, NULL, NULL, NULL, NULL, NULL, NULL, '2025-06-24 11:01:29', 'BucinBGMID', '2025-06-24 11:01:30', 'BucinBGMID', 1),
	(213, NULL, 112, NULL, 195, 1, 39, 6000000, 6000000, 0, 1, NULL, NULL, NULL, NULL, NULL, NULL, NULL, NULL, NULL, NULL, NULL, NULL, NULL, NULL, NULL, NULL, NULL, NULL, NULL, NULL, NULL, NULL, NULL, NULL, '2025-06-24 11:01:51', 'BucinBGMID', '2025-06-24 11:01:51', 'BucinBGMID', 1),
	(214, NULL, 113, NULL, 195, 20, 43, 100000, 2000000, 0, 1, NULL, NULL, NULL, NULL, NULL, NULL, NULL, NULL, NULL, NULL, NULL, NULL, NULL, NULL, NULL, NULL, NULL, NULL, NULL, NULL, NULL, NULL, NULL, NULL, '2025-06-24 11:02:07', 'BucinBGMID', '2025-06-24 11:02:07', 'BucinBGMID', 1),
	(215, NULL, 114, NULL, 196, 415, 30, 15000, 6225000, 0, 1, NULL, NULL, NULL, NULL, NULL, NULL, NULL, NULL, NULL, NULL, NULL, NULL, NULL, NULL, NULL, NULL, NULL, NULL, NULL, NULL, NULL, NULL, NULL, NULL, '2025-06-24 11:02:40', 'BucinBGMID', '2025-06-24 11:02:41', 'BucinBGMID', 1),
	(216, NULL, 115, 36, NULL, 3, 38, 50000000, 150000000, 0, 1, NULL, NULL, NULL, NULL, NULL, NULL, NULL, NULL, NULL, NULL, NULL, NULL, NULL, NULL, NULL, NULL, NULL, NULL, NULL, NULL, NULL, NULL, NULL, NULL, '2025-06-24 11:27:10', 'BucinBGMID', '2025-06-25 08:42:04', 'BucinBGMID', 1),
	(217, NULL, 116, 36, NULL, 1, 38, 100000000, 100000000, 0, 1, NULL, NULL, NULL, NULL, NULL, NULL, NULL, NULL, NULL, NULL, NULL, NULL, NULL, NULL, NULL, NULL, NULL, NULL, NULL, NULL, NULL, NULL, NULL, NULL, '2025-06-24 11:27:25', 'BucinBGMID', '2025-06-25 08:42:04', 'BucinBGMID', 1),
	(218, NULL, 117, 36, NULL, 2, 38, 35000000, 70000000, 0, 1, NULL, NULL, NULL, NULL, NULL, NULL, NULL, NULL, NULL, NULL, NULL, NULL, NULL, NULL, NULL, NULL, NULL, NULL, NULL, NULL, NULL, NULL, NULL, NULL, '2025-06-24 11:27:43', 'BucinBGMID', '2025-06-25 08:42:04', 'BucinBGMID', 1),
	(219, NULL, 118, 36, NULL, 10, 38, 15000000, 150000000, 0, 1, NULL, NULL, NULL, NULL, NULL, NULL, NULL, NULL, NULL, NULL, NULL, NULL, NULL, NULL, NULL, NULL, NULL, NULL, NULL, NULL, NULL, NULL, NULL, NULL, '2025-06-24 11:27:59', 'BucinBGMID', '2025-06-25 08:42:04', 'BucinBGMID', 1),
	(220, NULL, 119, 36, NULL, 1, 38, 60000000, 60000000, 0, 1, NULL, NULL, NULL, NULL, NULL, NULL, NULL, NULL, NULL, NULL, NULL, NULL, NULL, NULL, NULL, NULL, NULL, NULL, NULL, NULL, NULL, NULL, NULL, NULL, '2025-06-24 11:28:15', 'BucinBGMID', '2025-06-25 08:42:04', 'BucinBGMID', 1),
	(221, NULL, 120, 36, NULL, 2, 38, 25000000, 50000000, 0, 1, NULL, NULL, NULL, NULL, NULL, NULL, NULL, NULL, NULL, NULL, NULL, NULL, NULL, NULL, NULL, NULL, NULL, NULL, NULL, NULL, NULL, NULL, NULL, NULL, '2025-06-24 11:28:34', 'BucinBGMID', '2025-06-25 08:42:04', 'BucinBGMID', 1),
	(222, NULL, 121, 36, NULL, 4, 38, 30000000, 120000000, 0, 1, NULL, NULL, NULL, NULL, NULL, NULL, NULL, NULL, NULL, NULL, NULL, NULL, NULL, NULL, NULL, NULL, NULL, NULL, NULL, NULL, NULL, NULL, NULL, NULL, '2025-06-24 11:28:49', 'BucinBGMID', '2025-06-25 08:42:04', 'BucinBGMID', 1),
	(223, NULL, 122, 36, NULL, 3, 38, 50000000, 150000000, 0, 1, NULL, NULL, NULL, NULL, NULL, NULL, NULL, NULL, NULL, NULL, NULL, NULL, NULL, NULL, NULL, NULL, NULL, NULL, NULL, NULL, NULL, NULL, NULL, NULL, '2025-06-24 11:29:06', 'BucinBGMID', '2025-06-25 08:42:04', 'BucinBGMID', 1),
	(224, NULL, 123, 36, NULL, 3, 38, 20000000, 60000000, 0, 1, NULL, NULL, NULL, NULL, NULL, NULL, NULL, NULL, NULL, NULL, NULL, NULL, NULL, NULL, NULL, NULL, NULL, NULL, NULL, NULL, NULL, NULL, NULL, NULL, '2025-06-24 11:29:30', 'BucinBGMID', '2025-06-25 08:42:04', 'BucinBGMID', 1),
	(225, NULL, 124, 36, NULL, 5, 38, 5000000, 25000000, 0, 1, NULL, NULL, NULL, NULL, NULL, NULL, NULL, NULL, NULL, NULL, NULL, NULL, NULL, NULL, NULL, NULL, NULL, NULL, NULL, NULL, NULL, NULL, NULL, NULL, '2025-06-24 11:29:50', 'BucinBGMID', '2025-06-25 08:42:04', 'BucinBGMID', 1),
	(226, NULL, 125, 36, NULL, 3, 38, 20000000, 60000000, 0, 1, NULL, NULL, NULL, NULL, NULL, NULL, NULL, NULL, NULL, NULL, NULL, NULL, NULL, NULL, NULL, NULL, NULL, NULL, NULL, NULL, NULL, NULL, NULL, NULL, '2025-06-24 11:30:09', 'BucinBGMID', '2025-06-25 08:42:04', 'BucinBGMID', 1),
	(227, NULL, 126, 36, NULL, 2, 38, 20000000, 40000000, 0, 1, NULL, NULL, NULL, NULL, NULL, NULL, NULL, NULL, NULL, NULL, NULL, NULL, NULL, NULL, NULL, NULL, NULL, NULL, NULL, NULL, NULL, NULL, NULL, NULL, '2025-06-24 11:30:27', 'BucinBGMID', '2025-06-25 08:42:04', 'BucinBGMID', 1),
	(228, NULL, 127, 36, NULL, 1, 38, 20000000, 20000000, 0, 1, NULL, NULL, NULL, NULL, NULL, NULL, NULL, NULL, NULL, NULL, NULL, NULL, NULL, NULL, NULL, NULL, NULL, NULL, NULL, NULL, NULL, NULL, NULL, NULL, '2025-06-24 11:30:45', 'BucinBGMID', '2025-06-25 08:42:04', 'BucinBGMID', 1),
	(229, NULL, 128, 36, NULL, 1, 38, 50000000, 50000000, 0, 1, NULL, NULL, NULL, NULL, NULL, NULL, NULL, NULL, NULL, NULL, NULL, NULL, NULL, NULL, NULL, NULL, NULL, NULL, NULL, NULL, NULL, NULL, NULL, NULL, '2025-06-24 11:30:58', 'BucinBGMID', '2025-06-25 08:42:04', 'BucinBGMID', 1),
	(230, NULL, 129, 36, NULL, 1, 31, 200000000, 200000000, 0, 1, NULL, NULL, NULL, NULL, NULL, NULL, NULL, NULL, NULL, NULL, NULL, NULL, NULL, NULL, NULL, NULL, NULL, NULL, NULL, NULL, NULL, NULL, NULL, NULL, '2025-06-24 11:31:17', 'BucinBGMID', '2025-06-25 08:42:04', 'BucinBGMID', 1),
	(231, NULL, 130, 36, NULL, 1, 38, 150000000, 150000000, 0, 1, NULL, NULL, NULL, NULL, NULL, NULL, NULL, NULL, NULL, NULL, NULL, NULL, NULL, NULL, NULL, NULL, NULL, NULL, NULL, NULL, NULL, NULL, NULL, NULL, '2025-06-24 11:31:37', 'BucinBGMID', '2025-06-25 08:42:04', 'BucinBGMID', 1),
	(232, NULL, 131, 36, NULL, 1, 38, 15000000, 15000000, 0, 1, NULL, NULL, NULL, NULL, NULL, NULL, NULL, NULL, NULL, NULL, NULL, NULL, NULL, NULL, NULL, NULL, NULL, NULL, NULL, NULL, NULL, NULL, NULL, NULL, '2025-06-24 11:31:52', 'BucinBGMID', '2025-06-25 08:42:04', 'BucinBGMID', 1),
	(233, NULL, 132, 36, NULL, 1, 38, 40000000, 40000000, 0, 1, NULL, NULL, NULL, NULL, NULL, NULL, NULL, NULL, NULL, NULL, NULL, NULL, NULL, NULL, NULL, NULL, NULL, NULL, NULL, NULL, NULL, NULL, NULL, NULL, '2025-06-24 11:32:17', 'BucinBGMID', '2025-06-25 08:42:04', 'BucinBGMID', 1),
	(234, NULL, 133, 36, NULL, 2, 38, 150000000, 300000000, 0, 1, NULL, NULL, NULL, NULL, NULL, NULL, NULL, NULL, NULL, NULL, NULL, NULL, NULL, NULL, NULL, NULL, NULL, NULL, NULL, NULL, NULL, NULL, NULL, NULL, '2025-06-24 11:32:38', 'BucinBGMID', '2025-06-25 08:42:04', 'BucinBGMID', 1),
	(235, NULL, 134, 36, NULL, 1, 38, 300000000, 300000000, 0, 1, NULL, NULL, NULL, NULL, NULL, NULL, NULL, NULL, NULL, NULL, NULL, NULL, NULL, NULL, NULL, NULL, NULL, NULL, NULL, NULL, NULL, NULL, NULL, NULL, '2025-06-24 11:32:54', 'BucinBGMID', '2025-06-25 08:42:04', 'BucinBGMID', 1),
	(236, NULL, 135, 36, NULL, 10, 38, 3000000, 30000000, 0, 1, NULL, NULL, NULL, NULL, NULL, NULL, NULL, NULL, NULL, NULL, NULL, NULL, NULL, NULL, NULL, NULL, NULL, NULL, NULL, NULL, NULL, NULL, NULL, NULL, '2025-06-24 11:33:10', 'BucinBGMID', '2025-06-25 08:42:04', 'BucinBGMID', 1),
	(237, NULL, 136, 36, NULL, 1, 38, 50000000, 50000000, 0, 1, NULL, NULL, NULL, NULL, NULL, NULL, NULL, NULL, NULL, NULL, NULL, NULL, NULL, NULL, NULL, NULL, NULL, NULL, NULL, NULL, NULL, NULL, NULL, NULL, '2025-06-24 11:33:32', 'BucinBGMID', '2025-06-25 08:42:04', 'BucinBGMID', 1),
	(238, NULL, 137, 37, NULL, 10, 38, 600000, 6000000, 0, 1, NULL, NULL, NULL, NULL, NULL, NULL, NULL, NULL, NULL, NULL, NULL, NULL, NULL, NULL, NULL, NULL, NULL, NULL, NULL, NULL, NULL, NULL, NULL, NULL, '2025-06-24 11:38:13', 'BucinBGMID', '2025-06-25 08:42:04', 'BucinBGMID', 1),
	(239, NULL, 138, 37, NULL, 32, 38, 400000, 12800000, 0, 1, NULL, NULL, NULL, NULL, NULL, NULL, NULL, NULL, NULL, NULL, NULL, NULL, NULL, NULL, NULL, NULL, NULL, NULL, NULL, NULL, NULL, NULL, NULL, NULL, '2025-06-24 11:38:35', 'BucinBGMID', '2025-06-25 08:42:04', 'BucinBGMID', 1),
	(240, NULL, 139, 37, NULL, 40, 38, 400000, 16000000, 0, 1, NULL, NULL, NULL, NULL, NULL, NULL, NULL, NULL, NULL, NULL, NULL, NULL, NULL, NULL, NULL, NULL, NULL, NULL, NULL, NULL, NULL, NULL, NULL, NULL, '2025-06-24 11:38:55', 'BucinBGMID', '2025-06-25 08:42:04', 'BucinBGMID', 1),
	(241, NULL, 140, 37, NULL, 434, 38, 110000, 47740000, 0, 1, NULL, NULL, NULL, NULL, NULL, NULL, NULL, NULL, NULL, NULL, NULL, NULL, NULL, NULL, NULL, NULL, NULL, NULL, NULL, NULL, NULL, NULL, NULL, NULL, '2025-06-24 11:39:13', 'BucinBGMID', '2025-06-25 08:42:04', 'BucinBGMID', 1),
	(242, NULL, 141, 37, NULL, 2, 36, 6250000, 12500000, 0, 1, NULL, NULL, NULL, NULL, NULL, NULL, NULL, NULL, NULL, NULL, NULL, NULL, NULL, NULL, NULL, NULL, NULL, NULL, NULL, NULL, NULL, NULL, NULL, NULL, '2025-06-24 11:39:31', 'BucinBGMID', '2025-06-25 08:42:04', 'BucinBGMID', 1),
	(243, NULL, 142, 37, NULL, 2, 36, 7500000, 15000000, 0, 1, NULL, NULL, NULL, NULL, NULL, NULL, NULL, NULL, NULL, NULL, NULL, NULL, NULL, NULL, NULL, NULL, NULL, NULL, NULL, NULL, NULL, NULL, NULL, NULL, '2025-06-24 11:39:48', 'BucinBGMID', '2025-06-25 08:42:04', 'BucinBGMID', 1),
	(244, NULL, 143, 37, NULL, 2, 36, 10000000, 20000000, 0, 1, NULL, NULL, NULL, NULL, NULL, NULL, NULL, NULL, NULL, NULL, NULL, NULL, NULL, NULL, NULL, NULL, NULL, NULL, NULL, NULL, NULL, NULL, NULL, NULL, '2025-06-24 11:40:14', 'BucinBGMID', '2025-06-25 08:42:04', 'BucinBGMID', 1),
	(245, NULL, 144, 37, NULL, 12, 36, 2500000, 30000000, 0, 1, NULL, NULL, NULL, NULL, NULL, NULL, NULL, NULL, NULL, NULL, NULL, NULL, NULL, NULL, NULL, NULL, NULL, NULL, NULL, NULL, NULL, NULL, NULL, NULL, '2025-06-24 11:40:28', 'BucinBGMID', '2025-06-25 08:42:04', 'BucinBGMID', 1),
	(246, NULL, 145, 37, NULL, 2, 36, 4000000, 8000000, 0, 1, NULL, NULL, NULL, NULL, NULL, NULL, NULL, NULL, NULL, NULL, NULL, NULL, NULL, NULL, NULL, NULL, NULL, NULL, NULL, NULL, NULL, NULL, NULL, NULL, '2025-06-24 11:40:42', 'BucinBGMID', '2025-06-25 08:42:04', 'BucinBGMID', 1),
	(247, NULL, 146, 37, NULL, 1, 36, 30000000, 30000000, 0, 1, NULL, NULL, NULL, NULL, NULL, NULL, NULL, NULL, NULL, NULL, NULL, NULL, NULL, NULL, NULL, NULL, NULL, NULL, NULL, NULL, NULL, NULL, NULL, NULL, '2025-06-24 11:40:57', 'BucinBGMID', '2025-06-25 08:42:04', 'BucinBGMID', 1),
	(248, NULL, 147, 37, NULL, 1, 38, 50000000, 50000000, 0, 1, NULL, NULL, NULL, NULL, NULL, NULL, NULL, NULL, NULL, NULL, NULL, NULL, NULL, NULL, NULL, NULL, NULL, NULL, NULL, NULL, NULL, NULL, NULL, NULL, '2025-06-24 11:41:17', 'BucinBGMID', '2025-06-25 08:42:04', 'BucinBGMID', 1),
	(249, NULL, 148, 37, NULL, 20, 38, 400000, 8000000, 0, 1, NULL, NULL, NULL, NULL, NULL, NULL, NULL, NULL, NULL, NULL, NULL, NULL, NULL, NULL, NULL, NULL, NULL, NULL, NULL, NULL, NULL, NULL, NULL, NULL, '2025-06-24 11:41:33', 'BucinBGMID', '2025-06-25 08:42:04', 'BucinBGMID', 1),
	(250, NULL, 149, 37, NULL, 20, 38, 350000, 7000000, 0, 1, NULL, NULL, NULL, NULL, NULL, NULL, NULL, NULL, NULL, NULL, NULL, NULL, NULL, NULL, NULL, NULL, NULL, NULL, NULL, NULL, NULL, NULL, NULL, NULL, '2025-06-24 11:43:36', 'BucinBGMID', '2025-06-25 08:42:04', 'BucinBGMID', 1),
	(251, NULL, 150, 37, NULL, 1, 36, 60000000, 60000000, 0, 1, NULL, NULL, NULL, NULL, NULL, NULL, NULL, NULL, NULL, NULL, NULL, NULL, NULL, NULL, NULL, NULL, NULL, NULL, NULL, NULL, NULL, NULL, NULL, NULL, '2025-06-24 11:43:51', 'BucinBGMID', '2025-06-25 08:42:04', 'BucinBGMID', 1),
	(252, NULL, 151, 37, NULL, 4, 38, 130000000, 520000000, 0, 1, NULL, NULL, NULL, NULL, NULL, NULL, NULL, NULL, NULL, NULL, NULL, NULL, NULL, NULL, NULL, NULL, NULL, NULL, NULL, NULL, NULL, NULL, NULL, NULL, '2025-06-24 11:44:12', 'BucinBGMID', '2025-06-25 08:42:04', 'BucinBGMID', 1),
	(253, NULL, 152, 37, NULL, 1, 38, 3000000, 3000000, 0, 1, NULL, NULL, NULL, NULL, NULL, NULL, NULL, NULL, NULL, NULL, NULL, NULL, NULL, NULL, NULL, NULL, NULL, NULL, NULL, NULL, NULL, NULL, NULL, NULL, '2025-06-24 11:44:27', 'BucinBGMID', '2025-06-25 08:42:04', 'BucinBGMID', 1),
	(254, NULL, 153, 37, NULL, 1, 36, 2860000, 2860000, 0, 1, NULL, NULL, NULL, NULL, NULL, NULL, NULL, NULL, NULL, NULL, NULL, NULL, NULL, NULL, NULL, NULL, NULL, NULL, NULL, NULL, NULL, NULL, NULL, NULL, '2025-06-24 11:44:45', 'BucinBGMID', '2025-06-25 08:42:04', 'BucinBGMID', 1),
	(255, NULL, 154, 38, NULL, 165, 37, 35000, 5775000, 0, 1, NULL, NULL, NULL, NULL, NULL, NULL, NULL, NULL, NULL, NULL, NULL, NULL, NULL, NULL, NULL, NULL, NULL, NULL, NULL, NULL, NULL, NULL, NULL, NULL, '2025-06-24 13:52:04', 'BucinBGMID', '2025-06-25 08:42:04', 'BucinBGMID', 1),
	(256, NULL, 155, 38, NULL, 330, 37, 15000, 4950000, 0, 1, NULL, NULL, NULL, NULL, NULL, NULL, NULL, NULL, NULL, NULL, NULL, NULL, NULL, NULL, NULL, NULL, NULL, NULL, NULL, NULL, NULL, NULL, NULL, NULL, '2025-06-24 13:52:17', 'BucinBGMID', '2025-06-25 08:42:04', 'BucinBGMID', 1),
	(257, NULL, 156, 38, NULL, 1, 34, 450000, 450000, 0, 1, NULL, NULL, NULL, NULL, NULL, NULL, NULL, NULL, NULL, NULL, NULL, NULL, NULL, NULL, NULL, NULL, NULL, NULL, NULL, NULL, NULL, NULL, NULL, NULL, '2025-06-24 13:52:34', 'BucinBGMID', '2025-06-25 08:42:04', 'BucinBGMID', 1),
	(258, NULL, 157, 38, NULL, 55, 34, 8000, 440000, 0, 1, NULL, NULL, NULL, NULL, NULL, NULL, NULL, NULL, NULL, NULL, NULL, NULL, NULL, NULL, NULL, NULL, NULL, NULL, NULL, NULL, NULL, NULL, NULL, NULL, '2025-06-24 13:52:49', 'BucinBGMID', '2025-06-25 08:42:04', 'BucinBGMID', 1),
	(259, NULL, 158, 38, NULL, 27, 44, 1700000, 45900000, 0, 1, NULL, NULL, NULL, NULL, NULL, NULL, NULL, NULL, NULL, NULL, NULL, NULL, NULL, NULL, NULL, NULL, NULL, NULL, NULL, NULL, NULL, NULL, NULL, NULL, '2025-06-24 13:53:08', 'BucinBGMID', '2025-06-25 08:42:04', 'BucinBGMID', 1),
	(260, NULL, 159, 38, NULL, 4, 37, 664000, 2656000, 0, 1, NULL, NULL, NULL, NULL, NULL, NULL, NULL, NULL, NULL, NULL, NULL, NULL, NULL, NULL, NULL, NULL, NULL, NULL, NULL, NULL, NULL, NULL, NULL, NULL, '2025-06-24 13:53:27', 'BucinBGMID', '2025-06-25 08:42:04', 'BucinBGMID', 1),
	(261, NULL, 160, 38, NULL, 1, 30, 800000, 800000, 0, 1, NULL, NULL, NULL, NULL, NULL, NULL, NULL, NULL, NULL, NULL, NULL, NULL, NULL, NULL, NULL, NULL, NULL, NULL, NULL, NULL, NULL, NULL, NULL, NULL, '2025-06-24 13:53:43', 'BucinBGMID', '2025-06-25 08:42:04', 'BucinBGMID', 1),
	(262, NULL, 161, 38, NULL, 1, 30, 400000, 400000, 0, 1, NULL, NULL, NULL, NULL, NULL, NULL, NULL, NULL, NULL, NULL, NULL, NULL, NULL, NULL, NULL, NULL, NULL, NULL, NULL, NULL, NULL, NULL, NULL, NULL, '2025-06-24 13:53:56', 'BucinBGMID', '2025-06-25 08:42:04', 'BucinBGMID', 1),
	(263, NULL, 162, 38, NULL, 1, 45, 15000000, 15000000, 0, 1, NULL, NULL, NULL, NULL, NULL, NULL, NULL, NULL, NULL, NULL, NULL, NULL, NULL, NULL, NULL, NULL, NULL, NULL, NULL, NULL, NULL, NULL, NULL, NULL, '2025-06-24 13:54:12', 'BucinBGMID', '2025-06-25 08:42:04', 'BucinBGMID', 1),
	(267, 14, NULL, 82, NULL, NULL, NULL, NULL, NULL, 1, 0, NULL, NULL, NULL, NULL, NULL, NULL, NULL, NULL, NULL, NULL, NULL, NULL, NULL, NULL, NULL, NULL, NULL, NULL, NULL, NULL, NULL, NULL, NULL, NULL, '2025-06-26 11:36:38', 'administrator', '2025-07-08 20:16:42', 'administrator', 0),
	(268, NULL, 24, NULL, 267, 2, 33, 30000, 60000, 0, 1, NULL, NULL, NULL, NULL, NULL, NULL, NULL, NULL, NULL, NULL, NULL, NULL, NULL, NULL, NULL, NULL, NULL, NULL, NULL, NULL, NULL, NULL, NULL, NULL, '2025-06-26 11:37:38', 'administrator', '2025-07-08 20:16:39', 'administrator', 0),
	(273, NULL, 37, 24, NULL, 8, 42, 100000, 800000, 0, 1, NULL, NULL, NULL, NULL, NULL, NULL, NULL, NULL, NULL, NULL, NULL, NULL, NULL, NULL, NULL, NULL, NULL, NULL, NULL, NULL, NULL, NULL, NULL, NULL, '2025-07-01 18:58:04', 'administrator', '2025-07-01 18:58:31', 'administrator', 0),
	(274, NULL, 37, 24, NULL, 8, 42, 100000, 800000, 0, 1, NULL, NULL, NULL, NULL, NULL, NULL, NULL, NULL, NULL, NULL, NULL, NULL, NULL, NULL, NULL, NULL, NULL, NULL, NULL, NULL, NULL, NULL, NULL, NULL, '2025-07-01 18:59:13', 'administrator', '2025-07-01 18:59:18', 'administrator', 0),
	(275, NULL, 163, 69, NULL, 60, 44, 1000000, 60000000, 0, 1, NULL, NULL, 1, 1000000, NULL, NULL, NULL, NULL, NULL, NULL, 8, 8000000, NULL, NULL, NULL, NULL, NULL, NULL, NULL, NULL, NULL, NULL, NULL, NULL, '2025-07-09 19:38:53', 'administrator', '2025-07-17 15:01:04', 'superadmin', 1),
	(276, NULL, 164, 69, NULL, 480, 30, 20000, 9600000, 0, 1, NULL, NULL, NULL, NULL, NULL, NULL, NULL, NULL, NULL, NULL, NULL, NULL, NULL, NULL, NULL, NULL, NULL, NULL, NULL, NULL, NULL, NULL, NULL, NULL, '2025-07-09 19:39:56', 'administrator', '2025-07-09 19:39:56', 'administrator', 1),
	(277, NULL, 165, 69, NULL, 240, 30, 40000, 9600000, 0, 1, NULL, NULL, NULL, NULL, NULL, NULL, NULL, NULL, NULL, NULL, NULL, NULL, NULL, NULL, NULL, NULL, NULL, NULL, NULL, NULL, NULL, NULL, NULL, NULL, '2025-07-09 19:40:18', 'administrator', '2025-07-09 19:40:19', 'administrator', 1),
	(278, 35, NULL, 81, NULL, NULL, NULL, NULL, NULL, 1, 0, NULL, NULL, NULL, NULL, NULL, NULL, NULL, NULL, NULL, NULL, NULL, NULL, NULL, NULL, NULL, NULL, NULL, NULL, NULL, NULL, NULL, NULL, NULL, NULL, '2025-07-10 10:23:36', 'administrator', '2025-07-10 10:23:36', 'administrator', 1),
	(279, NULL, 166, NULL, 278, 18, 31, 50344000, 906192000, 0, 1, 1, 50344000, NULL, NULL, 2, 100688000, NULL, NULL, 3, 151032000, NULL, NULL, NULL, NULL, 4, 201376000, 2, 100688000, 2, 100688000, 2, 100688000, 2, 100688000, '2025-07-10 10:26:01', 'administrator', '2025-07-23 16:43:22', 'superadmin', 1),
	(280, NULL, 166, NULL, 278, 1, 31, 50344000, 50344000, 0, 1, NULL, NULL, NULL, NULL, NULL, NULL, NULL, NULL, NULL, NULL, NULL, NULL, NULL, NULL, NULL, NULL, NULL, NULL, NULL, NULL, NULL, NULL, NULL, NULL, '2025-07-10 10:26:40', 'administrator', '2025-07-10 10:27:07', 'administrator', 0),
	(281, NULL, 166, NULL, 278, 1, 31, 50344000, 50344000, 0, 1, NULL, NULL, NULL, NULL, NULL, NULL, NULL, NULL, NULL, NULL, NULL, NULL, NULL, NULL, NULL, NULL, NULL, NULL, NULL, NULL, NULL, NULL, NULL, NULL, '2025-07-10 10:26:47', 'administrator', '2025-07-10 10:27:09', 'administrator', 0),
	(282, NULL, 167, NULL, 278, 8, 31, 39556000, 316448000, 0, 1, 1, 39556000, NULL, NULL, 1, 39556000, NULL, NULL, 1, 39556000, NULL, NULL, NULL, NULL, 1, 39556000, 1, 39556000, 1, 39556000, 1, 39556000, 1, 39556000, '2025-07-10 10:27:34', 'administrator', '2025-07-10 10:40:24', 'administrator', 1),
	(283, NULL, 168, NULL, 278, 8, 31, 359600000, 2876800000, 0, 1, 1, 359600000, NULL, NULL, 1, 359600000, NULL, NULL, 1, 359600000, NULL, NULL, NULL, NULL, 1, 359600000, 1, 359600000, 1, 359600000, 1, 359600000, 1, 359600000, '2025-07-10 10:27:57', 'administrator', '2025-07-10 10:41:05', 'administrator', 1),
	(284, NULL, 166, 80, NULL, 1, 31, 26100000, 26100000, 0, 1, NULL, NULL, NULL, NULL, NULL, NULL, NULL, NULL, NULL, NULL, NULL, NULL, NULL, NULL, NULL, NULL, NULL, NULL, NULL, NULL, NULL, NULL, NULL, NULL, '2025-07-19 15:46:50', 'superadmin', '2025-07-19 15:46:51', 'superadmin', 1),
	(285, NULL, 167, 80, NULL, 1, 31, 20300000, 20300000, 0, 1, NULL, NULL, NULL, NULL, NULL, NULL, NULL, NULL, NULL, NULL, NULL, NULL, NULL, NULL, NULL, NULL, NULL, NULL, NULL, NULL, NULL, NULL, NULL, NULL, '2025-07-19 15:47:08', 'superadmin', '2025-07-19 15:47:09', 'superadmin', 1),
	(286, NULL, 168, 80, NULL, 1, 31, 191400000, 191400000, 0, 1, NULL, NULL, NULL, NULL, NULL, NULL, NULL, NULL, NULL, NULL, NULL, NULL, NULL, NULL, NULL, NULL, NULL, NULL, NULL, NULL, NULL, NULL, NULL, NULL, '2025-07-19 15:47:28', 'superadmin', '2025-07-19 15:47:29', 'superadmin', 1),
	(287, NULL, 169, 77, NULL, 5, 44, 1700000, 8500000, 0, 1, NULL, NULL, NULL, NULL, NULL, NULL, NULL, NULL, NULL, NULL, NULL, NULL, NULL, NULL, NULL, NULL, NULL, NULL, NULL, NULL, NULL, NULL, NULL, NULL, '2025-07-19 15:49:54', 'superadmin', '2025-07-19 15:49:55', 'superadmin', 1),
	(288, NULL, 170, 77, NULL, 30, 30, 15000, 450000, 0, 1, NULL, NULL, NULL, NULL, NULL, NULL, NULL, NULL, NULL, NULL, NULL, NULL, NULL, NULL, NULL, NULL, NULL, NULL, NULL, NULL, NULL, NULL, NULL, NULL, '2025-07-19 15:50:21', 'superadmin', '2025-07-19 15:50:21', 'superadmin', 1),
	(289, NULL, 171, 77, NULL, 30, 30, 35000, 1050000, 0, 1, NULL, NULL, NULL, NULL, NULL, NULL, NULL, NULL, NULL, NULL, NULL, NULL, NULL, NULL, NULL, NULL, NULL, NULL, NULL, NULL, NULL, NULL, NULL, NULL, '2025-07-19 15:50:46', 'superadmin', '2025-07-19 15:50:47', 'superadmin', 1),
	(290, 36, NULL, 76, NULL, NULL, NULL, NULL, NULL, 1, 0, NULL, NULL, NULL, NULL, NULL, NULL, NULL, NULL, NULL, NULL, NULL, NULL, NULL, NULL, NULL, NULL, NULL, NULL, NULL, NULL, NULL, NULL, NULL, NULL, '2025-07-19 15:51:35', 'superadmin', '2025-07-19 15:51:36', 'superadmin', 1),
	(291, NULL, 166, NULL, 290, 1, 31, 16245000, 16245000, 0, 1, NULL, NULL, NULL, NULL, 1, 16245000, NULL, NULL, NULL, NULL, NULL, NULL, NULL, NULL, NULL, NULL, NULL, NULL, NULL, NULL, NULL, NULL, NULL, NULL, '2025-07-19 15:52:42', 'superadmin', '2025-07-19 15:52:42', 'superadmin', 1),
	(292, NULL, 167, NULL, 290, 1, 31, 12635000, 12635000, 0, 1, NULL, NULL, NULL, NULL, NULL, NULL, NULL, NULL, NULL, NULL, NULL, NULL, NULL, NULL, NULL, NULL, NULL, NULL, NULL, NULL, NULL, NULL, NULL, NULL, '2025-07-19 15:53:08', 'superadmin', '2025-07-19 15:53:09', 'superadmin', 1),
	(293, NULL, 168, NULL, 290, 1, 31, 90249000, 90249000, 0, 1, NULL, NULL, NULL, NULL, NULL, NULL, NULL, NULL, NULL, NULL, NULL, NULL, NULL, NULL, NULL, NULL, NULL, NULL, NULL, NULL, NULL, NULL, NULL, NULL, '2025-07-19 15:53:25', 'superadmin', '2025-07-19 15:53:26', 'superadmin', 1),
	(294, NULL, 37, 70, NULL, 8, 34, 20000000, 160000000, 0, 1, 1, 20000000, NULL, NULL, NULL, NULL, NULL, NULL, NULL, NULL, NULL, NULL, NULL, NULL, NULL, NULL, NULL, NULL, NULL, NULL, NULL, NULL, NULL, NULL, '2025-07-23 19:55:02', 'superadmin', '2025-07-23 21:57:46', 'superadmin', 0),
	(295, NULL, 137, 70, NULL, 10, 38, 250000, 2500000, 0, 1, NULL, NULL, NULL, NULL, NULL, NULL, NULL, NULL, NULL, NULL, NULL, NULL, 2, 500000, 8, 2000000, NULL, NULL, NULL, NULL, NULL, NULL, NULL, NULL, '2025-07-29 13:47:23', 'superadmin', '2025-07-29 13:47:23', 'superadmin', 1);

-- Dumping structure for table budgeting.program
CREATE TABLE IF NOT EXISTS `program` (
  `idprogram` int NOT NULL AUTO_INCREMENT,
  `no_rekening_program` varchar(50) CHARACTER SET utf8mb4 COLLATE utf8mb4_general_ci DEFAULT NULL,
  `nama_program` varchar(200) CHARACTER SET utf8mb4 COLLATE utf8mb4_general_ci DEFAULT NULL,
  `idbidang_urusan` int DEFAULT NULL,
  `is_active` int DEFAULT '1',
  `created` datetime DEFAULT NULL,
  `createdby` varchar(50) CHARACTER SET utf8mb4 COLLATE utf8mb4_general_ci DEFAULT NULL,
  `updated` datetime DEFAULT NULL,
  `updatedby` varchar(50) CHARACTER SET utf8mb4 COLLATE utf8mb4_general_ci DEFAULT NULL,
  `status` int DEFAULT '1',
  PRIMARY KEY (`idprogram`) USING BTREE,
  KEY `is_active` (`is_active`) USING BTREE,
  KEY `status` (`status`) USING BTREE,
  KEY `no_rekening_urusan` (`no_rekening_program`) USING BTREE,
  KEY `nama_urusan` (`nama_program`) USING BTREE,
  KEY `tahun_anggaran_urusan` (`idbidang_urusan`) USING BTREE
) ENGINE=InnoDB AUTO_INCREMENT=6 DEFAULT CHARSET=utf8mb4 COLLATE=utf8mb4_general_ci ROW_FORMAT=DYNAMIC;

-- Dumping data for table budgeting.program: ~5 rows (approximately)
INSERT INTO `program` (`idprogram`, `no_rekening_program`, `nama_program`, `idbidang_urusan`, `is_active`, `created`, `createdby`, `updated`, `updatedby`, `status`) VALUES
	(1, '01', 'PROGRAM PENUNJANG URUSAN PEMERINTAHAN DAERAH PROVINSI', 1, 1, '2025-06-16 10:34:13', 'BucinBGMID', '2025-06-17 08:52:18', 'BucinBGMID', 1),
	(2, '02', 'PROGRAM PEMENUHAN UPAYA KESEHATAN PERORANGAN DAN UPAYA KESEHATAN MASYARAKAT', 1, 1, '2025-06-16 15:58:30', 'BucinBGMID', '2025-07-22 17:32:16', 'superadmin', 1),
	(3, '03', 'PROGRAM PENUNJANG URUSAN PEMERINTAHAN DAERAH PROVINSI TAHUN 2025', 1, 1, '2025-06-17 07:50:44', 'BucinBGMID', '2025-06-17 07:52:00', 'BucinBGMID', 0),
	(4, '012021', 'okok', 5, 1, '2025-06-23 14:18:01', 'BucinBGMID', '2025-06-23 14:20:55', 'BucinBGMID', 0),
	(5, '02', 'PROGRAM PEMENUHAN UPAYA KESEHATAN PERORANGAN DAN UPAYA KESEHATAN MASYARAKAT 25', 1, 1, '2025-06-23 14:29:05', 'BucinBGMID', '2025-06-23 14:29:56', 'BucinBGMID', 0);

-- Dumping structure for table budgeting.role
CREATE TABLE IF NOT EXISTS `role` (
  `idrole` int NOT NULL AUTO_INCREMENT,
  `parent` int DEFAULT NULL,
  `name` varchar(100) DEFAULT NULL,
  `title` varchar(100) DEFAULT NULL,
  `description` varchar(200) DEFAULT NULL,
  `created` datetime DEFAULT NULL,
  `createdby` varchar(50) DEFAULT NULL,
  `updated` datetime DEFAULT NULL,
  `updatedby` varchar(50) DEFAULT NULL,
  `status` int DEFAULT '1',
  PRIMARY KEY (`idrole`)
) ENGINE=InnoDB AUTO_INCREMENT=7 DEFAULT CHARSET=latin1;

-- Dumping data for table budgeting.role: ~3 rows (approximately)
INSERT INTO `role` (`idrole`, `parent`, `name`, `title`, `description`, `created`, `createdby`, `updated`, `updatedby`, `status`) VALUES
	(1, 0, 'administrator', 'Superadmin', 'Superadmin', '2022-04-04 12:00:00', 'superadmin', '2022-04-04 12:00:00', 'superadmin', 1),
	(4, 0, 'verifikator', 'Verifikator', 'Verifikator', '2022-04-04 12:00:00', 'superadmin', '2022-04-04 12:00:00', 'superadmin', 1),
	(5, 0, 'bendahara', 'Bendahara', 'Bendahara', '2022-04-04 12:00:00', 'superadmin', '2022-04-04 12:00:00', 'superadmin', 1),
	(6, 0, 'admin', 'Admin', 'Admin', '2022-04-04 12:00:00', 'superadmin', '2022-04-04 12:00:00', 'superadmin', 1);

-- Dumping structure for table budgeting.ruang
CREATE TABLE IF NOT EXISTS `ruang` (
  `idruang` int NOT NULL AUTO_INCREMENT,
  `nama_ruang` varchar(200) CHARACTER SET utf8mb4 COLLATE utf8mb4_general_ci DEFAULT NULL,
  `is_active` int DEFAULT '1',
  `created` datetime DEFAULT NULL,
  `createdby` varchar(50) CHARACTER SET utf8mb4 COLLATE utf8mb4_general_ci DEFAULT NULL,
  `updated` datetime DEFAULT NULL,
  `updatedby` varchar(50) CHARACTER SET utf8mb4 COLLATE utf8mb4_general_ci DEFAULT NULL,
  `status` int DEFAULT '1',
  PRIMARY KEY (`idruang`) USING BTREE,
  KEY `is_active` (`is_active`) USING BTREE,
  KEY `status` (`status`) USING BTREE,
  KEY `nama_urusan` (`nama_ruang`) USING BTREE
) ENGINE=InnoDB AUTO_INCREMENT=66 DEFAULT CHARSET=utf8mb4 COLLATE=utf8mb4_general_ci ROW_FORMAT=DYNAMIC;

-- Dumping data for table budgeting.ruang: ~8 rows (approximately)
INSERT INTO `ruang` (`idruang`, `nama_ruang`, `is_active`, `created`, `createdby`, `updated`, `updatedby`, `status`) VALUES
	(56, 'Ortotik Prostetik', 1, '2025-07-08 17:58:26', 'administrator', '2025-07-08 17:58:27', 'administrator', 1),
	(57, '3D Printing', 1, '2025-07-08 17:58:34', 'administrator', '2025-07-08 17:58:34', 'administrator', 1),
	(58, 'Ruang USG', 1, '2025-07-08 17:58:42', 'administrator', '2025-07-08 17:58:42', 'administrator', 1),
	(59, 'Ruang Alat Panometic', 1, '2025-07-08 17:58:49', 'administrator', '2025-07-08 17:58:49', 'administrator', 1),
	(60, 'Operator radiologi', 1, '2025-07-08 17:58:55', 'administrator', '2025-07-08 17:58:56', 'administrator', 1),
	(61, 'Gudang', 1, '2025-07-08 17:59:04', 'administrator', '2025-07-08 17:59:04', 'administrator', 1),
	(62, 'Ruang x-ray 1', 1, '2025-07-08 17:59:11', 'administrator', '2025-07-08 17:59:11', 'administrator', 1),
	(63, 'Ruang x-ray 2', 1, '2025-07-08 17:59:19', 'administrator', '2025-07-08 17:59:19', 'administrator', 1),
	(64, 'Ruang IT', 1, '2025-07-08 17:59:28', 'administrator', '2025-07-08 17:59:29', 'administrator', 1),
	(65, 'Ruang Server', 1, '2025-07-08 17:59:42', 'administrator', '2025-07-22 19:43:46', 'superadmin', 1);

-- Dumping structure for table budgeting.satuan
CREATE TABLE IF NOT EXISTS `satuan` (
  `idsatuan` int NOT NULL AUTO_INCREMENT,
  `nama_satuan` varchar(200) CHARACTER SET utf8mb4 COLLATE utf8mb4_general_ci DEFAULT NULL,
  `is_active` int DEFAULT '1',
  `created` datetime DEFAULT NULL,
  `createdby` varchar(50) CHARACTER SET utf8mb4 COLLATE utf8mb4_general_ci DEFAULT NULL,
  `updated` datetime DEFAULT NULL,
  `updatedby` varchar(50) CHARACTER SET utf8mb4 COLLATE utf8mb4_general_ci DEFAULT NULL,
  `status` int DEFAULT '1',
  PRIMARY KEY (`idsatuan`) USING BTREE,
  KEY `is_active` (`is_active`) USING BTREE,
  KEY `status` (`status`) USING BTREE,
  KEY `nama_urusan` (`nama_satuan`) USING BTREE
) ENGINE=InnoDB AUTO_INCREMENT=47 DEFAULT CHARSET=utf8mb4 COLLATE=utf8mb4_general_ci ROW_FORMAT=DYNAMIC;

-- Dumping data for table budgeting.satuan: ~18 rows (approximately)
INSERT INTO `satuan` (`idsatuan`, `nama_satuan`, `is_active`, `created`, `createdby`, `updated`, `updatedby`, `status`) VALUES
	(29, 'ob', 1, '2025-06-23 08:37:45', 'BucinBGMID', '2025-06-23 08:37:46', 'BucinBGMID', 1),
	(30, 'ok', 1, '2025-06-23 08:37:55', 'BucinBGMID', '2025-06-23 08:37:56', 'BucinBGMID', 1),
	(31, 'LS', 1, '2025-06-23 08:38:03', 'BucinBGMID', '2025-06-23 08:38:03', 'BucinBGMID', 1),
	(32, 'pasien', 1, '2025-06-23 08:38:09', 'BucinBGMID', '2025-06-23 08:38:09', 'BucinBGMID', 1),
	(33, 'org', 1, '2025-06-23 08:38:18', 'BucinBGMID', '2025-06-23 08:38:18', 'BucinBGMID', 1),
	(34, 'bh', 1, '2025-06-23 08:39:03', 'BucinBGMID', '2025-06-23 08:39:03', 'BucinBGMID', 1),
	(35, 'pak', 1, '2025-06-23 08:39:10', 'BucinBGMID', '2025-06-23 08:39:10', 'BucinBGMID', 1),
	(36, 'kali', 1, '2025-06-23 08:39:14', 'BucinBGMID', '2025-06-23 08:39:14', 'BucinBGMID', 1),
	(37, 'oh', 1, '2025-06-23 08:39:34', 'BucinBGMID', '2025-06-23 08:39:34', 'BucinBGMID', 1),
	(38, 'unit', 1, '2025-06-23 08:39:54', 'BucinBGMID', '2025-06-23 08:39:55', 'BucinBGMID', 1),
	(39, 'set', 1, '2025-06-23 08:40:19', 'BucinBGMID', '2025-06-23 08:40:20', 'BucinBGMID', 1),
	(40, 'dus', 1, '2025-06-23 08:41:01', 'BucinBGMID', '2025-06-23 08:41:02', 'BucinBGMID', 1),
	(41, 'paket', 1, '2025-06-23 08:41:23', 'BucinBGMID', '2025-06-23 08:41:24', 'BucinBGMID', 1),
	(42, 'box', 1, '2025-06-23 08:41:27', 'BucinBGMID', '2025-06-23 08:41:28', 'BucinBGMID', 1),
	(43, 'Pt', 1, '2025-06-23 08:41:48', 'BucinBGMID', '2025-06-23 08:41:56', 'BucinBGMID', 1),
	(44, 'oj', 1, '2025-06-23 08:58:51', 'BucinBGMID', '2025-06-23 08:58:51', 'BucinBGMID', 1),
	(45, 'keg', 1, '2025-06-23 08:59:07', 'BucinBGMID', '2025-07-22 19:46:13', 'superadmin', 1),
	(46, 'kegxxx', 1, '2025-06-23 15:20:02', 'BucinBGMID', '2025-06-23 15:20:05', 'BucinBGMID', 0);

-- Dumping structure for table budgeting.sub_kategori
CREATE TABLE IF NOT EXISTS `sub_kategori` (
  `idsub_kategori` int NOT NULL AUTO_INCREMENT,
  `nama_sub_kategori` varchar(200) CHARACTER SET utf8mb4 COLLATE utf8mb4_general_ci DEFAULT NULL,
  `is_gender` varchar(200) DEFAULT NULL COMMENT '0 : tidak wajib isi gender; 1: wajib isi gender',
  `is_description` varchar(200) DEFAULT NULL COMMENT '0 : tidak wajib isi keterangan; 1: wajib isi keterangan',
  `is_room` varchar(200) DEFAULT NULL COMMENT '0 : tidak wajib isi ruang; 1: wajib isi ruang',
  `is_name_training` varchar(200) DEFAULT NULL COMMENT '0 : tidak wajib isi nama diklat; 1: wajib isi nama diklat',
  `is_active` int DEFAULT '1',
  `created` datetime DEFAULT NULL,
  `createdby` varchar(50) CHARACTER SET utf8mb4 COLLATE utf8mb4_general_ci DEFAULT NULL,
  `updated` datetime DEFAULT NULL,
  `updatedby` varchar(50) CHARACTER SET utf8mb4 COLLATE utf8mb4_general_ci DEFAULT NULL,
  `status` int DEFAULT '1',
  PRIMARY KEY (`idsub_kategori`) USING BTREE,
  KEY `is_active` (`is_active`) USING BTREE,
  KEY `status` (`status`) USING BTREE,
  KEY `nama_urusan` (`nama_sub_kategori`) USING BTREE,
  KEY `is_gender` (`is_gender`)
) ENGINE=InnoDB AUTO_INCREMENT=172 DEFAULT CHARSET=utf8mb4 COLLATE=utf8mb4_general_ci ROW_FORMAT=DYNAMIC;

-- Dumping data for table budgeting.sub_kategori: ~150 rows (approximately)
INSERT INTO `sub_kategori` (`idsub_kategori`, `nama_sub_kategori`, `is_gender`, `is_description`, `is_room`, `is_name_training`, `is_active`, `created`, `createdby`, `updated`, `updatedby`, `status`) VALUES
	(16, 'Pejabat Pengadaan (2 orang x 12 bulan)', '1', '1', '1', '1', 1, '2025-06-19 10:16:45', 'BucinBGMID', '2025-07-25 14:14:35', 'superadmin', 1),
	(17, 'Kuasa Pengguna Anggaran (1 orang x 12 bulan)', '1', NULL, NULL, NULL, 1, '2025-06-19 10:17:02', 'BucinBGMID', '2025-06-30 11:00:53', 'administrator', 1),
	(18, 'Pejabat Pembuat Komitmen (1 orang x 12 bulan)', '1', NULL, NULL, NULL, 1, '2025-06-19 10:17:13', 'BucinBGMID', '2025-06-30 09:00:35', 'administrator', 1),
	(19, 'Ketua Tim Teknis (2 orang x 12 bulan)', '1', NULL, NULL, NULL, 1, '2025-06-19 10:17:31', 'BucinBGMID', '2025-06-30 09:01:11', 'administrator', 1),
	(20, 'Sekretaris Tim Teknis (2 orang x 12 bulan)', '1', NULL, NULL, NULL, 1, '2025-06-19 10:17:42', 'BucinBGMID', '2025-06-30 09:01:15', 'administrator', 1),
	(21, 'Anggota Tim Teknis (2 orang x 12 bulan)', '1', NULL, NULL, NULL, 1, '2025-06-19 10:17:53', 'BucinBGMID', '2025-06-30 09:01:42', 'administrator', 1),
	(22, 'Ketua (1 org x 8 bulan)', NULL, NULL, NULL, NULL, 1, '2025-06-19 10:19:26', 'BucinBGMID', '2025-06-30 09:01:55', 'administrator', 1),
	(23, 'Seketaris (1 org x 8 bulan)', NULL, NULL, NULL, NULL, 1, '2025-06-19 10:19:35', 'BucinBGMID', '2025-06-19 10:19:35', 'BucinBGMID', 1),
	(24, 'Anggota (2 org x 8 bulan)', NULL, NULL, NULL, NULL, 1, '2025-06-19 10:19:42', 'BucinBGMID', '2025-06-19 10:19:42', 'BucinBGMID', 1),
	(25, 'Nasi Kotak (20 org x 8 kl)', NULL, NULL, NULL, NULL, 1, '2025-06-19 10:20:05', 'BucinBGMID', '2025-06-19 10:20:05', 'BucinBGMID', 1),
	(26, 'Kue Kotak (20 org x 8 kl)', NULL, NULL, NULL, NULL, 1, '2025-06-19 10:20:12', 'BucinBGMID', '2025-06-19 10:20:12', 'BucinBGMID', 1),
	(27, 'Uang harian Dewan Pengawas BLUD (1 org x 8 kali)', NULL, NULL, NULL, NULL, 1, '2025-06-19 10:20:27', 'BucinBGMID', '2025-06-19 10:20:27', 'BucinBGMID', 1),
	(28, 'Biaya Transport Dewan Pengawas BLUD (1 org x 8 kali)', NULL, NULL, NULL, NULL, 1, '2025-06-19 10:20:41', 'BucinBGMID', '2025-06-19 10:20:41', 'BucinBGMID', 1),
	(29, 'Paket Pengiriman', NULL, NULL, NULL, NULL, 1, '2025-06-23 11:34:49', 'BucinBGMID', '2025-06-23 11:34:50', 'BucinBGMID', 1),
	(30, 'Pengantaran Obat Pasien (10 pasien x 22 hari x 12 bln)', '1', NULL, NULL, NULL, 1, '2025-06-23 11:35:02', 'BucinBGMID', '2025-07-19 10:41:49', 'superadmin', 1),
	(31, 'Golongan DIII (8 Org x 12 bulan)', NULL, NULL, NULL, NULL, 1, '2025-06-23 11:39:46', 'BucinBGMID', '2025-06-23 11:39:46', 'BucinBGMID', 1),
	(32, 'Golongan DIV / S 1  (13 Org x 12 bulan)', NULL, NULL, NULL, NULL, 1, '2025-06-23 11:40:01', 'BucinBGMID', '2025-06-23 11:40:02', 'BucinBGMID', 1),
	(33, 'Golongan DIV / S 2  (2 Org x 12 bulan) ', NULL, NULL, NULL, NULL, 1, '2025-06-23 11:40:14', 'BucinBGMID', '2025-06-23 11:40:15', 'BucinBGMID', 1),
	(34, 'Golongan DIII (8 Org x 1 bulan)', NULL, NULL, NULL, NULL, 1, '2025-06-23 11:40:30', 'BucinBGMID', '2025-06-23 11:40:30', 'BucinBGMID', 1),
	(35, 'Golongan DIV / S 1  (13 Org x 1 bulan)', NULL, NULL, NULL, NULL, 1, '2025-06-23 11:40:48', 'BucinBGMID', '2025-06-23 11:40:49', 'BucinBGMID', 1),
	(36, 'Golongan DIV / S 2  (2 Org x 1 bulan)', NULL, NULL, NULL, NULL, 1, '2025-06-23 11:41:18', 'BucinBGMID', '2025-06-23 11:41:19', 'BucinBGMID', 1),
	(37, '23 orang x Rp. 1.200.000', NULL, NULL, NULL, NULL, 1, '2025-06-23 11:41:31', 'BucinBGMID', '2025-06-23 11:41:32', 'BucinBGMID', 1),
	(38, 'Golongan SMA (44 Org x 12 bulan)', NULL, NULL, NULL, NULL, 1, '2025-06-23 13:19:07', 'BucinBGMID', '2025-06-23 13:19:07', 'BucinBGMID', 1),
	(39, 'Golongan DIII (4 Org x 12 bulan)', NULL, NULL, NULL, NULL, 1, '2025-06-23 13:19:24', 'BucinBGMID', '2025-06-23 13:19:24', 'BucinBGMID', 1),
	(40, 'Golongan DIV / S 1  (13 Org x 12 bulan)', NULL, NULL, NULL, NULL, 1, '2025-06-23 13:19:43', 'BucinBGMID', '2025-06-23 13:22:28', 'BucinBGMID', 0),
	(41, 'Golongan SMA (44 Org x 1 bulan)', NULL, NULL, NULL, NULL, 1, '2025-06-23 13:25:53', 'BucinBGMID', '2025-06-23 13:25:54', 'BucinBGMID', 1),
	(42, 'Golongan DIII (4 Org x 1 bulan)', NULL, NULL, NULL, NULL, 1, '2025-06-23 13:26:13', 'BucinBGMID', '2025-06-23 13:26:13', 'BucinBGMID', 1),
	(43, '61 orang x Rp. 1.200.000', NULL, NULL, NULL, NULL, 1, '2025-06-23 13:28:49', 'BucinBGMID', '2025-06-23 13:28:50', 'BucinBGMID', 1),
	(44, 'Iuran BPJS  ketenagakerjaan (JKK) untuk PTT-PK (84 org x 12 bulan)', NULL, NULL, NULL, NULL, 1, '2025-06-23 13:29:47', 'BucinBGMID', '2025-06-23 13:29:48', 'BucinBGMID', 1),
	(45, 'Iuran BPJS  Ketenagakerjaan (JKM) untuk PTT-PK (84 org x 12 bulan)', NULL, NULL, NULL, NULL, 1, '2025-06-23 13:30:09', 'BucinBGMID', '2025-06-23 13:30:10', 'BucinBGMID', 1),
	(46, 'Iuran BPJS Kesehatan untuk PTT-PK (84 org x 12 bulan)', NULL, NULL, NULL, NULL, 1, '2025-06-23 13:30:21', 'BucinBGMID', '2025-06-23 13:30:22', 'BucinBGMID', 1),
	(47, 'Iuran BPJS  Ketenagakerjaan (JP) untuk PTT-PK (84 org x 12 bulan)', NULL, NULL, NULL, NULL, 1, '2025-06-23 13:30:32', 'BucinBGMID', '2025-06-23 13:30:33', 'BucinBGMID', 1),
	(48, 'Iuran BPJS Ketenagakerjaan (JHT) untuk PTT-PK (84 org x 12 bulan)', NULL, NULL, NULL, NULL, 1, '2025-06-23 13:30:49', 'BucinBGMID', '2025-06-23 13:30:49', 'BucinBGMID', 1),
	(49, 'Nasi Kotak Kunjungan Tamu Kedinasan (10 org x 1 hari x 50 kali)', NULL, NULL, NULL, NULL, 1, '2025-06-23 13:34:46', 'BucinBGMID', '2025-06-23 13:34:47', 'BucinBGMID', 1),
	(50, 'Kue Kotak Kunjungan Tamu Kedinasan (10 org x 1 hari x 50 kali)', NULL, NULL, NULL, NULL, 1, '2025-06-23 13:34:57', 'BucinBGMID', '2025-06-23 15:11:05', 'BucinBGMID', 1),
	(51, 'Kue Kotak Kunjungan Tamu Kedinasan (10 org x 1 hari x 50 kali)2222', NULL, NULL, NULL, NULL, 1, '2025-06-23 15:16:46', 'BucinBGMID', '2025-06-23 15:16:55', 'BucinBGMID', 0),
	(52, 'Kue kotak u/ peserta, panitia & penyuluh pkrs (40 org x 24 kali)', NULL, NULL, NULL, NULL, 1, '2025-06-23 15:43:47', 'BucinBGMID', '2025-06-23 15:43:47', 'BucinBGMID', 1),
	(53, 'Nasi kotak u/ rapat evaluasi (15 org x 2 kali)', NULL, NULL, NULL, NULL, 1, '2025-06-23 15:44:17', 'BucinBGMID', '2025-06-23 15:44:17', 'BucinBGMID', 1),
	(54, 'Poster', NULL, NULL, NULL, NULL, 1, '2025-06-23 15:44:26', 'BucinBGMID', '2025-06-23 15:44:27', 'BucinBGMID', 1),
	(55, 'Leaflet', NULL, NULL, NULL, NULL, 1, '2025-06-23 15:44:38', 'BucinBGMID', '2025-06-23 15:44:38', 'BucinBGMID', 1),
	(56, 'Banner', NULL, NULL, NULL, NULL, 1, '2025-06-23 15:44:50', 'BucinBGMID', '2025-06-23 15:44:51', 'BucinBGMID', 1),
	(57, 'Tali Tampar', NULL, NULL, NULL, NULL, 1, '2025-06-23 15:45:00', 'BucinBGMID', '2025-06-23 15:45:01', 'BucinBGMID', 1),
	(58, 'Kabel Ties', NULL, NULL, NULL, NULL, 1, '2025-06-23 15:45:12', 'BucinBGMID', '2025-06-23 15:45:12', 'BucinBGMID', 1),
	(59, 'Canva Pro Berlangganan', NULL, NULL, NULL, NULL, 1, '2025-06-23 15:45:21', 'BucinBGMID', '2025-06-23 15:45:21', 'BucinBGMID', 1),
	(60, 'Kartu nama customer care', NULL, NULL, NULL, NULL, 1, '2025-06-23 15:45:30', 'BucinBGMID', '2025-06-23 15:45:31', 'BucinBGMID', 1),
	(61, 'Flasdisk 32gb', NULL, NULL, NULL, NULL, 1, '2025-06-23 15:45:43', 'BucinBGMID', '2025-06-23 15:45:44', 'BucinBGMID', 1),
	(62, 'Breket TV', NULL, NULL, NULL, NULL, 1, '2025-06-23 15:45:55', 'BucinBGMID', '2025-06-23 15:45:56', 'BucinBGMID', 1),
	(63, 'Iklan Media Cetak 1/4 Halaman', NULL, NULL, NULL, NULL, 1, '2025-06-23 15:46:04', 'BucinBGMID', '2025-06-23 15:46:04', 'BucinBGMID', 1),
	(64, 'Iklan Media Cetak 1/2 Halaman', NULL, NULL, NULL, NULL, 1, '2025-06-23 15:46:12', 'BucinBGMID', '2025-06-23 15:46:12', 'BucinBGMID', 1),
	(65, 'Adlibs Trafific Hour', NULL, NULL, NULL, NULL, 1, '2025-06-23 15:46:20', 'BucinBGMID', '2025-06-23 15:46:20', 'BucinBGMID', 1),
	(66, 'Uang Transport Perjalanan dinas di dalam kota yang kurang dari 8 (delapan) jam', NULL, NULL, NULL, NULL, 1, '2025-06-23 15:46:32', 'BucinBGMID', '2025-06-23 15:46:32', 'BucinBGMID', 1),
	(67, 'Papan Akrilik', NULL, NULL, NULL, NULL, 1, '2025-06-23 15:46:50', 'BucinBGMID', '2025-06-23 15:46:50', 'BucinBGMID', 1),
	(68, 'TV 85 Inch', NULL, NULL, NULL, NULL, 1, '2025-06-23 15:46:58', 'BucinBGMID', '2025-06-23 15:46:59', 'BucinBGMID', 1),
	(69, 'Standing Breket TV', NULL, NULL, NULL, NULL, 1, '2025-06-23 15:47:06', 'BucinBGMID', '2025-06-23 15:47:06', 'BucinBGMID', 1),
	(70, 'Gaji SPV (2 org x 12 bln)', '1', NULL, NULL, NULL, 1, '2025-06-24 08:53:44', 'BucinBGMID', '2025-06-30 15:46:57', 'administrator', 1),
	(71, 'Gaji tenaga pelaksana (33 org x 12 bln)', '1', NULL, NULL, NULL, 1, '2025-06-24 08:53:53', 'BucinBGMID', '2025-06-30 15:47:08', 'administrator', 1),
	(72, 'Bahan pakai habis', '0', NULL, NULL, NULL, 1, '2025-06-24 08:54:02', 'BucinBGMID', '2025-06-30 15:47:19', 'administrator', 1),
	(73, 'Sewa Peralatan Outsoursing Cleaning Service', '0', NULL, NULL, NULL, 1, '2025-06-24 08:54:11', 'BucinBGMID', '2025-06-30 15:47:28', 'administrator', 1),
	(74, 'Gaji Satpam (12 org x 12 bln)', '1', NULL, NULL, NULL, 1, '2025-06-24 08:57:55', 'BucinBGMID', '2025-06-30 15:50:43', 'administrator', 1),
	(75, 'Seragam PDH Satpam (Paket)', NULL, NULL, NULL, NULL, 1, '2025-06-24 08:58:12', 'BucinBGMID', '2025-06-24 08:58:13', 'BucinBGMID', 1),
	(76, 'Jas hujan security satpam setelan', NULL, NULL, NULL, NULL, 1, '2025-06-24 08:58:21', 'BucinBGMID', '2025-06-24 08:58:28', 'BucinBGMID', 1),
	(77, 'Kue Kotak (20 org x 58 kali)', NULL, NULL, NULL, NULL, 1, '2025-06-24 09:04:04', 'BucinBGMID', '2025-06-24 09:04:04', 'BucinBGMID', 1),
	(78, 'Nasi Kotak (20 org x 12 kali)', NULL, NULL, NULL, NULL, 1, '2025-06-24 09:04:15', 'BucinBGMID', '2025-06-24 09:04:16', 'BucinBGMID', 1),
	(79, 'Kue Kotak (20 org x 12 kali)', NULL, NULL, NULL, NULL, 1, '2025-06-24 09:04:24', 'BucinBGMID', '2025-06-24 09:04:24', 'BucinBGMID', 1),
	(80, 'Nasi Kotak (10 org x 5 kali)', NULL, NULL, NULL, NULL, 1, '2025-06-24 09:04:35', 'BucinBGMID', '2025-06-24 09:04:36', 'BucinBGMID', 1),
	(81, 'Kue Kotak (10 org x 5 kali)', NULL, NULL, NULL, NULL, 1, '2025-06-24 09:04:45', 'BucinBGMID', '2025-06-24 09:04:45', 'BucinBGMID', 1),
	(82, 'Nasi Kotak (30 org x 3 kali)', NULL, NULL, NULL, NULL, 1, '2025-06-24 09:05:00', 'BucinBGMID', '2025-06-24 09:05:01', 'BucinBGMID', 1),
	(83, 'Kue Kotak (30 org x 3 kali)', NULL, NULL, NULL, NULL, 1, '2025-06-24 09:05:09', 'BucinBGMID', '2025-06-24 09:05:09', 'BucinBGMID', 1),
	(84, 'Nasi Kotak (30 org x 5 kali)', NULL, NULL, NULL, NULL, 1, '2025-06-24 09:05:21', 'BucinBGMID', '2025-06-24 09:05:21', 'BucinBGMID', 1),
	(85, 'Kue Kotak (30 org x 5 kali)', NULL, NULL, NULL, NULL, 1, '2025-06-24 09:05:29', 'BucinBGMID', '2025-06-24 09:05:30', 'BucinBGMID', 1),
	(86, 'Nasi Kotak (36 org x 6 kali)', NULL, NULL, NULL, NULL, 1, '2025-06-24 09:15:47', 'BucinBGMID', '2025-06-24 09:15:48', 'BucinBGMID', 1),
	(87, 'Kue Kotak (36 org x 6 kali)', NULL, NULL, NULL, NULL, 1, '2025-06-24 09:15:55', 'BucinBGMID', '2025-06-24 09:15:55', 'BucinBGMID', 1),
	(88, 'Nasi Kotak (40 orang x 1 kali)', NULL, NULL, NULL, NULL, 1, '2025-06-24 09:16:07', 'BucinBGMID', '2025-06-24 09:16:08', 'BucinBGMID', 1),
	(89, 'Nasi Kotak (25 org x 4 kali)', NULL, NULL, NULL, NULL, 1, '2025-06-24 09:16:16', 'BucinBGMID', '2025-06-24 09:16:16', 'BucinBGMID', 1),
	(90, 'Kue Kotak (25 org x 4 kali)', NULL, NULL, NULL, NULL, 1, '2025-06-24 09:16:37', 'BucinBGMID', '2025-06-24 09:16:37', 'BucinBGMID', 1),
	(91, 'Kue Kotak (17 orang x 12 kali)', NULL, NULL, NULL, NULL, 1, '2025-06-24 09:16:47', 'BucinBGMID', '2025-06-24 09:16:47', 'BucinBGMID', 1),
	(92, 'Kue Kotak (35 orang x 3 kali)', NULL, NULL, NULL, NULL, 1, '2025-06-24 09:17:02', 'BucinBGMID', '2025-06-24 09:17:03', 'BucinBGMID', 1),
	(93, 'Kue Kotak (20 orang x 15 kali)', NULL, NULL, NULL, NULL, 1, '2025-06-24 09:18:45', 'BucinBGMID', '2025-06-24 09:18:46', 'BucinBGMID', 1),
	(94, 'Snak u/ senam kebugaran (50 org x 4 minggu x 12 bln)', NULL, NULL, NULL, NULL, 1, '2025-06-24 09:18:53', 'BucinBGMID', '2025-06-24 09:18:53', 'BucinBGMID', 1),
	(95, 'Minuman Showcase u/ Pengunjung Rawat Jalan', NULL, NULL, NULL, NULL, 1, '2025-06-24 09:19:01', 'BucinBGMID', '2025-06-24 09:19:01', 'BucinBGMID', 1),
	(96, 'Nasi Kotak (25 org x 8 kali)', NULL, NULL, NULL, NULL, 1, '2025-06-24 09:19:15', 'BucinBGMID', '2025-06-24 09:19:16', 'BucinBGMID', 1),
	(97, 'Kue Kotak (25 org x 15 kali)', NULL, NULL, NULL, NULL, 1, '2025-06-24 09:19:23', 'BucinBGMID', '2025-06-24 09:19:24', 'BucinBGMID', 1),
	(98, 'Transport lokal (30 org x 1 kali)', NULL, NULL, NULL, NULL, 1, '2025-06-24 10:48:20', 'BucinBGMID', '2025-06-24 10:48:20', 'BucinBGMID', 1),
	(99, 'Paket souvenir', NULL, NULL, NULL, NULL, 1, '2025-06-24 10:48:44', 'BucinBGMID', '2025-06-24 10:48:45', 'BucinBGMID', 1),
	(100, 'Kue Kotak  (50 org x 4 kali)', NULL, NULL, NULL, NULL, 1, '2025-06-24 10:48:58', 'BucinBGMID', '2025-06-24 10:48:59', 'BucinBGMID', 1),
	(101, 'Nasi Kotak  (50 org x 4 kali)', NULL, NULL, NULL, NULL, 1, '2025-06-24 10:49:06', 'BucinBGMID', '2025-06-24 10:49:06', 'BucinBGMID', 1),
	(102, 'Strip GDA', NULL, NULL, NULL, NULL, 1, '2025-06-24 10:49:14', 'BucinBGMID', '2025-06-24 10:49:15', 'BucinBGMID', 1),
	(103, 'Strip Asam Urat', NULL, NULL, NULL, NULL, 1, '2025-06-24 10:49:22', 'BucinBGMID', '2025-06-24 10:49:22', 'BucinBGMID', 1),
	(104, 'Kue Kotak   (240 org x 1 kali)', NULL, NULL, NULL, NULL, 1, '2025-06-24 10:52:39', 'BucinBGMID', '2025-06-24 10:52:40', 'BucinBGMID', 1),
	(105, 'Kue Kotak  (30 org x 2 kali)', NULL, NULL, NULL, NULL, 1, '2025-06-24 10:54:28', 'BucinBGMID', '2025-06-24 10:54:29', 'BucinBGMID', 1),
	(106, 'Nasi Kotak  (30 org x 2 kali)', NULL, NULL, NULL, NULL, 1, '2025-06-24 10:54:36', 'BucinBGMID', '2025-06-24 10:54:36', 'BucinBGMID', 1),
	(107, 'Tote Bag Kanvas', NULL, NULL, NULL, NULL, 1, '2025-06-24 10:55:36', 'BucinBGMID', '2025-06-24 10:55:37', 'BucinBGMID', 1),
	(108, 'Paket sembako', NULL, NULL, NULL, NULL, 1, '2025-06-24 10:55:46', 'BucinBGMID', '2025-06-24 10:55:46', 'BucinBGMID', 1),
	(109, 'Tumpeng Besar', NULL, NULL, NULL, NULL, 1, '2025-06-24 10:55:54', 'BucinBGMID', '2025-06-24 10:55:54', 'BucinBGMID', 1),
	(110, 'Sewa Sound system', NULL, NULL, NULL, NULL, 1, '2025-06-24 10:56:15', 'BucinBGMID', '2025-06-24 10:56:15', 'BucinBGMID', 1),
	(111, 'Sewa Panggung', NULL, NULL, NULL, NULL, 1, '2025-06-24 10:56:24', 'BucinBGMID', '2025-06-24 10:56:25', 'BucinBGMID', 1),
	(112, 'Sewa Tenda dan kursi', NULL, NULL, NULL, NULL, 1, '2025-06-24 10:56:39', 'BucinBGMID', '2025-06-24 10:56:39', 'BucinBGMID', 1),
	(113, 'Biaya Transport Lokal', NULL, NULL, NULL, NULL, 1, '2025-06-24 10:56:46', 'BucinBGMID', '2025-06-24 10:56:47', 'BucinBGMID', 1),
	(114, 'Kue Kotak  (415 org x 1 kali)', NULL, NULL, NULL, NULL, 1, '2025-06-24 11:02:26', 'BucinBGMID', '2025-06-24 11:02:26', 'BucinBGMID', 1),
	(115, 'Pemeliharaan Ventilator', NULL, NULL, NULL, NULL, 1, '2025-06-24 11:15:16', 'BucinBGMID', '2025-06-24 11:15:17', 'BucinBGMID', 1),
	(116, 'Pemeliharaan C-ARM', NULL, NULL, NULL, NULL, 1, '2025-06-24 11:15:24', 'BucinBGMID', '2025-06-24 11:15:24', 'BucinBGMID', 1),
	(117, 'Pemeliharaan USG', NULL, NULL, NULL, NULL, 1, '2025-06-24 11:15:33', 'BucinBGMID', '2025-06-24 11:15:34', 'BucinBGMID', 1),
	(118, 'Pemeliharaan Pasien Monitor', NULL, NULL, NULL, NULL, 1, '2025-06-24 11:15:43', 'BucinBGMID', '2025-06-24 11:15:43', 'BucinBGMID', 1),
	(119, 'Pemeliharaan Autoclave', NULL, NULL, NULL, NULL, 1, '2025-06-24 11:15:52', 'BucinBGMID', '2025-06-24 11:15:52', 'BucinBGMID', 1),
	(120, 'Pemeliharaan CPAP', NULL, NULL, NULL, NULL, 1, '2025-06-24 11:16:05', 'BucinBGMID', '2025-06-24 11:16:05', 'BucinBGMID', 1),
	(121, 'Pemeliharaan Defibrilator', NULL, NULL, NULL, NULL, 1, '2025-06-24 11:16:11', 'BucinBGMID', '2025-06-24 11:16:12', 'BucinBGMID', 1),
	(122, 'Pemeliharaan ECG', NULL, NULL, NULL, NULL, 1, '2025-06-24 11:16:19', 'BucinBGMID', '2025-06-24 11:16:20', 'BucinBGMID', 1),
	(123, 'Pemeliharaan Infant Warmer', NULL, NULL, NULL, NULL, 1, '2025-06-24 11:16:26', 'BucinBGMID', '2025-06-24 11:16:27', 'BucinBGMID', 1),
	(124, 'Pemeliharaan infuspump', NULL, NULL, NULL, NULL, 1, '2025-06-24 11:16:34', 'BucinBGMID', '2025-06-24 11:16:35', 'BucinBGMID', 1),
	(125, 'Pemeliharaan Foto terapi', NULL, NULL, NULL, NULL, 1, '2025-06-24 11:16:44', 'BucinBGMID', '2025-06-24 11:16:44', 'BucinBGMID', 1),
	(126, 'Pemeliharaan Tens', NULL, NULL, NULL, NULL, 1, '2025-06-24 11:16:55', 'BucinBGMID', '2025-06-24 11:16:56', 'BucinBGMID', 1),
	(127, 'Pemeliharaan Ultrasound terapi', NULL, NULL, NULL, NULL, 1, '2025-06-24 11:17:03', 'BucinBGMID', '2025-06-24 11:17:03', 'BucinBGMID', 1),
	(128, 'Pemeliharaan General X-ray', NULL, NULL, NULL, NULL, 1, '2025-06-24 11:17:10', 'BucinBGMID', '2025-06-24 11:17:11', 'BucinBGMID', 1),
	(129, 'Pemeliharaan Gas Medis', NULL, NULL, NULL, NULL, 1, '2025-06-24 11:17:20', 'BucinBGMID', '2025-06-24 11:17:20', 'BucinBGMID', 1),
	(130, 'Pemeliharaan X Ray Mobile', NULL, NULL, NULL, NULL, 1, '2025-06-24 11:17:31', 'BucinBGMID', '2025-06-24 11:17:31', 'BucinBGMID', 1),
	(131, 'Pemeliharaan Slit Lamp', NULL, NULL, NULL, NULL, 1, '2025-06-24 11:17:41', 'BucinBGMID', '2025-06-24 11:17:41', 'BucinBGMID', 1),
	(132, 'Pemeliharaan Meja Operasi', NULL, NULL, NULL, NULL, 1, '2025-06-24 11:17:49', 'BucinBGMID', '2025-06-24 11:17:49', 'BucinBGMID', 1),
	(133, 'Pemeliharaan anestesi', NULL, NULL, NULL, NULL, 1, '2025-06-24 11:17:56', 'BucinBGMID', '2025-06-24 11:17:57', 'BucinBGMID', 1),
	(134, 'Pemeliharaan USG Obgyn', NULL, NULL, NULL, NULL, 1, '2025-06-24 11:18:03', 'BucinBGMID', '2025-06-24 11:18:03', 'BucinBGMID', 1),
	(135, 'Vital Sign Monitor', NULL, NULL, NULL, NULL, 1, '2025-06-24 11:18:10', 'BucinBGMID', '2025-06-24 11:18:11', 'BucinBGMID', 1),
	(136, 'Pemeliharaan CTG', NULL, NULL, NULL, NULL, 1, '2025-06-24 11:18:22', 'BucinBGMID', '2025-06-24 11:18:23', 'BucinBGMID', 1),
	(137, 'Bongkar pasang AC', '0', '0', '1', '0', 1, '2025-06-24 11:35:32', 'BucinBGMID', '2025-07-25 13:46:39', 'superadmin', 1),
	(138, 'Pemeliharaan AC cassete', NULL, NULL, NULL, NULL, 1, '2025-06-24 11:35:44', 'BucinBGMID', '2025-06-24 11:35:44', 'BucinBGMID', 1),
	(139, 'Pemeliharaan AC floor standing', NULL, NULL, NULL, NULL, 1, '2025-06-24 11:35:51', 'BucinBGMID', '2025-06-24 11:35:51', 'BucinBGMID', 1),
	(140, 'Pemeliharaan AC split', '0', '0', '1', '0', 1, '2025-06-24 11:35:58', 'BucinBGMID', '2025-07-25 13:46:22', 'superadmin', 1),
	(141, 'Pemeliharaan AVR 120', NULL, NULL, NULL, NULL, 1, '2025-06-24 11:36:08', 'BucinBGMID', '2025-06-24 11:36:08', 'BucinBGMID', 1),
	(142, 'Pemeliharaan AVR 150', NULL, NULL, NULL, NULL, 1, '2025-06-24 11:36:16', 'BucinBGMID', '2025-06-24 11:36:16', 'BucinBGMID', 1),
	(143, 'Pemeliharaan AVR 250', NULL, NULL, NULL, NULL, 1, '2025-06-24 11:36:26', 'BucinBGMID', '2025-06-24 11:36:26', 'BucinBGMID', 1),
	(144, 'Pemeliharaan genset', NULL, NULL, NULL, NULL, 1, '2025-06-24 11:36:32', 'BucinBGMID', '2025-06-24 11:36:32', 'BucinBGMID', 1),
	(145, 'Pemeliharaan mesin cuci piring', NULL, NULL, NULL, NULL, 1, '2025-06-24 11:36:39', 'BucinBGMID', '2025-06-24 11:36:40', 'BucinBGMID', 1),
	(146, 'Pemeliharaan Sumur Bor', NULL, NULL, NULL, NULL, 1, '2025-06-24 11:36:46', 'BucinBGMID', '2025-06-24 11:36:47', 'BucinBGMID', 1),
	(147, 'Pemeliharaan Washer', NULL, NULL, NULL, NULL, 1, '2025-06-24 11:36:53', 'BucinBGMID', '2025-06-24 11:36:54', 'BucinBGMID', 1),
	(148, 'Pengisian freon AC', '0', '0', '1', '0', 1, '2025-06-24 11:37:02', 'BucinBGMID', '2025-07-25 13:46:03', 'superadmin', 1),
	(149, 'Perbaikan AC', '0', '0', '1', '0', 1, '2025-06-24 11:37:16', 'BucinBGMID', '2025-07-25 13:45:50', 'superadmin', 1),
	(150, 'Perbaikan dan Pembuatan Taman IPAL', NULL, NULL, NULL, NULL, 1, '2025-06-24 11:37:23', 'BucinBGMID', '2025-06-24 11:37:24', 'BucinBGMID', 1),
	(151, 'Pemeliharaan AC Central Kamar Operasi', '0', '0', '1', '0', 1, '2025-06-24 11:37:30', 'BucinBGMID', '2025-07-25 13:45:33', 'superadmin', 1),
	(152, 'Servis Sliding Automatic Door Non Tormax', NULL, NULL, NULL, NULL, 1, '2025-06-24 11:37:36', 'BucinBGMID', '2025-06-24 11:37:37', 'BucinBGMID', 1),
	(153, 'Perbaikan Panel ATS/AMF dan Perbaikan Kabel Genset', NULL, NULL, NULL, NULL, 1, '2025-06-24 11:37:48', 'BucinBGMID', '2025-06-24 11:37:49', 'BucinBGMID', 1),
	(154, 'Nasi Kotak (55 org x 3 hr x 1 kali)', NULL, NULL, NULL, NULL, 1, '2025-06-24 13:50:41', 'BucinBGMID', '2025-06-24 13:50:41', 'BucinBGMID', 1),
	(155, 'Kue Kotak (55 org x 3 hr x 2 kali)', NULL, NULL, NULL, NULL, 1, '2025-06-24 13:50:49', 'BucinBGMID', '2025-06-24 13:50:49', 'BucinBGMID', 1),
	(156, 'Cendera Mata', NULL, NULL, NULL, NULL, 1, '2025-06-24 13:50:56', 'BucinBGMID', '2025-06-24 13:50:57', 'BucinBGMID', 1),
	(157, 'Cetak Sertifikat ', NULL, NULL, NULL, NULL, 1, '2025-06-24 13:51:03', 'BucinBGMID', '2025-06-24 13:51:04', 'BucinBGMID', 1),
	(158, 'Jasa Narasumber Tenaga Ahli 1 org x 9 jam x 3 hari)', NULL, NULL, NULL, NULL, 1, '2025-06-24 13:51:10', 'BucinBGMID', '2025-06-24 13:51:11', 'BucinBGMID', 1),
	(159, 'Penginapan (1 org x 4 hr)', NULL, NULL, NULL, NULL, 1, '2025-06-24 13:51:17', 'BucinBGMID', '2025-06-24 13:51:17', 'BucinBGMID', 1),
	(160, 'Tiket Kereta Api PP (1 org x 1 kali)', NULL, NULL, NULL, NULL, 1, '2025-06-24 13:51:24', 'BucinBGMID', '2025-06-24 13:51:25', 'BucinBGMID', 1),
	(161, 'Biaya Transport PP (1 org x 1 kali)', NULL, NULL, NULL, NULL, 1, '2025-06-24 13:51:37', 'BucinBGMID', '2025-06-24 13:51:37', 'BucinBGMID', 1),
	(162, 'Dokumentasi kegiatan', NULL, NULL, NULL, NULL, 1, '2025-06-24 13:51:43', 'BucinBGMID', '2025-06-25 21:43:22', 'BucinBGMID', 1),
	(163, 'Honorarium Narasumber atau Pembahas (Pejabat Eselon II ke bawah/yang disetarakan)  1 org x 5 jam x 12 keg', '1', NULL, NULL, NULL, 1, '2025-07-09 19:36:48', 'administrator', '2025-07-09 19:36:49', 'administrator', 1),
	(164, 'Kue Kotak (20 org x 2 kali x 12 keg)', '1', NULL, NULL, NULL, 1, '2025-07-09 19:37:03', 'administrator', '2025-07-09 19:37:03', 'administrator', 1),
	(165, 'Nasi Kotak (20 org x 1 kali x 12 keg)', '1', NULL, NULL, NULL, 1, '2025-07-09 19:37:17', 'administrator', '2025-07-09 19:37:17', 'administrator', 1),
	(166, 'Perencanaan', '0', NULL, NULL, NULL, 1, '2025-07-10 10:24:43', 'administrator', '2025-07-10 10:24:44', 'administrator', 1),
	(167, 'Pengawasan', '0', NULL, NULL, NULL, 1, '2025-07-10 10:25:02', 'administrator', '2025-07-10 10:25:02', 'administrator', 1),
	(168, 'Konstruksi (Fisik)', '0', NULL, NULL, NULL, 1, '2025-07-10 10:25:14', 'administrator', '2025-07-10 10:25:14', 'administrator', 1),
	(169, 'Jasa Narasumber Tenaga Ahli', '0', NULL, NULL, NULL, 1, '2025-07-19 15:49:40', 'superadmin', '2025-07-19 15:49:40', 'superadmin', 1),
	(170, 'Kue Kotak', '0', NULL, NULL, NULL, 1, '2025-07-19 15:50:08', 'superadmin', '2025-07-19 15:50:09', 'superadmin', 1),
	(171, 'Nasi Kotak', '0', NULL, NULL, NULL, 1, '2025-07-19 15:50:34', 'superadmin', '2025-07-22 19:25:40', 'superadmin', 1);

-- Dumping structure for table budgeting.sub_kegiatan
CREATE TABLE IF NOT EXISTS `sub_kegiatan` (
  `idsub_kegiatan` int NOT NULL AUTO_INCREMENT,
  `no_rekening_subkegiatan` varchar(50) CHARACTER SET utf8mb4 COLLATE utf8mb4_general_ci DEFAULT NULL,
  `nama_subkegiatan` varchar(200) CHARACTER SET utf8mb4 COLLATE utf8mb4_general_ci DEFAULT NULL,
  `idkegiatan` int DEFAULT NULL,
  `is_active` int DEFAULT '1',
  `created` datetime DEFAULT NULL,
  `createdby` varchar(50) CHARACTER SET utf8mb4 COLLATE utf8mb4_general_ci DEFAULT NULL,
  `updated` datetime DEFAULT NULL,
  `updatedby` varchar(50) CHARACTER SET utf8mb4 COLLATE utf8mb4_general_ci DEFAULT NULL,
  `status` int DEFAULT '1',
  PRIMARY KEY (`idsub_kegiatan`) USING BTREE,
  KEY `is_active` (`is_active`) USING BTREE,
  KEY `status` (`status`) USING BTREE,
  KEY `no_rekening_urusan` (`no_rekening_subkegiatan`) USING BTREE,
  KEY `nama_urusan` (`nama_subkegiatan`) USING BTREE,
  KEY `tahun_anggaran_urusan` (`idkegiatan`) USING BTREE
) ENGINE=InnoDB AUTO_INCREMENT=6 DEFAULT CHARSET=utf8mb4 COLLATE=utf8mb4_general_ci ROW_FORMAT=DYNAMIC;

-- Dumping data for table budgeting.sub_kegiatan: ~3 rows (approximately)
INSERT INTO `sub_kegiatan` (`idsub_kegiatan`, `no_rekening_subkegiatan`, `nama_subkegiatan`, `idkegiatan`, `is_active`, `created`, `createdby`, `updated`, `updatedby`, `status`) VALUES
	(2, '01', 'Pelayanan dan Penunjang Pelayanan BLUD', 2, 1, '2025-06-16 15:24:30', 'BucinBGMID', '2025-06-17 08:53:35', 'BucinBGMID', 1),
	(3, '01', 'Pelayanan dan Penunjang Pelayanan BLUD', 3, 1, '2025-06-17 08:53:19', 'BucinBGMID', '2025-07-22 17:32:31', 'superadmin', 1),
	(4, '0200', 'okokoko', 5, 1, '2025-06-23 14:46:53', 'BucinBGMID', '2025-06-23 14:47:13', 'BucinBGMID', 0),
	(5, '01000000', 'Pelayanan dan Penunjang Pelayanan BLUD 21212', 3, 1, '2025-06-23 14:57:43', 'BucinBGMID', '2025-06-26 07:52:17', 'administrator', 0);

-- Dumping structure for table budgeting.transaction
CREATE TABLE IF NOT EXISTS `transaction` (
  `idtransaction` int NOT NULL AUTO_INCREMENT,
  `transaction_date` datetime DEFAULT NULL COMMENT 'tanggal realisasi',
  `transaction_code` varchar(50) DEFAULT NULL COMMENT 'nomor invoice',
  `transaction_status` varchar(50) CHARACTER SET utf8mb4 COLLATE utf8mb4_general_ci DEFAULT 'DRAFT' COMMENT 'INPUT DATA -> data diinputkan dimenu realisasi anggaran; \r\nMENUNGGU VERIFIKASI -> data diinputkan di menu verifikasi dokumen; \r\nSUDAH DIVERIFIKASI -> data sudah diverifikasi; \r\nSUDAH DIBAYAR BENDAHARA -> data sudah dibayar bendahara',
  `updated_status` datetime DEFAULT NULL,
  `total_realisasi` double DEFAULT NULL COMMENT 'total dalam 1 invoice',
  `iduser_created` bigint DEFAULT NULL COMMENT 'user yang membuat invoice',
  `iduser_verification` bigint DEFAULT NULL COMMENT 'user yang memverifikasi',
  `iduser_treasurer` bigint DEFAULT NULL COMMENT 'user bendahara',
  `created` datetime DEFAULT NULL,
  `createdby` varchar(50) CHARACTER SET utf8mb4 COLLATE utf8mb4_general_ci DEFAULT NULL,
  `updated` datetime DEFAULT NULL,
  `updatedby` varchar(50) CHARACTER SET utf8mb4 COLLATE utf8mb4_general_ci DEFAULT NULL,
  `status` int DEFAULT '1',
  PRIMARY KEY (`idtransaction`) USING BTREE,
  KEY `status` (`status`) USING BTREE,
  KEY `transaction_status` (`transaction_status`),
  KEY `total_realisasi` (`total_realisasi`),
  KEY `iduser_created` (`iduser_created`),
  KEY `iduser_verification` (`iduser_verification`),
  KEY `iduser_treasurer` (`iduser_treasurer`),
  KEY `transaction_date` (`transaction_date`) USING BTREE,
  KEY `transaction_code` (`transaction_code`)
) ENGINE=InnoDB AUTO_INCREMENT=25 DEFAULT CHARSET=utf8mb4 COLLATE=utf8mb4_general_ci ROW_FORMAT=DYNAMIC;

-- Dumping data for table budgeting.transaction: ~21 rows (approximately)
INSERT INTO `transaction` (`idtransaction`, `transaction_date`, `transaction_code`, `transaction_status`, `updated_status`, `total_realisasi`, `iduser_created`, `iduser_verification`, `iduser_treasurer`, `created`, `createdby`, `updated`, `updatedby`, `status`) VALUES
	(1, '2025-06-30 09:29:18', 'ON202506300001', 'DRAFT', NULL, NULL, 2, NULL, NULL, '2025-06-30 09:29:18', 'administrator', '2025-06-30 09:29:18', 'administrator', 1),
	(2, '2025-06-30 09:48:42', 'ON202506300002', 'DRAFT', NULL, NULL, 2, NULL, NULL, '2025-06-30 09:48:42', 'administrator', '2025-06-30 09:48:43', 'administrator', 1),
	(3, '2025-06-30 09:49:11', 'ON202506300003', 'DRAFT', NULL, 3960000, 2, NULL, NULL, '2025-06-30 09:49:11', 'administrator', '2025-06-30 09:49:11', 'administrator', 1),
	(4, '2025-06-30 10:22:06', 'ON202506300004', 'DRAFT', NULL, 7920000, 2, NULL, NULL, '2025-06-30 10:22:06', 'administrator', '2025-06-30 10:23:40', 'administrator', 1),
	(5, '2025-06-30 11:10:41', 'ON202506300005', 'DRAFT', NULL, 3960000, 2, NULL, NULL, '2025-06-30 11:10:41', 'administrator', '2025-06-30 11:10:41', 'administrator', 1),
	(6, '2025-05-20 11:24:11', 'ON202506300006', 'MENUNGGU VERIFIKASI', '2025-07-23 17:13:42', 15996000, 2, NULL, NULL, '2025-06-30 11:12:35', 'administrator', '2025-06-30 15:40:35', 'administrator', 1),
	(7, '2025-06-30 15:44:33', 'ON202506300007', 'INPUT DATA', NULL, 191881000, 2, NULL, NULL, '2025-06-30 15:47:48', 'administrator', '2025-06-30 15:49:29', 'administrator', 1),
	(8, '2025-06-30 15:50:17', 'ON202506300008', 'INPUT DATA', NULL, 68802036, 2, NULL, NULL, '2025-06-30 15:51:27', 'administrator', '2025-06-30 15:51:35', 'administrator', 1),
	(9, '2025-02-26 19:40:43', 'ON202507090001', 'INPUT DATA', NULL, 5000000, 2, NULL, NULL, '2025-07-09 19:47:28', 'administrator', '2025-07-09 20:19:30', 'administrator', 1),
	(10, '2025-06-24 19:47:47', 'ON202507090002', 'DITOLAK VERIFIKATOR', '2025-07-23 17:12:32', 8000000, 2, NULL, NULL, '2025-07-09 19:48:49', 'administrator', '2025-07-09 20:13:37', 'administrator', 1),
	(12, '2025-01-20 11:37:54', 'ON202507100001', 'INPUT DATA', NULL, 50344000, 2, NULL, NULL, '2025-07-10 11:44:33', 'administrator', '2025-07-10 13:40:28', 'administrator', 0),
	(14, '2025-01-14 13:40:37', 'ON202507100002\r\n', 'INPUT DATA', NULL, 50344000, 2, NULL, NULL, '2025-07-10 13:48:35', 'administrator', '2025-07-10 13:48:40', 'administrator', 1),
	(15, '2025-03-17 13:48:53', 'ON202507100003', 'SUDAH DIVERIFIKASI', '2025-07-23 17:31:08', 50344000, 2, NULL, NULL, '2025-07-10 13:50:39', 'administrator', '2025-07-10 13:50:41', 'administrator', 1),
	(16, '2025-05-09 14:04:48', 'ON202507100004', 'SUDAH DIVERIFIKASI', '2025-07-23 17:31:08', 200000000, 2, NULL, NULL, '2025-07-10 14:05:42', 'administrator', '2025-07-10 14:06:24', 'administrator', 1),
	(17, '2025-07-12 13:20:35', 'ON202507120001', 'DRAFT', NULL, 1000, 2, NULL, NULL, '2025-07-12 13:20:35', 'administrator', '2025-07-12 13:20:35', 'administrator', 1),
	(18, '2025-07-12 13:20:53', 'ON202507120002', 'DRAFT', NULL, 1000, 2, NULL, NULL, '2025-07-12 13:20:53', 'administrator', '2025-07-12 13:20:54', 'administrator', 1),
	(19, NULL, NULL, 'DRAFT', NULL, NULL, NULL, NULL, NULL, '2025-07-17 08:28:39', 'administrator', '2025-07-17 08:28:40', 'administrator', 1),
	(20, '2025-01-31 10:40:48', 'ON202507190001', 'SUDAH DIVERIFIKASI', '2025-07-23 17:27:13', 915000, 10, NULL, NULL, '2025-07-19 10:42:24', 'realisasi', '2025-07-19 10:42:26', 'realisasi', 1),
	(21, '2025-07-24 11:23:17', 'ON202507240001', 'SUDAH DIVERIFIKASI', '2025-07-24 11:29:25', 282144600, 2, NULL, NULL, '2025-07-24 11:24:51', 'superadmin', '2025-07-24 11:27:01', 'superadmin', 1),
	(22, '2025-07-25 14:15:56', 'ON202507250001', 'DRAFT', NULL, 30000, 2, NULL, NULL, '2025-07-25 14:15:56', 'superadmin', '2025-07-25 14:15:57', 'superadmin', 1),
	(23, '2025-07-25 14:18:30', 'ON202507250002', 'DRAFT', NULL, 30000, 2, NULL, NULL, '2025-07-25 14:18:30', 'superadmin', '2025-07-25 14:18:30', 'superadmin', 1),
	(24, '2025-07-29 13:44:49', 'ON202507290001', 'INPUT DATA', NULL, 2300000, 2, NULL, NULL, '2025-07-29 13:48:42', 'superadmin', '2025-07-29 13:48:45', 'superadmin', 1);

-- Dumping structure for table budgeting.transaction_detail
CREATE TABLE IF NOT EXISTS `transaction_detail` (
  `idtransaction_detail` bigint NOT NULL AUTO_INCREMENT,
  `idtransaction` int NOT NULL,
  `idpaket_belanja` int DEFAULT NULL,
  `penyedia` varchar(50) CHARACTER SET utf8mb4 COLLATE utf8mb4_general_ci DEFAULT NULL,
  `iduraian` int DEFAULT NULL,
  `idruang` int DEFAULT NULL,
  `name_training` varchar(200) DEFAULT NULL,
  `volume` double DEFAULT NULL,
  `laki` double DEFAULT NULL,
  `perempuan` double DEFAULT NULL,
  `harga_satuan` double DEFAULT NULL,
  `ppn` double DEFAULT NULL,
  `pph` double DEFAULT NULL,
  `total` double DEFAULT NULL,
  `transaction_description` text CHARACTER SET utf8mb4 COLLATE utf8mb4_general_ci,
  `created` datetime DEFAULT NULL,
  `createdby` varchar(50) CHARACTER SET utf8mb4 COLLATE utf8mb4_general_ci DEFAULT NULL,
  `updated` datetime DEFAULT NULL,
  `updatedby` varchar(50) CHARACTER SET utf8mb4 COLLATE utf8mb4_general_ci DEFAULT NULL,
  `status` int DEFAULT '1',
  PRIMARY KEY (`idtransaction_detail`) USING BTREE,
  KEY `status` (`status`) USING BTREE,
  KEY `idtransaction` (`idtransaction`) USING BTREE,
  KEY `idpaket_belanja` (`idpaket_belanja`) USING BTREE,
  KEY `iduraian` (`iduraian`) USING BTREE,
  KEY `volume` (`volume`) USING BTREE,
  KEY `harga_satuan` (`harga_satuan`) USING BTREE,
  KEY `total` (`total`) USING BTREE,
  KEY `penyedia` (`penyedia`) USING BTREE,
  KEY `idruang` (`idruang`),
  KEY `name_training` (`name_training`),
  KEY `laki` (`laki`),
  KEY `perempuan` (`perempuan`),
  KEY `ppn` (`ppn`),
  KEY `pph` (`pph`),
  CONSTRAINT `transaction_detail_ibfk_1` FOREIGN KEY (`idtransaction`) REFERENCES `transaction` (`idtransaction`) ON DELETE CASCADE ON UPDATE CASCADE
) ENGINE=InnoDB AUTO_INCREMENT=80 DEFAULT CHARSET=utf8mb4 COLLATE=utf8mb4_general_ci ROW_FORMAT=DYNAMIC;

-- Dumping data for table budgeting.transaction_detail: ~27 rows (approximately)
INSERT INTO `transaction_detail` (`idtransaction_detail`, `idtransaction`, `idpaket_belanja`, `penyedia`, `iduraian`, `idruang`, `name_training`, `volume`, `laki`, `perempuan`, `harga_satuan`, `ppn`, `pph`, `total`, `transaction_description`, `created`, `createdby`, `updated`, `updatedby`, `status`) VALUES
	(47, 1, 19, NULL, 16, NULL, NULL, 8, 8, 0, 495000, 0, 0, 3960000, '', '2025-06-30 09:29:18', 'administrator', '2025-06-30 09:29:18', 'administrator', 1),
	(48, 2, 19, NULL, 16, NULL, NULL, 8, 8, 0, 495000, 0, 0, 3960000, '', '2025-06-30 09:48:42', 'administrator', '2025-06-30 09:48:43', 'administrator', 1),
	(49, 3, 19, NULL, 16, NULL, NULL, 8, 8, 0, 495000, 0, 0, 3960000, '', '2025-06-30 09:49:11', 'administrator', '2025-06-30 09:49:11', 'administrator', 1),
	(50, 4, 19, NULL, 16, NULL, NULL, 8, 8, 0, 495000, 0, 0, 3960000, '', '2025-06-30 10:22:06', 'administrator', '2025-06-30 10:22:07', 'administrator', 1),
	(51, 4, 20, NULL, 22, NULL, NULL, 8, 8, 0, 495000, 0, 0, 3960000, '', '2025-06-30 10:23:39', 'administrator', '2025-06-30 10:23:40', 'administrator', 1),
	(52, 5, 19, NULL, 16, NULL, NULL, 8, 8, 0, 495000, 0, 0, 3960000, '', '2025-06-30 11:10:41', 'administrator', '2025-06-30 11:10:41', 'administrator', 1),
	(53, 6, 19, NULL, 16, NULL, NULL, 8, 8, 0, 495000, 0, 0, 3960000, '', '2025-06-30 11:12:35', 'administrator', '2025-06-30 15:15:41', 'administrator', 1),
	(54, 6, 19, NULL, 17, NULL, NULL, 4, 0, 4, 1269000, 0, 0, 5076000, '', '2025-06-30 11:13:03', 'administrator', '2025-06-30 11:13:04', 'administrator', 1),
	(55, 6, 19, NULL, 18, NULL, NULL, 4, 4, 0, 1090000, 0, 0, 4360000, '', '2025-06-30 11:13:41', 'administrator', '2025-06-30 11:13:41', 'administrator', 1),
	(56, 6, 19, NULL, 19, NULL, NULL, 8, 0, 8, 125000, 0, 0, 1000000, '', '2025-06-30 11:14:19', 'administrator', '2025-06-30 11:14:19', 'administrator', 1),
	(57, 6, 19, NULL, 20, NULL, NULL, 8, 4, 4, 100000, 0, 0, 800000, '', '2025-06-30 11:14:50', 'administrator', '2025-06-30 11:14:51', 'administrator', 1),
	(58, 6, 19, NULL, 21, NULL, NULL, 8, 0, 8, 100000, 0, 0, 800000, '', '2025-06-30 11:15:10', 'administrator', '2025-06-30 15:33:41', 'administrator', 1),
	(59, 7, 26, NULL, 70, NULL, NULL, 2, 1, 1, 5570000, 0, 0, 11140000, '', '2025-06-30 15:47:48', 'administrator', '2025-06-30 15:47:48', 'administrator', 1),
	(60, 7, 26, NULL, 71, NULL, NULL, 33, 26, 7, 5477000, 0, 0, 180741000, '', '2025-06-30 15:49:01', 'administrator', '2025-06-30 15:49:01', 'administrator', 1),
	(61, 8, 27, NULL, 74, NULL, NULL, 12, 12, 0, 5733503, 0, 0, 68802036, '', '2025-06-30 15:51:27', 'administrator', '2025-06-30 15:51:27', 'administrator', 1),
	(62, 9, 59, 'Prof. Erwin Astha T', 163, NULL, NULL, 1, 1, 0, 5000000, 0, 0, 5000000, '', '2025-07-09 19:47:28', 'administrator', '2025-07-09 20:19:30', 'administrator', 1),
	(63, 10, 59, NULL, 163, NULL, NULL, 8, 1, 7, 1000000, 0, 0, 8000000, '', '2025-07-09 19:48:49', 'administrator', '2025-07-09 19:48:49', 'administrator', 1),
	(66, 12, 69, '-', 166, NULL, NULL, 1, 0, 0, 50344000, 0, 0, 50344000, '', '2025-07-10 11:44:33', 'administrator', '2025-07-10 11:44:34', 'administrator', 1),
	(68, 14, 69, '-', 166, NULL, NULL, 1, 0, 0, 50344000, 0, 0, 50344000, '', '2025-07-10 13:48:35', 'administrator', '2025-07-10 13:48:36', 'administrator', 1),
	(69, 15, 69, '-', 166, NULL, NULL, 1, 0, 0, 50344000, 0, 0, 50344000, '', '2025-07-10 13:50:39', 'administrator', '2025-07-10 13:50:40', 'administrator', 1),
	(70, 16, 69, '-', 166, NULL, NULL, 4, 0, 0, 50000000, 0, 0, 200000000, '', '2025-07-10 14:05:42', 'administrator', '2025-07-10 14:05:42', 'administrator', 1),
	(71, 17, 69, '-', 167, NULL, NULL, 1, 0, 0, 1000, 0, 0, 1000, '', '2025-07-12 13:20:35', 'administrator', '2025-07-12 13:20:35', 'administrator', 1),
	(72, 18, 69, '-', 167, NULL, NULL, 1, 0, 0, 1000, 0, 0, 1000, '', '2025-07-12 13:20:53', 'administrator', '2025-07-12 13:20:54', 'administrator', 1),
	(73, 20, 21, 'Koperasi', 30, NULL, NULL, 61, 29, 32, 15000, 0, 0, 915000, '', '2025-07-19 10:42:24', 'realisasi', '2025-07-19 10:42:24', 'realisasi', 1),
	(74, 21, 23, '-', 31, NULL, NULL, 30, 0, 0, 3046200, 0, 0, 91386000, '', '2025-07-24 11:24:51', 'superadmin', '2025-07-24 11:24:52', 'superadmin', 1),
	(75, 21, 23, '-', 32, NULL, NULL, 30, 0, 0, 3809500, 0, 0, 114285000, '', '2025-07-24 11:25:56', 'superadmin', '2025-07-24 11:25:57', 'superadmin', 1),
	(76, 21, 23, '-', 33, NULL, NULL, 24, 0, 0, 3186400, 0, 0, 76473600, '', '2025-07-24 11:27:00', 'superadmin', '2025-07-24 11:27:00', 'superadmin', 1),
	(77, 22, 19, '-', 16, 57, 'okeoke', 3, 2, 1, 10000, 0, 0, 30000, 'ssssss', '2025-07-25 14:15:56', 'superadmin', '2025-07-25 14:15:57', 'superadmin', 1),
	(78, 23, 19, '-', 16, 57, 'okeoke', 3, 2, 1, 10000, 0, 0, 30000, 'okeoke', '2025-07-25 14:18:30', 'superadmin', '2025-07-25 14:18:30', 'superadmin', 1),
	(79, 24, 60, '-', 137, 56, '', 10, 0, 0, 230000, 0, 0, 2300000, '', '2025-07-29 13:48:42', 'superadmin', '2025-07-29 13:48:43', 'superadmin', 1);

-- Dumping structure for table budgeting.urusan_pemerintah
CREATE TABLE IF NOT EXISTS `urusan_pemerintah` (
  `idurusan_pemerintah` int NOT NULL AUTO_INCREMENT,
  `no_rekening_urusan` varchar(50) DEFAULT NULL,
  `nama_urusan` varchar(200) DEFAULT NULL,
  `tahun_anggaran_urusan` varchar(50) DEFAULT NULL,
  `is_active` int DEFAULT '1',
  `created` datetime DEFAULT NULL,
  `createdby` varchar(50) DEFAULT NULL,
  `updated` datetime DEFAULT NULL,
  `updatedby` varchar(50) DEFAULT NULL,
  `status` int DEFAULT '1',
  PRIMARY KEY (`idurusan_pemerintah`),
  KEY `no_rekening_urusan` (`no_rekening_urusan`),
  KEY `nama_urusan` (`nama_urusan`),
  KEY `tahun_anggaran_urusan` (`tahun_anggaran_urusan`),
  KEY `is_active` (`is_active`),
  KEY `status` (`status`)
) ENGINE=InnoDB AUTO_INCREMENT=8 DEFAULT CHARSET=utf8mb4 COLLATE=utf8mb4_general_ci;

-- Dumping data for table budgeting.urusan_pemerintah: ~7 rows (approximately)
INSERT INTO `urusan_pemerintah` (`idurusan_pemerintah`, `no_rekening_urusan`, `nama_urusan`, `tahun_anggaran_urusan`, `is_active`, `created`, `createdby`, `updated`, `updatedby`, `status`) VALUES
	(1, '1', 'URUSAN PEMERINTAHAN WAJIB YANG BERKAITAN DENGAN PELAYANAN DASAR', '2025', 1, '2025-06-05 14:16:31', 'BucinBGMID', '2025-07-22 17:32:08', 'superadmin', 1),
	(2, '2', 'URUSAN PEMERINTAHAN', '2024', 1, '2025-06-05 14:20:39', 'BucinBGMID', '2025-06-23 13:46:25', 'BucinBGMID', 1),
	(3, '22222', 'URUSAN PEMERINTAHAN oke', '2024', 1, '2025-06-05 14:53:41', 'BucinBGMID', '2025-06-05 14:53:51', 'BucinBGMID', 0),
	(4, '2', 'URUSAN PEMERINTAHAN', '2025', 1, '2025-06-05 14:55:53', 'BucinBGMID', '2025-06-05 14:55:59', 'BucinBGMID', 0),
	(5, '3', 'URUSAN ', '2024', 0, '2025-06-16 11:25:50', 'BucinBGMID', '2025-06-16 11:25:50', 'BucinBGMID', 1),
	(6, '4', 'okok', '2025', 1, '2025-06-23 13:47:54', 'BucinBGMID', '2025-06-23 13:57:40', 'BucinBGMID', 0),
	(7, '45', 'okok ssss', '2025', 1, '2025-06-23 13:57:23', 'BucinBGMID', '2025-06-23 13:57:27', 'BucinBGMID', 0);

-- Dumping structure for table budgeting.user
CREATE TABLE IF NOT EXISTS `user` (
  `iduser` bigint unsigned NOT NULL AUTO_INCREMENT,
  `idrole` int DEFAULT NULL,
  `username` varchar(200) DEFAULT NULL,
  `password` varchar(200) DEFAULT NULL,
  `name` varchar(200) DEFAULT NULL,
  `email` varchar(200) DEFAULT NULL,
  `is_active` int DEFAULT '1',
  `created` datetime DEFAULT NULL,
  `createdby` varchar(50) DEFAULT NULL,
  `updated` datetime DEFAULT NULL,
  `updatedby` varchar(50) DEFAULT NULL,
  `status` int DEFAULT '1',
  PRIMARY KEY (`iduser`),
  KEY `FK_user_role` (`idrole`)
) ENGINE=InnoDB AUTO_INCREMENT=11 DEFAULT CHARSET=latin1;

-- Dumping data for table budgeting.user: ~4 rows (approximately)
INSERT INTO `user` (`iduser`, `idrole`, `username`, `password`, `name`, `email`, `is_active`, `created`, `createdby`, `updated`, `updatedby`, `status`) VALUES
	(1, NULL, 'BucinBGMID', '5f4dcc3b5aa765d61d8327deb882cf99', 'IT Support', NULL, 1, '2018-04-03 14:14:10', NULL, '2018-04-03 14:14:10', NULL, 1),
	(2, 1, 'superadmin', '5f4dcc3b5aa765d61d8327deb882cf99', 'superadmin', 'superadmin@gmail.com', 1, '2018-08-02 08:38:40', 'superadmin', '2025-06-25 10:24:24', 'BucinBGMID', 1),
	(8, 4, 'verifikator', '2ea2aa47b5cbf1f95b9dd18c1bf8dd4c', 'admin verifikator', NULL, 1, '2025-07-19 09:57:21', 'superadmin', '2025-07-19 09:57:22', 'superadmin', 1),
	(9, 5, 'bendahara', 'c9ccd7f3c1145515a9d3f7415d5bcbea', 'admin bendahara', NULL, 1, '2025-07-19 09:57:38', 'superadmin', '2025-07-19 09:57:38', 'superadmin', 1),
	(10, 6, 'realisasi', '0d908900d878afb970ee92973fcf4760', 'admin realisasi', NULL, 1, '2025-07-19 09:58:08', 'superadmin', '2025-07-19 09:58:09', 'superadmin', 1);

-- Dumping structure for table budgeting.user_role
CREATE TABLE IF NOT EXISTS `user_role` (
  `iduser_role` int NOT NULL AUTO_INCREMENT,
  `idrole` int DEFAULT NULL,
  `menu_name` varchar(200) DEFAULT NULL,
  `access` int DEFAULT NULL,
  `created` datetime DEFAULT NULL,
  `createdby` varchar(50) DEFAULT NULL,
  `updated` datetime DEFAULT NULL,
  `updatedby` varchar(50) DEFAULT NULL,
  `status` int DEFAULT '1',
  PRIMARY KEY (`iduser_role`),
  KEY `FK_user_role_role` (`idrole`),
  CONSTRAINT `FK_user_role_role` FOREIGN KEY (`idrole`) REFERENCES `role` (`idrole`)
) ENGINE=InnoDB AUTO_INCREMENT=150 DEFAULT CHARSET=latin1;

-- Dumping data for table budgeting.user_role: ~101 rows (approximately)
INSERT INTO `user_role` (`iduser_role`, `idrole`, `menu_name`, `access`, `created`, `createdby`, `updated`, `updatedby`, `status`) VALUES
	(45, 1, 'role_table', 1, '2025-06-25 10:24:15', 'BucinBGMID', '2025-07-23 16:41:49', 'superadmin', 1),
	(46, 1, 'dashboard', 1, '2025-06-25 10:24:15', 'BucinBGMID', '2025-07-23 16:41:49', 'superadmin', 1),
	(47, 1, 'master', 1, '2025-06-25 10:24:15', 'BucinBGMID', '2025-07-23 16:41:49', 'superadmin', 1),
	(48, 1, 'master_urusan_pemerintah', 1, '2025-06-25 10:24:15', 'BucinBGMID', '2025-07-23 16:41:49', 'superadmin', 1),
	(49, 1, 'master_bidang_urusan', 1, '2025-06-25 10:24:15', 'BucinBGMID', '2025-07-23 16:41:49', 'superadmin', 1),
	(50, 1, 'master_program', 1, '2025-06-25 10:24:15', 'BucinBGMID', '2025-07-23 16:41:49', 'superadmin', 1),
	(51, 1, 'master_kegiatan', 1, '2025-06-25 10:24:15', 'BucinBGMID', '2025-07-23 16:41:49', 'superadmin', 1),
	(52, 1, 'master_sub_kegiatan', 1, '2025-06-25 10:24:15', 'BucinBGMID', '2025-07-23 16:41:49', 'superadmin', 1),
	(53, 1, 'master_paket_belanja', 1, '2025-06-25 10:24:15', 'BucinBGMID', '2025-07-23 16:41:49', 'superadmin', 1),
	(54, 1, 'master_akun_belanja', 1, '2025-06-25 10:24:15', 'BucinBGMID', '2025-07-23 16:41:49', 'superadmin', 1),
	(55, 1, 'master_kategori', 1, '2025-06-25 10:24:15', 'BucinBGMID', '2025-07-23 16:41:49', 'superadmin', 1),
	(56, 1, 'master_sub_kategori', 1, '2025-06-25 10:24:15', 'BucinBGMID', '2025-07-23 16:41:49', 'superadmin', 1),
	(57, 1, 'master_kendaraan', 1, '2025-06-25 10:24:15', 'BucinBGMID', '2025-07-23 16:41:49', 'superadmin', 1),
	(58, 1, 'master_ruang', 1, '2025-06-25 10:24:15', 'BucinBGMID', '2025-07-23 16:41:49', 'superadmin', 1),
	(59, 1, 'master_satuan', 1, '2025-06-25 10:24:15', 'BucinBGMID', '2025-07-23 16:41:49', 'superadmin', 1),
	(60, 1, 'realisasi_anggaran', 1, '2025-06-25 10:24:15', 'BucinBGMID', '2025-07-23 16:41:49', 'superadmin', 1),
	(61, 1, 'evaluasi_anggaran', 1, '2025-06-25 10:24:15', 'BucinBGMID', '2025-07-23 16:41:49', 'superadmin', 1),
	(62, 1, 'acc_report', 1, '2025-06-25 10:24:15', 'BucinBGMID', NULL, NULL, 1),
	(63, 1, 'user', 1, '2025-06-25 10:24:15', 'BucinBGMID', '2025-07-23 16:41:49', 'superadmin', 1),
	(64, 1, 'user_user', 1, '2025-06-25 10:24:15', 'BucinBGMID', '2025-07-23 16:41:49', 'superadmin', 1),
	(65, 1, 'user_user_role', 1, '2025-06-25 10:24:15', 'BucinBGMID', '2025-07-23 16:41:49', 'superadmin', 1),
	(66, 1, 'verifikasi_dokumen', 1, '2025-07-09 19:56:17', 'administrator', '2025-07-23 16:41:49', 'superadmin', 1),
	(67, 1, 'pembayaran', 1, '2025-07-09 19:56:17', 'administrator', '2025-07-23 16:41:49', 'superadmin', 1),
	(68, 1, 'role_bypass', 1, '2025-07-10 14:19:21', 'administrator', '2025-07-23 16:41:49', 'superadmin', 1),
	(69, 1, 'role_crud', 1, '2025-07-17 09:38:00', 'superadmin', '2025-07-23 16:41:49', 'superadmin', 1),
	(70, 1, 'role_verificator', 1, '2025-07-17 09:38:00', 'superadmin', '2025-07-23 16:41:49', 'superadmin', 1),
	(71, 6, 'role_table', 0, '2025-07-19 10:36:15', 'superadmin', '2025-07-19 10:36:45', 'superadmin', 1),
	(72, 6, 'dashboard', 1, '2025-07-19 10:36:15', 'superadmin', '2025-07-19 10:36:45', 'superadmin', 1),
	(73, 6, 'master', 0, '2025-07-19 10:36:15', 'superadmin', '2025-07-19 10:36:45', 'superadmin', 1),
	(74, 6, 'master_urusan_pemerintah', 0, '2025-07-19 10:36:15', 'superadmin', '2025-07-19 10:36:45', 'superadmin', 1),
	(75, 6, 'master_bidang_urusan', 0, '2025-07-19 10:36:15', 'superadmin', '2025-07-19 10:36:45', 'superadmin', 1),
	(76, 6, 'master_program', 0, '2025-07-19 10:36:15', 'superadmin', '2025-07-19 10:36:45', 'superadmin', 1),
	(77, 6, 'master_kegiatan', 0, '2025-07-19 10:36:15', 'superadmin', '2025-07-19 10:36:45', 'superadmin', 1),
	(78, 6, 'master_sub_kegiatan', 0, '2025-07-19 10:36:15', 'superadmin', '2025-07-19 10:36:45', 'superadmin', 1),
	(79, 6, 'master_paket_belanja', 0, '2025-07-19 10:36:15', 'superadmin', '2025-07-19 10:36:45', 'superadmin', 1),
	(80, 6, 'master_akun_belanja', 0, '2025-07-19 10:36:15', 'superadmin', '2025-07-19 10:36:45', 'superadmin', 1),
	(81, 6, 'master_kategori', 0, '2025-07-19 10:36:15', 'superadmin', '2025-07-19 10:36:45', 'superadmin', 1),
	(82, 6, 'master_sub_kategori', 0, '2025-07-19 10:36:15', 'superadmin', '2025-07-19 10:36:45', 'superadmin', 1),
	(83, 6, 'master_kendaraan', 0, '2025-07-19 10:36:15', 'superadmin', '2025-07-19 10:36:45', 'superadmin', 1),
	(84, 6, 'master_ruang', 0, '2025-07-19 10:36:15', 'superadmin', '2025-07-19 10:36:45', 'superadmin', 1),
	(85, 6, 'master_satuan', 0, '2025-07-19 10:36:15', 'superadmin', '2025-07-19 10:36:45', 'superadmin', 1),
	(86, 6, 'role_bypass', 0, '2025-07-19 10:36:15', 'superadmin', '2025-07-19 10:36:45', 'superadmin', 1),
	(87, 6, 'realisasi_anggaran', 1, '2025-07-19 10:36:15', 'superadmin', '2025-07-19 10:36:45', 'superadmin', 1),
	(88, 6, 'role_crud', 1, '2025-07-19 10:36:15', 'superadmin', '2025-07-19 10:36:45', 'superadmin', 1),
	(89, 6, 'role_verificator', 0, '2025-07-19 10:36:15', 'superadmin', '2025-07-19 10:36:45', 'superadmin', 1),
	(90, 6, 'verifikasi_dokumen', 1, '2025-07-19 10:36:15', 'superadmin', '2025-07-19 10:36:45', 'superadmin', 1),
	(91, 6, 'pembayaran', 0, '2025-07-19 10:36:15', 'superadmin', '2025-07-19 10:36:45', 'superadmin', 1),
	(92, 6, 'evaluasi_anggaran', 0, '2025-07-19 10:36:15', 'superadmin', '2025-07-19 10:36:45', 'superadmin', 1),
	(93, 6, 'user', 0, '2025-07-19 10:36:15', 'superadmin', '2025-07-19 10:36:45', 'superadmin', 1),
	(94, 6, 'user_user', 0, '2025-07-19 10:36:15', 'superadmin', '2025-07-19 10:36:45', 'superadmin', 1),
	(95, 6, 'user_user_role', 0, '2025-07-19 10:36:15', 'superadmin', '2025-07-19 10:36:45', 'superadmin', 1),
	(96, 4, 'role_table', 0, '2025-07-19 10:36:34', 'superadmin', NULL, NULL, 1),
	(97, 4, 'dashboard', 1, '2025-07-19 10:36:34', 'superadmin', NULL, NULL, 1),
	(98, 4, 'master', 0, '2025-07-19 10:36:34', 'superadmin', NULL, NULL, 1),
	(99, 4, 'master_urusan_pemerintah', 0, '2025-07-19 10:36:34', 'superadmin', NULL, NULL, 1),
	(100, 4, 'master_bidang_urusan', 0, '2025-07-19 10:36:34', 'superadmin', NULL, NULL, 1),
	(101, 4, 'master_program', 0, '2025-07-19 10:36:34', 'superadmin', NULL, NULL, 1),
	(102, 4, 'master_kegiatan', 0, '2025-07-19 10:36:34', 'superadmin', NULL, NULL, 1),
	(103, 4, 'master_sub_kegiatan', 0, '2025-07-19 10:36:34', 'superadmin', NULL, NULL, 1),
	(104, 4, 'master_paket_belanja', 0, '2025-07-19 10:36:34', 'superadmin', NULL, NULL, 1),
	(105, 4, 'master_akun_belanja', 0, '2025-07-19 10:36:34', 'superadmin', NULL, NULL, 1),
	(106, 4, 'master_kategori', 0, '2025-07-19 10:36:34', 'superadmin', NULL, NULL, 1),
	(107, 4, 'master_sub_kategori', 0, '2025-07-19 10:36:34', 'superadmin', NULL, NULL, 1),
	(108, 4, 'master_kendaraan', 0, '2025-07-19 10:36:34', 'superadmin', NULL, NULL, 1),
	(109, 4, 'master_ruang', 0, '2025-07-19 10:36:34', 'superadmin', NULL, NULL, 1),
	(110, 4, 'master_satuan', 0, '2025-07-19 10:36:34', 'superadmin', NULL, NULL, 1),
	(111, 4, 'role_bypass', 0, '2025-07-19 10:36:34', 'superadmin', NULL, NULL, 1),
	(112, 4, 'realisasi_anggaran', 0, '2025-07-19 10:36:34', 'superadmin', NULL, NULL, 1),
	(113, 4, 'role_crud', 0, '2025-07-19 10:36:34', 'superadmin', NULL, NULL, 1),
	(114, 4, 'role_verificator', 1, '2025-07-19 10:36:34', 'superadmin', NULL, NULL, 1),
	(115, 4, 'verifikasi_dokumen', 1, '2025-07-19 10:36:34', 'superadmin', NULL, NULL, 1),
	(116, 4, 'pembayaran', 0, '2025-07-19 10:36:34', 'superadmin', NULL, NULL, 1),
	(117, 4, 'evaluasi_anggaran', 0, '2025-07-19 10:36:34', 'superadmin', NULL, NULL, 1),
	(118, 4, 'user', 0, '2025-07-19 10:36:34', 'superadmin', NULL, NULL, 1),
	(119, 4, 'user_user', 0, '2025-07-19 10:36:34', 'superadmin', NULL, NULL, 1),
	(120, 4, 'user_user_role', 0, '2025-07-19 10:36:34', 'superadmin', NULL, NULL, 1),
	(121, 5, 'role_table', 0, '2025-07-19 10:37:03', 'superadmin', NULL, NULL, 1),
	(122, 5, 'dashboard', 1, '2025-07-19 10:37:03', 'superadmin', NULL, NULL, 1),
	(123, 5, 'master', 0, '2025-07-19 10:37:03', 'superadmin', NULL, NULL, 1),
	(124, 5, 'master_urusan_pemerintah', 0, '2025-07-19 10:37:03', 'superadmin', NULL, NULL, 1),
	(125, 5, 'master_bidang_urusan', 0, '2025-07-19 10:37:03', 'superadmin', NULL, NULL, 1),
	(126, 5, 'master_program', 0, '2025-07-19 10:37:03', 'superadmin', NULL, NULL, 1),
	(127, 5, 'master_kegiatan', 0, '2025-07-19 10:37:03', 'superadmin', NULL, NULL, 1),
	(128, 5, 'master_sub_kegiatan', 0, '2025-07-19 10:37:03', 'superadmin', NULL, NULL, 1),
	(129, 5, 'master_paket_belanja', 0, '2025-07-19 10:37:03', 'superadmin', NULL, NULL, 1),
	(130, 5, 'master_akun_belanja', 0, '2025-07-19 10:37:03', 'superadmin', NULL, NULL, 1),
	(131, 5, 'master_kategori', 0, '2025-07-19 10:37:03', 'superadmin', NULL, NULL, 1),
	(132, 5, 'master_sub_kategori', 0, '2025-07-19 10:37:03', 'superadmin', NULL, NULL, 1),
	(133, 5, 'master_kendaraan', 0, '2025-07-19 10:37:03', 'superadmin', NULL, NULL, 1),
	(134, 5, 'master_ruang', 0, '2025-07-19 10:37:03', 'superadmin', NULL, NULL, 1),
	(135, 5, 'master_satuan', 0, '2025-07-19 10:37:03', 'superadmin', NULL, NULL, 1),
	(136, 5, 'role_bypass', 0, '2025-07-19 10:37:03', 'superadmin', NULL, NULL, 1),
	(137, 5, 'realisasi_anggaran', 0, '2025-07-19 10:37:03', 'superadmin', NULL, NULL, 1),
	(138, 5, 'role_crud', 0, '2025-07-19 10:37:03', 'superadmin', NULL, NULL, 1),
	(139, 5, 'role_verificator', 0, '2025-07-19 10:37:03', 'superadmin', NULL, NULL, 1),
	(140, 5, 'verifikasi_dokumen', 0, '2025-07-19 10:37:03', 'superadmin', NULL, NULL, 1),
	(141, 5, 'pembayaran', 1, '2025-07-19 10:37:03', 'superadmin', NULL, NULL, 1),
	(142, 5, 'evaluasi_anggaran', 0, '2025-07-19 10:37:03', 'superadmin', NULL, NULL, 1),
	(143, 5, 'user', 0, '2025-07-19 10:37:03', 'superadmin', NULL, NULL, 1),
	(144, 5, 'user_user', 0, '2025-07-19 10:37:03', 'superadmin', NULL, NULL, 1),
	(145, 5, 'user_user_role', 0, '2025-07-19 10:37:03', 'superadmin', NULL, NULL, 1),
	(148, 1, 'role_view_paket_belanja', 0, '2025-07-22 21:16:52', 'superadmin', '2025-07-23 16:41:49', 'superadmin', 1),
	(149, 1, 'role_view_realisasi_anggaran', 0, '2025-07-22 21:25:59', 'superadmin', '2025-07-23 16:41:49', 'superadmin', 1);

-- Dumping structure for table budgeting.verification
CREATE TABLE IF NOT EXISTS `verification` (
  `idverification` int NOT NULL AUTO_INCREMENT,
  `verification_date_created` datetime DEFAULT NULL COMMENT 'tanggal input dokumen',
  `confirm_verification_date` datetime DEFAULT NULL COMMENT 'tanggal verifikasi dokumen',
  `confirm_payment_date` datetime DEFAULT NULL COMMENT 'tanggal pembayaran',
  `verification_code` varchar(50) CHARACTER SET utf8mb4 COLLATE utf8mb4_general_ci DEFAULT NULL COMMENT 'nomor dokumen',
  `verification_status` varchar(50) CHARACTER SET utf8mb4 COLLATE utf8mb4_general_ci DEFAULT 'DRAFT' COMMENT 'DRAFT; OK; SUDAH DIVERIFIKASI; SUDAH DIBAYAR BENDAHARA',
  `status_approve` varchar(50) DEFAULT NULL COMMENT 'DISETUJUI, DITOLAK',
  `verification_description` text,
  `iduser_created` bigint DEFAULT NULL COMMENT 'user yang membuat dokumen',
  `iduser_verification` bigint DEFAULT NULL COMMENT 'user yang memverifikasi dokumen',
  `iduser_payment` bigint DEFAULT NULL COMMENT 'user yang membayar anggaran',
  `payment_description` text,
  `total_anggaran` double DEFAULT NULL,
  `total_cash` double DEFAULT NULL,
  `total_debet` double DEFAULT NULL,
  `total_credit` double DEFAULT NULL,
  `total_transfer` double DEFAULT NULL,
  `debet_number` double DEFAULT NULL,
  `credit_number` double DEFAULT NULL,
  `transfer_number` double DEFAULT NULL,
  `total_pay` double DEFAULT NULL,
  `total_debt` double DEFAULT NULL,
  `created` datetime DEFAULT NULL,
  `createdby` varchar(50) CHARACTER SET utf8mb4 COLLATE utf8mb4_general_ci DEFAULT NULL,
  `updated` datetime DEFAULT NULL,
  `updatedby` varchar(50) CHARACTER SET utf8mb4 COLLATE utf8mb4_general_ci DEFAULT NULL,
  `status` int DEFAULT '1',
  PRIMARY KEY (`idverification`),
  KEY `verification_code` (`verification_code`),
  KEY `iduser_created` (`iduser_created`),
  KEY `iduser_verification` (`iduser_verification`),
  KEY `status` (`status`),
  KEY `transaction_date_created` (`verification_date_created`) USING BTREE,
  KEY `confirm_verification` (`confirm_verification_date`) USING BTREE,
  KEY `verification_status` (`verification_status`),
  KEY `status_approve` (`status_approve`),
  KEY `iduser_payment` (`iduser_payment`),
  KEY `total_anggaran` (`total_anggaran`),
  KEY `total_cash` (`total_cash`),
  KEY `total_debet` (`total_debet`),
  KEY `total_credit` (`total_credit`),
  KEY `total_transfer` (`total_transfer`),
  KEY `debet_number` (`debet_number`),
  KEY `credit_number` (`credit_number`),
  KEY `transfer_number` (`transfer_number`),
  KEY `total_pay` (`total_pay`),
  KEY `total_debt` (`total_debt`),
  KEY `confirm_payment_date` (`confirm_payment_date`)
) ENGINE=InnoDB AUTO_INCREMENT=28 DEFAULT CHARSET=utf8mb4 COLLATE=utf8mb4_general_ci ROW_FORMAT=DYNAMIC;

-- Dumping data for table budgeting.verification: ~8 rows (approximately)
INSERT INTO `verification` (`idverification`, `verification_date_created`, `confirm_verification_date`, `confirm_payment_date`, `verification_code`, `verification_status`, `status_approve`, `verification_description`, `iduser_created`, `iduser_verification`, `iduser_payment`, `payment_description`, `total_anggaran`, `total_cash`, `total_debet`, `total_credit`, `total_transfer`, `debet_number`, `credit_number`, `transfer_number`, `total_pay`, `total_debt`, `created`, `createdby`, `updated`, `updatedby`, `status`) VALUES
	(20, '2025-07-15 09:01:04', '2025-07-17 11:05:46', '2025-07-18 14:15:24', 'AP202507170001', 'SUDAH DIBAYAR BENDAHARA', 'DISETUJUI', 'ACC', 2, 2, 2, 'okeoke', 250344000, 0, 0, 0, 250344000, 0, 0, NULL, 250344000, 0, '2025-07-17 09:06:17', 'administrator', '2025-07-18 14:15:25', 'superadmin', 1),
	(21, '2025-07-17 09:15:04', '2025-07-17 11:13:52', NULL, 'AP202507170002', 'DITOLAK VERIFIKATOR', 'DITOLAK', 'Realisasi tidak sesuai', 2, 2, NULL, NULL, NULL, NULL, NULL, NULL, NULL, NULL, NULL, NULL, NULL, NULL, '2025-07-17 09:15:11', 'administrator', '2025-07-17 11:13:53', 'superadmin', 1),
	(22, '2025-07-17 11:06:54', NULL, NULL, 'AP202507170003', 'DRAFT', NULL, NULL, 2, NULL, NULL, NULL, NULL, NULL, NULL, NULL, NULL, NULL, NULL, NULL, NULL, NULL, '2025-07-17 11:06:54', 'superadmin', '2025-07-17 11:06:54', 'superadmin', 1),
	(23, '2025-07-17 11:09:55', NULL, NULL, 'AP202507170004', 'DRAFT', NULL, NULL, 2, NULL, NULL, NULL, NULL, NULL, NULL, NULL, NULL, NULL, NULL, NULL, NULL, NULL, '2025-07-17 11:09:55', 'superadmin', '2025-07-17 11:09:55', 'superadmin', 1),
	(24, '2025-07-17 11:12:52', NULL, NULL, 'AP202507170004', 'MENUNGGU VERIFIKASI', NULL, NULL, 2, NULL, NULL, NULL, NULL, NULL, NULL, NULL, NULL, NULL, NULL, NULL, NULL, NULL, '2025-07-17 11:12:56', 'superadmin', '2025-07-23 17:13:43', 'superadmin', 1),
	(25, '2025-07-17 11:24:27', NULL, NULL, 'AP202507170005', 'MENUNGGU VERIFIKASI', NULL, NULL, 2, NULL, NULL, NULL, NULL, NULL, NULL, NULL, NULL, NULL, NULL, NULL, NULL, NULL, '2025-07-17 11:24:33', 'superadmin', '2025-07-17 11:24:39', 'superadmin', 0),
	(26, '2025-01-31 10:43:38', '2025-07-23 17:27:13', NULL, 'AP202507190001', 'SUDAH DIVERIFIKASI', 'DISETUJUI', 'Dokumen sudah lengkap', 10, 2, NULL, NULL, 915000, NULL, NULL, NULL, NULL, NULL, NULL, NULL, NULL, NULL, '2025-07-19 10:43:46', 'realisasi', '2025-07-23 17:27:13', 'superadmin', 1),
	(27, '2025-07-24 11:27:23', '2025-07-24 11:29:25', NULL, 'AP202507240001', 'SUDAH DIVERIFIKASI', 'DISETUJUI', 'OK', 2, 2, NULL, NULL, 282144600, NULL, NULL, NULL, NULL, NULL, NULL, NULL, NULL, NULL, '2025-07-24 11:27:27', 'superadmin', '2025-07-24 11:29:25', 'superadmin', 1);

-- Dumping structure for table budgeting.verification_detail
CREATE TABLE IF NOT EXISTS `verification_detail` (
  `idverification_detail` bigint NOT NULL AUTO_INCREMENT,
  `idverification` int NOT NULL,
  `idtransaction` int DEFAULT NULL,
  `created` datetime DEFAULT NULL,
  `createdby` varchar(50) CHARACTER SET utf8mb4 COLLATE utf8mb4_general_ci DEFAULT NULL,
  `updated` datetime DEFAULT NULL,
  `updatedby` varchar(50) CHARACTER SET utf8mb4 COLLATE utf8mb4_general_ci DEFAULT NULL,
  `status` int DEFAULT '1',
  PRIMARY KEY (`idverification_detail`) USING BTREE,
  KEY `idverification` (`idverification`),
  KEY `idtransaction` (`idtransaction`),
  KEY `status` (`status`),
  CONSTRAINT `FK_transaction_detail_verification` FOREIGN KEY (`idverification`) REFERENCES `verification` (`idverification`) ON DELETE CASCADE ON UPDATE CASCADE
) ENGINE=InnoDB AUTO_INCREMENT=87 DEFAULT CHARSET=utf8mb4 COLLATE=utf8mb4_general_ci ROW_FORMAT=DYNAMIC;

-- Dumping data for table budgeting.verification_detail: ~9 rows (approximately)
INSERT INTO `verification_detail` (`idverification_detail`, `idverification`, `idtransaction`, `created`, `createdby`, `updated`, `updatedby`, `status`) VALUES
	(76, 20, 15, '2025-07-17 09:06:17', 'administrator', '2025-07-17 09:06:17', 'administrator', 1),
	(77, 20, 16, '2025-07-17 09:06:27', 'administrator', '2025-07-17 09:06:27', 'administrator', 1),
	(78, 21, 10, '2025-07-17 09:15:11', 'administrator', '2025-07-17 09:15:12', 'administrator', 1),
	(79, 22, 7, '2025-07-17 11:06:54', 'superadmin', '2025-07-17 11:08:49', 'superadmin', 1),
	(80, 23, 7, '2025-07-17 11:09:55', 'superadmin', '2025-07-17 11:10:18', 'superadmin', 1),
	(81, 23, 9, '2025-07-17 11:09:59', 'superadmin', '2025-07-17 11:10:00', 'superadmin', 1),
	(82, 23, 15, '2025-07-17 11:10:08', 'superadmin', '2025-07-17 11:10:09', 'superadmin', 1),
	(83, 24, 6, '2025-07-17 11:12:56', 'superadmin', '2025-07-17 11:12:56', 'superadmin', 1),
	(84, 25, 7, '2025-07-17 11:24:33', 'superadmin', '2025-07-17 11:24:33', 'superadmin', 1),
	(85, 26, 20, '2025-07-19 10:43:46', 'realisasi', '2025-07-19 10:43:47', 'realisasi', 1),
	(86, 27, 21, '2025-07-24 11:27:27', 'superadmin', '2025-07-24 11:27:28', 'superadmin', 1);

/*!40103 SET TIME_ZONE=IFNULL(@OLD_TIME_ZONE, 'system') */;
/*!40101 SET SQL_MODE=IFNULL(@OLD_SQL_MODE, '') */;
/*!40014 SET FOREIGN_KEY_CHECKS=IFNULL(@OLD_FOREIGN_KEY_CHECKS, 1) */;
/*!40101 SET CHARACTER_SET_CLIENT=@OLD_CHARACTER_SET_CLIENT */;
/*!40111 SET SQL_NOTES=IFNULL(@OLD_SQL_NOTES, 1) */;
